index,sequence,flags,timestamp_valid,frame_ms,dequeue_ms,output_ms,read_ms,copy_ms,dispatch_wait_ms,worker_wait_ms,preprocess_ms,npu_ms,postprocess_ms,gmc_ms,association_ms,read_to_output_ms,frame_to_output_ms,ready_ms,dispatch_ms
0,0,8193,1,807161.59499999997,807168.97475699999,807201.65396899998,106.113011,0.9808750000083819,0.00087500002700835466,2.77725099993404,2.3242919999999998,26.236878000000001,0.214084,2.5827089999999999,0.028875000000000001,137.76263900000001,40.058969000005163,807170.004632,807170.00550700002
1,1,8193,1,807169.93500000006,807177.31584199995,807207.07371999999,8.3658760000000001,1.0336660000029951,0.00058300001546740532,0.065624999930150807,2.4593340000000001,25.897086000000002,0.22079199999999999,3.6717919999999999,0.018082999999999998,37.043421000000002,37.13871999992989,807178.396175,807178.39675800002
2,2,8193,1,807178.26599999995,807185.66713399999,807209.160011,8.4128340000000001,1.1165000000037253,0.00087500002700835466,0.016040999908000231,2.5281669999999998,19.554793,0.19891700000000001,3.590417,0.013709000000000001,30.743418999999999,30.894011000054888,807186.82942600001,807186.83030100004
3,3,8193,1,807186.61800000002,807201.77471899998,807234.49155599996,1.1990419999999999,1.143625000026077,0.00087500002700835466,0.067374999984167516,1.9366669999999999,29.275169000000002,0.20125000000000001,4.2154590000000001,0.016625000000000001,32.720044999999999,47.873555999947712,807202.97055199998,807202.97142700001
4,4,8193,1,807194.89199999999,807207.12417800003,807234.80801399995,1.5475840000000001,1.4904170000227168,0.00029100000392645597,0.063292000093497336,1.837208,23.691210999999999,0.201541,3.2897090000000002,0.0075830000000000003,27.687628,39.916013999958523,807208.66796999995,807208.66826099996
5,5,8193,1,807203.21799999999,807210.67463699996,807235.31376399996,2.5760010000000002,1.0535000000381842,0.00058299989905208349,0.012542000040411949,1.864333,21.439252,0.198042,2.9286249999999998,0.0067080000000000004,26.110878,32.095763999968767,807211.77888700005,807211.77946999995
6,7,8193,1,807219.94400000002,807234.59363899997,807264.18264200003,1.2255830000000001,1.1328330000396818,0.00029200001154094934,2.8784580000210553,2.0125000000000002,23.267419,0.22020899999999999,2.7200829999999998,0.016917000000000001,29.636835999999999,44.238642000011168,807235.771389,807235.77168100001
7,8,8193,1,807228.23699999996,807235.78363900003,807267.81330899999,0.42787500000000001,0.38091700000222772,0.00029100000392645597,2.4214170000050217,1.9818750000000001,26.298127999999998,0.202125,2.9347500000000002,0.0090419999999999997,32.032003000000003,39.576309000025503,807236.20918100001,807236.20947200002
8,9,8193,1,807236.59400000004,807243.99114000006,807267.95418400003,5.9027500000000002,0.45004199992399663,0.00058400002308189869,0.014290999970398843,1.826708,20.911628,0.19483300000000001,2.8746670000000001,0.0072919999999999999,29.369961,31.360183999990113,807244.48697299999,807244.48755700001
9,11,8193,1,807253.22499999998,807264.27159999998,807296.07872800005,0.572542,0.48358400003053248,0.00029100000392645597,3.1368759999750182,1.853542,26.053711,0.19804099999999999,2.8691249999999999,0.017500000000000002,31.851461,42.853728000074625,807264.79980899999,807264.80009999999
10,12,8193,1,807261.59499999997,807268.98551699996,807300.44906200003,1.563042,0.37479200004599988,0.00029100000392645597,2.8630010000197217,1.8628750000000001,26.030377999999999,0.21116599999999999,2.7708330000000001,0.0087500000000000008,32.607461999999998,38.854062000056729,807269.40435099998,807269.40464199998
11,13,8193,1,807269.93500000006,807277.32864299999,807300.77922899998,8.3897929999999992,0.43312499998137355,0.00029100000392645597,0.011959000024944544,1.8138749999999999,20.927669000000002,0.200375,2.860376,0.0067080000000000004,31.361462,30.844228999922052,807277.807852,807277.808143
12,15,8193,1,807286.598,807296.18022800004,807323.97402299999,0.61804199999999998,0.52820900001097471,0.00029100000392645597,0.05658400000538677,1.8576250000000001,25.055336,0.207958,3.0222500000000001,0.024791000000000001,27.837835999999999,37.3760229999898,807296.75422899995,807296.75451999996
13,16,8193,1,807294.92700000003,807302.29093699995,807329.01577299996,2.2537090000000002,0.40454200003296137,0,0.057749999919906259,1.848875,24.129877,0.21787500000000001,2.8866260000000001,0.0078750000000000001,28.530836000000001,34.088772999937646,807302.73864600004,807302.73864600004
14,17,8193,1,807303.26100000006,807310.61831299996,807334.52419100003,8.3550850000000008,0.44012500008102506,0.00029100000392645597,0.012541999923996627,1.816792,21.295169000000001,0.22604199999999999,2.8358750000000001,0.0096249999999999999,31.775628999999999,31.263190999976359,807311.10364700004,807311.10393800004
15,18,8193,1,807311.59499999997,807324.08660599997,807352.88344300003,0.47687499999999999,0.41824999998789281,0.00029200001154094934,0.075249999994412065,1.945125,26.061002999999999,0.21145900000000001,2.970917,0.020708000000000001,28.810545000000001,41.28844300005585,807324.54977299995,807324.55006499996
16,19,8193,1,807319.94299999997,807329.12019000005,807360.85352700006,0.514208,0.45179199997801334,0.00058400002308189869,2.7413749999832362,1.892625,26.368711000000001,0.19570799999999999,2.7054999999999998,0.0081670000000000006,31.748795000000001,40.910527000087313,807329.61893999996,807329.61952399998
17,20,8193,1,807328.26199999999,807335.63514899998,807360.88881799998,1.521916,0.45004200004041195,0.00058400002308189869,0.011375000001862645,1.8316669999999999,21.208835000000001,0.234208,2.8624170000000002,0.0029169999999999999,26.279751999999998,32.626817999989726,807336.13098200003,807336.13156600005
18,22,8193,1,807344.89399999997,807352.98260900006,807379.28248699999,0.56000000000000005,0.46491699991747737,0.00029200001154094934,0.078166999970562756,1.9390000000000001,23.519711000000001,0.214084,2.8495840000000001,0.016333,26.349753,34.388487000018358,807353.49273399997,807353.49302599998
19,23,8193,1,807353.22499999998,807360.89815200004,807385.07294600003,0.40279199999999998,0.34912499994970858,0.081374999950639904,0.011375000001862645,1.8517920000000001,21.550961000000001,0.21379200000000001,2.8352919999999999,0.0081670000000000006,24.185002999999998,31.847946000052616,807361.29073500005,807361.37211
20,24,8193,1,807361.59499999997,807369.00998600002,807401.16653100005,8.1165009999999995,0.4409999999916181,0.00029200001154094934,0.065333000035025179,1.8792089999999999,29.478460999999999,0.21262500000000001,2.8559999999999999,0.018667,39.787129,39.57153100008145,807369.49561099999,807369.495903
21,25,8193,1,807369.93500000006,807379.33994500001,807407.31690600002,0.54920800000000003,0.48999999999068677,0.00058299989905208349,0.018084000097587705,1.8862080000000001,25.305002999999999,0.20708299999999999,2.856001,0.0081670000000000006,27.989502000000002,37.381905999965966,807379.87661200005,807379.87719499995
22,26,8193,1,807378.27599999995,807385.64315400005,807410.41557299998,0.967167,0.43312499998137355,0.00029199989512562752,0.011083000106737018,1.825542,22.240752000000001,0.19950000000000001,3.0231249999999998,0.0067080000000000004,25.260961000000002,32.13957300002221,807386.12207100005,807386.12236299994
23,27,8193,1,807386.59699999995,807401.21640599996,807430.36907500005,1.104541,1.0473750000819564,0.00058400002308189869,0.061832999926991761,1.855583,25.843419999999998,0.21087500000000001,3.0248750000000002,0.014,29.161418999999999,43.772075000102632,807402.31219700002,807402.31278100004
24,28,8193,1,807394.90300000005,807407.38836500002,807432.71086700005,0.53433399999999998,0.47979100001975894,0.00029100000392645597,0.062708999961614609,1.8967080000000001,22.590168999999999,0.19716700000000001,2.8387920000000002,0.030917,25.328336,37.807866999995895,807407.91686500004,807407.91715600004
25,29,8193,1,807403.26100000006,807410.66028199997,807440.09878500004,0.61862499999999998,0.44595800002571195,0.00058300001546740532,2.8717510000569746,1.887084,23.933878,0.21962499999999999,2.8428749999999998,0.01925,29.567419999999998,36.837784999981523,807411.14998999995,807411.15057299996
26,31,8193,1,807419.91099999996,807430.46124199999,807459.36337000004,0.56816599999999995,0.47658300003968179,0.00058299989905208349,0.073792000068351626,1.8176669999999999,26.239502000000002,0.20883299999999999,3.0059170000000002,0.019833,28.947918999999999,39.452370000071824,807430.98361700005,807430.98419999995
27,32,8193,1,807428.23400000005,807435.67099200003,807463.64182899997,3.3976250000000001,0.45704200002364814,0.00087500002700835466,0.062708000070415437,1.8935,25.266794000000001,0.21437500000000001,3.076209,0.012833000000000001,30.865628000000001,35.407828999916092,807436.17382599995,807436.17470099998
28,33,8193,1,807436.60400000005,807444.00624300004,807467.85728700005,4.3881249999999996,0.47920900001190603,0.00029200001154094934,0.012249999912455678,1.822333,21.208252000000002,0.20416599999999999,2.9881250000000001,0.014291999999999999,27.715336000000001,31.253286999999546,807444.52978500002,807444.53007700003
29,34,8193,1,807444.89300000004,807459.51211999997,807486.43266399996,0.52470899999999998,0.4666670000879094,0.00029200001154094934,0.01195800001733005,1.875416,24.227585999999999,0.20591699999999999,2.9907499999999998,0.017500000000000002,26.931045000000001,41.539663999923505,807460.02632800001,807460.02662000002
30,35,8193,1,807453.228,807463.714454,807491.99445600004,0.55912499999999998,0.49991599994245917,0.00029100000392645597,0.058333999942988157,1.9282090000000001,25.493418999999999,0.205625,3.0350830000000002,0.015167,28.292252000000001,38.766456000041217,807464.261329,807464.26162
31,36,8193,1,807461.59499999997,807468.990704,807492.83299799997,1.4819580000000001,0.39404200005810708,0.00029199989512562752,0.010500000091269612,1.900792,21.216418999999998,0.20766699999999999,2.9887090000000001,0.0084589999999999995,24.885002,31.237997999996878,807469.42995400005,807469.43024599995
32,38,8193,1,807478.26199999999,807486.53883099998,807515.30620899994,0.63612500000000005,0.53666700003668666,0.00029200001154094934,0.055707999970763922,1.8576250000000001,26.022210999999999,0.21262500000000001,2.8950830000000001,0.017500000000000002,28.821045000000002,37.044208999956027,807487.12128900003,807487.12158100004
33,39,8193,1,807486.60199999996,807493.99704000005,807519.09525100002,2.3759169999999998,0.37916699994821101,0.00029100000392645597,0.05775000003632158,1.866376,22.525418999999999,0.20066700000000001,2.791833,0.0081659999999999996,27.050919,32.493251000065356,807494.41995699995,807494.42024799995
34,40,8193,1,807494.93299999996,807502.33549900004,807528.60183499998,8.3915419999999994,0.44595899991691113,0.00087500002700835466,0.012541999923996627,1.8380829999999999,23.677793999999999,0.20708299999999999,2.8408329999999999,0.017208000000000001,34.168461000000001,33.668835000018589,807502.824624,807502.82549900003
35,41,8193,1,807503.28000000003,807515.36950100004,807542.31862799998,0.49408400000000002,0.44449999998323619,0,0.05279099999461323,1.9215,24.247419000000001,0.202125,3.3547500000000001,0.020125000000000001,26.954086,39.038627999951132,807515.858626,807515.858626
36,42,8193,1,807511.55599999998,807519.12587600003,807547.80546199996,0.483292,0.43312499998137355,0.00029100000392645597,0.014583999989554286,1.8442080000000001,26.062169000000001,0.201542,2.886917,0.014291999999999999,28.685711000000001,36.249461999977939,807519.60304299998,807519.60333399998
37,43,8193,1,807519.94400000002,807528.70508500002,807552.85362900002,0.451791,0.39929199998732656,0.00029200001154094934,0.014000000082887709,1.8570409999999999,21.609293999999998,0.19687499999999999,2.895667,0.013125,24.157585000000001,32.909629000001587,807529.14783499995,807529.14812699996
38,44,8193,1,807528.23699999996,807542.37841999996,807568.44992299995,0.50954200000000005,0.45208299998193979,0.00029100000392645597,0.012250000028871,1.8899999999999999,23.428127,0.206208,2.8603749999999999,0.016334000000000001,26.07967,40.212922999984585,807542.88008699997,807542.88037799997
39,45,8193,1,807536.59999999998,807547.86029500002,807573.855965,0.48154200000000003,0.4223340000025928,0.00029099988751113415,0.061834000051021576,1.906625,23.318753000000001,0.2135,2.8682500000000002,0.0099170000000000005,26.008503000000001,37.255965000018477,807548.32900400006,807548.32929499994
40,46,8193,1,807544.92000000004,807552.91837900004,807576.90154800005,0.50691600000000003,0.45062499993946403,0.00029200001154094934,0.011667000013403594,1.9748749999999999,21.205335000000002,0.21379100000000001,2.8402509999999999,0.015167,23.991043999999999,31.981548000010662,807553.41712899995,807553.41742099996
41,47,8193,1,807553.28300000005,807568.56454799999,807594.10754999996,0.47745799999999999,0.41970800003036857,0.00029200001154094934,0.056582999997772276,1.9355,22.834585000000001,0.202125,3.055501,0.025375000000000002,25.553794,40.824549999902956,807569.03150599997,807569.03179799998
42,48,8193,1,807561.60699999996,807573.927715,807598.53971699998,0.53491699999999998,0.47454099997412413,0.00029100000392645597,0.064459000015631318,1.8841669999999999,21.856044000000001,0.20854200000000001,3.0295420000000002,0.0081659999999999996,24.625419000000001,36.932717000017874,807574.44921500003,807574.44950600003
43,49,8193,1,807569.90500000003,807577.33613199997,807606.573676,0.88695900000000005,0.45208299998193979,0.00058300001546740532,2.6751669999212027,1.9226669999999999,23.906752999999998,0.202709,2.6375419999999998,0.018374999999999999,29.628378000000001,36.668675999972038,807577.83225700003,807577.83284000005
44,51,8193,1,807586.56499999994,807594.25250800001,807620.33742800006,0.54220800000000002,0.44887500000186265,0.00058300001546740532,0.063583999988622963,1.867251,23.413253000000001,0.21612500000000001,2.8005840000000002,0.016042000000000001,26.136835999999999,33.772428000112996,807594.74280000001,807594.74338300002
45,52,8193,1,807594.93000000005,807602.32875900005,807630.156387,4.2644580000000003,0.46345899999141693,0.00058400002308189869,0.068541000015102327,1.8975839999999999,25.102585999999999,0.21962499999999999,2.9744169999999999,0.011375,31.581961,35.226386999944225,807602.83888399997,807602.83946799999
46,53,8193,1,807603.26800000004,807610.67946799996,807634.51972099999,4.4738749999999996,0.45266700000502169,0,0.012250000028871,1.801042,21.244710000000001,0.21320900000000001,2.9166669999999999,0.014583,27.819752999999999,31.251720999949612,807611.17413499998,807611.17413499998
47,54,8193,1,807611.59999999998,807620.39196899999,807649.95355600002,0.45850000000000002,0.40599999995902181,0.00029200001154094934,0.069707999937236309,1.8949590000000001,26.894295,0.21029200000000001,3.1981250000000001,0.018667,29.570336999999999,38.353556000045501,807620.84171900002,807620.84201100003
48,55,8193,1,807619.94099999999,807630.21296999999,807658.38855699997,0.52500000000000002,0.46374999999534339,0.00058300001546740532,0.051916999975219369,1.8859170000000001,25.477668999999999,0.19541700000000001,2.7673329999999998,0.032083,28.186378000000001,38.447556999977678,807630.72717900004,807630.72776200005
49,56,8193,1,807628.22999999998,807635.67355399998,807660.30597300001,1.4851669999999999,0.37770900002215058,0.00029200001154094934,0.013707999954931438,1.900792,22.066627,0.199791,2.951667,0.014,25.697293999999999,32.075973000028171,807636.09384600003,807636.09413800004
50,57,8193,1,807636.60900000005,807650.02238900005,807681.904476,0.47249999999999998,0.41620799992233515,0.00058300001546740532,0.05308300000615418,1.8293330000000001,29.287420000000001,0.205041,3.0155419999999999,0.024792000000000002,31.893170000000001,45.295475999941118,807650.48380599997,807650.48438899999
51,58,8193,1,807644.929,807658.45797300001,807684.07535099995,0.53783300000000001,0.48358400003053248,0.00029200001154094934,0.057166000013239682,1.9635,22.846544000000002,0.20300000000000001,2.8589169999999999,0.0037919999999999998,25.625544000000001,39.146350999944843,807658.98763999995,807658.98793199996
52,59,8193,1,807653.22400000005,807660.65684800001,807689.65551800001,0.89687499999999998,0.54016700002830476,0.00029100000392645597,0.012250000028871,1.848292,26.273336,0.204458,2.8020420000000001,0.014583,29.311336000000001,36.431517999968491,807661.24105700001,807661.24134800001
53,61,8193,1,807669.93200000003,807681.99635100004,807708.40443700005,0.63320799999999999,0.53929099999368191,0.00029199989512562752,0.063583000097423792,1.8564579999999999,23.611585999999999,0.20708299999999999,2.7813330000000001,0.018957999999999999,26.456211,38.472437000018544,807682.58143400005,807682.58172599995
54,62,8193,1,807678.26199999999,807685.66960100003,807711.97560400004,2.0177510000000001,0.45091699995100498,0.00058300001546740532,0.062999999965541065,1.840417,22.982752000000001,0.205626,2.9207510000000001,0.015167,27.822962,33.713604000047781,807686.17039300001,807686.17097600002
55,63,8193,1,807686.60400000005,807694.01535200002,807717.85502100002,4.7077920000000004,0.40658299997448921,0.00029199989512562752,0.0093340000603348017,1.9188750000000001,21.178794,0.206208,2.9609999999999999,0.011375,28.09742,31.251020999974571,807694.46539300005,807694.46568499994
56,64,8193,1,807694.93599999999,807708.52693699999,807737.70293999999,0.53229199999999999,0.47191600000951439,0.00058299989905208349,2.9615840000333264,1.936666,23.504543999999999,0.215834,2.7787090000000001,0.020417000000000001,29.189712,42.766940000001341,807709.04552000004,807709.04610299994
57,65,8193,1,807703.223,807712.02314499998,807742.72806500003,0.49145800000000001,0.43691699998453259,0.00029100000392645597,0.054541999939829111,1.959417,27.936419000000001,0.202125,3.1269589999999998,0.01225,30.713086000000001,39.505065000033937,807712.50672900002,807712.50702000002
58,66,8193,1,807711.59600000002,807718.99077100004,807742.76773199998,1.5671250000000001,0.46608299994841218,0.00029200001154094934,0.011666000005789101,1.8074589999999999,20.275501999999999,0.21087500000000001,2.994542,0.003209,24.833086000000002,31.171731999958865,807719.50177099998,807719.50206299999
59,68,8193,1,807728.26599999995,807737.790148,807763.80740000005,0.57808300000000001,0.48795800004154444,0.00029200001154094934,0.060958000016398728,1.8794999999999999,23.300377000000001,0.20912500000000001,2.8670840000000002,0.014,26.061001999999998,35.541400000103749,807738.32477299997,807738.32506499998
60,69,8193,1,807736.59600000002,807743.99360699998,807770.84269299998,1.6610419999999999,0.39929199998732656,0.00029200001154094934,2.8306249999441206,1.8141670000000001,21.536669,0.20241700000000001,2.7941669999999998,0.0099159999999999995,28.068252999999999,34.24669299996458,807744.43518999999,807744.435482
61,70,8193,1,807744.93099999998,807752.34810800001,807779.31590199994,8.4067089999999993,0.45908299996517599,0.00029200001154094934,0.066500000073574483,1.9649589999999999,24.179169000000002,0.21262500000000001,2.8831259999999999,0.018665999999999999,34.871087000000003,34.384901999961585,807752.85181599995,807752.85210799996
62,71,8193,1,807753.24399999995,807763.91823399998,807793.36169499997,0.53462600000000005,0.47512499999720603,0.00058299989905208349,0.080208000028505921,1.882708,26.693335999999999,0.230708,2.982583,0.011958,29.45542,40.11769500002265,807764.44090100005,807764.44148399995
63,72,8193,1,807761.60499999998,807770.96635999996,807794.89148700004,0.46899999999999997,0.40775000001303852,0.00058400002308189869,0.01195800001733005,1.958834,21.283794,0.19454199999999999,3.0403340000000001,0.0037919999999999998,23.939710999999999,33.286487000063062,807771.42077600001,807771.42136000004
64,73,8193,1,807769.90500000003,807779.370444,807811.10173899995,0.50895900000000005,0.4526659999974072,0.00058300001546740532,0.01633299991954118,1.869583,29.115044999999999,0.204458,2.9108339999999999,0.0078750000000000001,31.741212000000001,41.196738999919035,807779.86919400003,807779.86977700004
65,74,8193,1,807778.24100000004,807793.43198700005,807820.25161399995,0.479792,0.41970799991395324,0.00058300001546740532,0.05629199999384582,1.8762920000000001,24.165168999999999,0.22720899999999999,2.7924169999999999,0.0087500000000000008,26.831294,42.010613999911584,807793.90011199994,807793.90069499996
66,75,8193,1,807786.56499999994,807794.92065400002,807821.671156,0.44012499999999999,0.38674999994691461,0.00029100000392645597,0.022458999999798834,1.8990419999999999,24.181795000000001,0.19716700000000001,2.7174589999999998,0.006417,26.758376999999999,35.106156000052579,807795.35290399997,807795.35319499997
67,77,8193,1,807803.26000000001,807811.22277999995,807839.11369999999,0.48504199999999997,0.38762500009033829,0.00029199989512562752,0.060958000016398728,1.9188750000000001,25.226835999999999,0.20999999999999999,2.8609589999999998,0.018082999999999998,27.943128000000002,35.853699999977835,807811.65590500005,807811.65619699995
68,78,8193,1,807811.60100000002,807820.29740599997,807846.25836700003,0.45850000000000002,0.40045900002587587,0.00029200001154094934,0.067957999999634922,1.850916,23.335668999999999,0.21379200000000001,2.765876,0.016917000000000001,25.972919000000001,34.657367000007071,807820.74394800002,807820.74424000003
69,79,8193,1,807819.89399999997,807827.32803199999,807854.43670099997,6.0870839999999999,0.42204199999105185,0.00058400002308189869,0.01049999997485429,1.8071660000000001,24.535294,0.21087500000000001,2.857167,0.016042000000000001,32.726754,34.542700999998488,807827.79674000002,807827.79732400004
70,80,8193,1,807828.26500000001,807839.16590799997,807865.14611900004,0.589167,0.53287500003352761,0.00029200001154094934,0.013999999966472387,1.8806670000000001,23.251669,0.21233299999999999,2.8953760000000002,0.023333,25.991002999999999,36.881119000026956,807839.74428300001,807839.74457500002
71,81,8193,1,807836.58799999999,807846.31057500001,807874.99745300005,0.48066700000000001,0.4264170000096783,0.00029200001154094934,0.060082999989390373,1.8984589999999999,26.019293999999999,0.20533299999999999,3.0266250000000001,0.015167,28.695920000000001,38.40945300005842,807846.78220000002,807846.78249200003
72,82,8193,1,807844.929,807854.49911800004,807878.93728700001,0.51975000000000005,0.46520799992140383,0.00029100000392645597,0.020417000050656497,1.844792,21.793043999999998,0.200958,2.9175420000000001,0.0096249999999999999,24.446626999999999,34.008287000004202,807855.01040999999,807855.01070099999
73,83,8193,1,807853.22499999998,807865.21524399996,807894.11416400003,0.52995800000000004,0.4695830000564456,0.00029200001154094934,0.064165999996475875,1.8940840000000001,26.180586000000002,0.20824999999999999,2.8886669999999999,0.016333,28.910878,40.889164000051096,807865.733244,807865.73353600001
74,84,8193,1,807861.55900000001,807875.048495,807904.11279000004,0.50429199999999996,0.44741699995938689,0.00058300001546740532,0.053958000033162534,1.9028339999999999,26.373377999999999,0.20125000000000001,2.8562919999999998,0.01575,29.07217,42.553790000034496,807875.54491199995,807875.54549499997
75,85,8193,1,807869.897,807878.98716200003,807904.15391500003,0.54833299999999996,0.48883299995213747,0.00029200001154094934,0.012250000028871,1.9372510000000001,21.565252000000001,0.20649999999999999,2.9522499999999998,0.0029169999999999999,25.177253,34.256915000034496,807879.52499499999,807879.525287
76,87,8193,1,807886.61300000001,807894.21507999999,807920.18275000004,0.53958300000000003,0.4409999999916181,0.00058300001546740532,0.063291999977082014,1.9089579999999999,23.251961000000001,0.219334,2.8577499999999998,0.019542,26.020168999999999,33.569750000024214,807894.70187200001,807894.70245500002
77,88,8193,1,807894.93200000003,807904.27379000001,807931.14212600002,0.44683400000000001,0.39199999999254942,0.00029100000392645597,0.019834000035189092,1.869,24.255586000000001,0.21058399999999999,2.8498749999999999,0.01225,26.877378,36.210125999990851,807904.71129000001,807904.71158100001
78,89,8193,1,807903.26399999997,807910.66858199995,807936.949501,6.4367919999999996,0.4509170000674203,0.0020419999491423368,0.064750000019557774,1.826125,23.602836,0.203291,2.9332919999999998,0.01575,32.217210999999999,33.685501000029035,807911.16908200004,807911.17112399999
79,90,8193,1,807911.59900000005,807920.27841599996,807946.97641899996,0.51100000000000001,0.45150000008288771,0.00029200001154094934,0.024207999929785728,1.8725000000000001,24.011752999999999,0.20824999999999999,3.0549170000000001,0.013417,26.709085999999999,35.377418999909423,807920.77833300002,807920.77862500004
80,91,8193,1,807919.93599999999,807931.19025099999,807954.97100300004,0.53287499999999999,0.47804099996574223,0.00029100000392645597,0.011667000013403594,1.9229590000000001,21.079335,0.214666,2.9379590000000002,0.014,23.789794000000001,35.03500300005544,807931.71437599999,807931.71466699999
81,92,8193,1,807928.26500000001,807937.01308499998,807966.22350399999,0.46375,0.39666600001510233,0.00058399990666657686,0.068833000026643276,1.894083,26.557127999999999,0.21145800000000001,2.974126,0.015167,29.226752999999999,37.958503999980167,807937.46050100005,807937.46108499996
82,93,8193,1,807936.59100000001,807947.02541899995,807979.15892199997,0.450625,0.39754200004972517,0.00029200001154094934,0.057457999908365309,1.8844590000000001,29.522794999999999,0.20183300000000001,2.8387920000000002,0.0043750000000000004,32.139919999999996,42.567921999958344,807947.46962700004,807947.46991900005
83,94,8193,1,807944.88800000004,807955.09467000002,807979.19975499995,0.49204100000000001,0.4375,0.00029200001154094934,0.013999999966472387,1.834876,21.269794000000001,0.19950000000000001,2.891292,0.0061250000000000002,24.114709999999999,34.311754999915138,807955.577086,807955.57737800002
84,95,8193,1,807953.25399999996,807966.27542099997,807992.93550699996,0.496417,0.43779200001154095,0.00058400002308189869,0.085165999946184456,1.8514999999999999,23.988128,0.214084,2.868833,0.014874999999999999,26.669419000000001,39.681507000001147,807966.76250399998,807966.76308800001
85,97,8193,1,807969.897,807979.24700500001,808002.99188300001,0.50924999999999998,0.41125000000465661,0.00029200001154094934,0.0096250000642612576,1.8089170000000001,21.197752000000001,0.205625,2.881084,0.010792,23.800003,33.094883000012487,807979.70112999994,807979.70142199995
86,98,8193,1,807978.26300000004,807985.64617299999,808011.08942500001,6.5053340000000004,0.52587500005029142,0.00087500002700835466,0.060082999989390373,1.9279170000000001,22.584336,0.21058299999999999,2.9414579999999999,0.015459000000000001,31.375170000000001,32.826424999977462,807986.219881,807986.22075600002
87,99,8193,1,807986.62199999997,807994.00854900002,808022.83980099997,1.5187090000000001,0.4415830000070855,0.00058299989905208349,0.013125000055879354,1.9264589999999999,26.159877000000002,0.21174999999999999,3.0123340000000001,0.015166000000000001,29.862877999999998,36.217800999991596,807994.49592400005,807994.49650699995
88,100,8193,1,807994.91500000004,808003.04409099999,808027.52775999997,0.450042,0.39170899998862296,0.00029100000392645597,0.011375000001862645,1.9384159999999999,21.863336,0.20474999999999999,2.8723339999999999,0.0087500000000000008,24.493002000000001,32.612759999930859,808003.48479999998,808003.48509099998
89,101,8193,1,808003.26399999997,808011.145425,808038.43055299995,0.42845899999999998,0.37595899996813387,0.00029100000392645597,0.05658400000538677,1.876584,24.681419000000002,0.21670900000000001,2.7259169999999999,0.014291,27.292128000000002,35.166552999988198,808011.56688399997,808011.56717499997
90,102,8193,1,808011.59999999998,808022.89200999995,808054.70526299998,0.60112500000000002,0.54570800007786602,0,0.087500000023283064,1.895834,29.010919000000001,0.201542,2.7833760000000001,0.010500000000000001,31.822002999999999,43.105263000004925,808023.48467699997,808023.48467699997
91,103,8193,1,808019.93000000005,808027.56830200006,808054.75426299998,0.47804099999999999,0.4176669999724254,0.00058400002308189869,0.0093329999363049865,1.8468329999999999,21.205627,0.20970900000000001,2.7629589999999999,0.0029169999999999999,27.197044000000002,34.824262999929488,808028.03526000003,808028.03584400006
92,104,8193,1,808028.27000000002,808038.49647000001,808063.60372200003,0.52733300000000005,0.47483299998566508,0.00029200001154094934,0.05162499996367842,1.8672500000000001,22.377835999999999,0.20766599999999999,2.9017919999999999,0.014584,25.114543999999999,35.333722000010312,808039.01651099999,808039.01680300001
93,106,8193,1,808044.93200000003,808054.80122100003,808083.02055799996,0.49408400000000002,0.40045900002587587,0.00029100000392645597,2.7670419999631122,1.8412919999999999,22.931711,0.20533299999999999,2.734375,0.013417,28.269794999999998,38.088557999930345,808055.24455499998,808055.24484599999
94,107,8193,1,808053.25699999998,808060.65963899996,808089.47135000001,5.8835009999999999,0.44187500001862645,0.00058300001546740532,0.072042000014334917,1.873667,26.138002,0.20854200000000001,2.8554170000000001,0.01575,34.208129,36.214350000023842,808061.14701399999,808061.147597
95,108,8193,1,808061.56700000004,808068.99897299998,808095.12618400005,5.8356680000000001,0.4409999999916181,0.00058300001546740532,0.058332999935373664,1.864042,23.442419000000001,0.19775000000000001,2.9659589999999998,0.015458,31.47842,33.559184000012465,808069.48314000003,808069.48372300004
96,109,8193,1,808069.89300000004,808083.07364099997,808108.31593499996,0.56845800000000002,0.51829200005158782,0,0.0087499999208375812,1.882125,22.503252,0.203291,2.929792,0.013416000000000001,25.247252,38.42293499992229,808083.63743300003,808083.63743300003
97,110,8193,1,808078.26399999997,808089.52910000004,808119.05335299997,0.56291599999999997,0.50545799999963492,0.00029200001154094934,0.012832999927923083,1.934917,26.782585999999998,0.20824999999999999,2.9160840000000001,0.01575,29.533586,40.789353000000119,808090.08268300002,808090.08297500003
98,111,8193,1,808086.59900000005,808095.18130900001,808121.64743600006,0.44741599999999998,0.39054099994245917,0.00058400002308189869,0.073500000056810677,1.935792,23.053044,0.206792,2.9303759999999999,0.0055420000000000001,26.477211,35.048436000011861,808095.61734999996,808095.61793399998
99,112,8193,1,808094.89899999998,808108.37776800001,808134.943646,0.521208,0.46666699997149408,0.00029200001154094934,0.01195800001733005,1.8374999999999999,23.954294000000001,0.206792,2.7941669999999998,0.013416000000000001,26.574919000000001,40.044646000023931,808108.88993499998,808108.890227
100,114,8193,1,808111.58700000006,808119.15456099994,808146.38310600002,0.56000000000000005,0.46929200005251914,0.00029200001154094934,0.011375000001862645,1.8558749999999999,24.568252999999999,0.23858399999999999,2.8151670000000002,0.017791999999999999,27.275210999999999,34.796105999965221,808119.66818599997,808119.66847799998
101,115,8193,1,808119.94200000004,808127.31947900006,808153.49306500005,6.0990419999999999,0.40599999995902181,0.00029200001154094934,0.064750000019557774,1.8552919999999999,23.480626999999998,0.219333,2.9085000000000001,0.018082999999999998,31.821712000000002,33.551065000006929,808127.770395,808127.77068700001
102,116,8193,1,808128.26599999995,808135.68214599998,808160.32798199996,1.102792,0.43633399996906519,0.00029200001154094934,0.011667000013403594,1.8701669999999999,21.994878,0.20533399999999999,2.904417,0.016333,25.269127999999998,32.061982000013813,808136.16164599999,808136.161938
103,117,8193,1,808136.60999999999,808146.44581399998,808172.85127500002,0.52762500000000001,0.46579200006090105,0.00058300001546740532,0.070291999960318208,1.917125,23.642503000000001,0.224,2.9114170000000001,0.016333,26.419169,36.241275000036694,808146.959439,808146.96002200001
104,118,8193,1,808144.91700000002,808153.55285600002,808179.71798399999,0.55737499999999995,0.50487499998416752,0.0037909999955445528,0.06212499993853271,1.882125,23.405669,0.21904199999999999,2.9933749999999999,0.012541999999999999,26.172419000000001,34.800983999972232,808154.10294000001,808154.10673100001
105,119,8193,1,808153.25699999998,808160.67739900004,808184.91840099997,0.75220799999999999,0.45383299991954118,0.00029200001154094934,0.015167000005021691,1.868709,21.579543000000001,0.19833300000000001,2.864751,0.014874999999999999,24.495919000000001,31.661400999990292,808161.17469000001,808161.17498200003
106,120,8193,1,808161.61600000004,808172.90844200004,808200.42719399999,0.52675000000000005,0.46666599996387959,0.00029200001154094934,0.052207999979145825,1.894083,24.769794000000001,0.20883299999999999,2.8443329999999998,0.014291,27.529836,38.811193999950774,808173.42410800001,808173.42440000002
107,121,8193,1,808169.902,808179.77398399997,808205.74194500002,0.51449999999999996,0.45237499999348074,0.00029100000392645597,0.063874999992549419,1.8955420000000001,23.24146,0.219917,3.012626,0.028583000000000001,25.982544000000001,35.839945000014268,808180.27390100004,808180.27419200004
108,122,8193,1,808178.23300000001,808185.62977600005,808212.45582100004,1.0762510000000001,0.40979199996218085,0.00029100000392645597,0.011667000013403594,1.903125,24.215043999999999,0.21058299999999999,3.0088330000000001,0.014583,27.448461999999999,34.222821000032127,808186.08360999997,808186.08390099998
109,123,8193,1,808186.60800000001,808200.484069,808226.89419699996,0.49320799999999998,0.43720899999607354,0.00058300001546740532,0.067666999995708466,1.872792,23.746918999999998,0.20416699999999999,2.7708339999999998,0.016625000000000001,26.420919000000001,40.286196999950334,808200.96648599999,808200.96706900001
110,124,8193,1,808194.93700000003,808205.85744499997,808230.34461399994,0.55708299999999999,0.50458299997262657,0.00029200001154094934,0.013125000055879354,1.897875,21.702335000000001,0.24149999999999999,2.9397090000000001,0.010791,24.493293999999999,35.40761399990879,808206.40840299998,808206.40869499999
111,125,8193,1,808203.272,808212.53486200003,808236.76011499995,0.53637500000000005,0.48445899994112551,0.00058299989905208349,0.023917000042274594,1.935209,21.480377000000001,0.214666,3.0482089999999999,0.014291999999999999,24.232544000000001,33.488114999956451,808213.06365400006,808213.06423699996
112,126,8193,1,808211.56700000004,808227.01144699997,808253.41340800002,0.49991600000000003,0.44012500008102506,0.00058400002308189869,0.056290999986231327,1.9037090000000001,23.666419000000001,0.20970800000000001,2.9309590000000001,0.016333,26.414794000000001,41.846407999983057,808227.49852999998,808227.49911400001
113,127,8193,1,808219.89099999995,808230.38982200006,808257.14586699998,0.547458,0.49204199993982911,0.025666999979875982,0.0084580000257119536,1.921208,23.674294,0.214667,3.0913750000000002,0.01225,26.764503000000001,37.254867000039667,808230.92882200005,808230.95448900003
114,128,8193,1,808228.27300000004,808236.85986500001,808260.62574199995,0.45033400000000001,0.39433299994561821,0.00029100000392645597,0.017208999954164028,1.8879589999999999,21.157502000000001,0.19687499999999999,2.9968750000000002,0.0093329999999999993,23.775210999999999,32.3527419999009,808237.300865,808237.301156
115,130,8193,1,808244.91099999996,808253.51636600005,808287.78224500001,0.55737499999999995,0.45645899989176542,0.00058400002308189869,3.1593329999595881,1.866959,28.513919000000001,0.19366700000000001,2.9881250000000001,0.012833000000000001,34.320127999999997,42.871245000045747,808254.01949099998,808254.02007500001
116,131,8193,1,808253.23199999996,808260.65315899998,808287.84320300003,3.9199999999999999,0.40366599999833852,0.00029100000392645597,0.05658400000538677,1.82175,22.705086000000001,0.21495900000000001,2.8329589999999998,0.0070000000000000001,30.662336,34.611203000065871,808261.10115899995,808261.10144999996
117,132,8193,1,808261.59900000005,808269.00766,808292.32145399996,8.381043,0.44887500000186265,0.00029100000392645597,0.0096250000642612576,1.8701669999999999,20.677128,0.197459,2.8116669999999999,0.012541999999999999,31.202211999999999,30.72245399991516,808269.50028499996,808269.50057599996
118,134,8193,1,808278.24600000004,808287.87966099998,808318.19462299999,0.513042,0.42204199999105185,0.00029100000392645597,2.8163340000901371,1.82525,24.961418999999999,0.214666,2.7247499999999998,0.013416000000000001,30.361628,39.948622999945655,808288.34603699995,808288.34632799996
119,135,8193,1,808286.59699999995,808293.99182899995,808321.69462299999,6.0727919999999997,0.39287500001955777,0.00029200001154094934,0.054249999928288162,1.800459,23.024751999999999,0.201541,2.851626,0.0087500000000000008,33.339545000000001,35.097623000037856,808294.42787000001,808294.42816200003
120,136,8193,1,808294.93500000006,808302.32503800001,808325.97366500006,8.392709,0.47191700001712888,0.00087500002700835466,0.0099169999593868852,1.8719170000000001,21.011959999999998,0.224,3.1782919999999999,0.0040829999999999998,31.526253000000001,31.038665000000037,808302.84012099996,808302.84099599998
121,137,8193,1,808303.27800000005,808318.26549799996,808347.07283399999,0.49233300000000002,0.43429200001992285,0.00029200001154094934,3.0986669999547303,1.9608749999999999,22.974294,0.20533299999999999,2.8122500000000001,0.014,28.819293999999999,43.794833999942057,808318.745581,808318.74587300001
122,138,8193,1,808311.60800000001,808321.79583199997,808347.88950100006,0.50370899999999996,0.44887500000186265,0.00058300001546740532,0.054541999939829111,1.892916,23.414128000000002,0.20183300000000001,2.9604170000000001,0.021000000000000001,26.102128,36.281501000048593,808322.29108200001,808322.29166500003
123,139,8193,1,808319.91000000003,808327.34245700005,808352.270043,1.8115410000000001,0.46170799992978573,0.00029199989512562752,0.012833000044338405,1.906917,22.232002000000001,0.20241700000000001,3.1429999999999998,0.0093329999999999993,26.233668999999999,32.360042999964207,808327.84791500005,808327.84820699994
124,141,8193,1,808336.57700000005,808347.19183400006,808372.71208700002,0.53841700000000003,0.43808299989905208,0.00087500002700835466,0.058916000067256391,1.8191250000000001,22.915085999999999,0.20183300000000001,2.8078750000000001,0.018374999999999999,25.575378000000001,36.135086999973282,808347.67512599996,808347.67600099999
125,142,8193,1,808344.93400000001,808352.34500099998,808378.266879,4.7915000000000001,0.39229200000409037,0.00029200001154094934,0.052207999979145825,1.8547089999999999,23.300961000000001,0.207375,2.8026249999999999,0.0093329999999999993,30.276752999999999,33.332878999994136,808352.78162599995,808352.78191799996
126,143,8193,1,808353.27399999998,808360.67762700003,808387.68625499995,8.3880429999999997,0.46258299995679408,0.00029200001154094934,2.7585840000538155,1.897,21.582169,0.19104099999999999,2.7308750000000002,0.011375,34.886254000000001,34.412254999973811,808361.18833499996,808361.18862699997
127,144,8193,1,808361.60499999998,808372.77508699999,808401.14434,0.51275000000000004,0.4462500000372529,0.00087500002700835466,0.061833000043407083,1.938709,25.626418999999999,0.20183300000000001,3.0400420000000001,0.020125000000000001,28.378003,39.539340000017546,808373.27908699994,808373.27996199997
128,145,8193,1,808369.93200000003,808378.31354600005,808404.46817300003,0.50662499999999999,0.4491660000057891,0.00058299989905208349,0.07000000006519258,1.8278749999999999,23.472460999999999,0.20416699999999999,2.8875000000000002,0.014291999999999999,26.166585999999999,34.536173000000417,808378.80792100006,808378.80850399996
129,146,8193,1,808378.26699999999,808387.74167100003,808420.52325800003,0.53900000000000003,0.48795899993274361,0.00029200001154094934,2.9128749999217689,1.87775,27.163211,0.20883299999999999,2.8627090000000002,0.016625000000000001,32.788294999999998,42.256258000037633,808388.27396300004,808388.27425500005
130,147,8193,1,808386.60699999996,808401.19625599997,808426.25305000006,0.54104099999999999,0.49320899997837842,0.00058400002308189869,0.058625000063329935,1.887375,22.325918999999999,0.212917,2.8802080000000001,0.017208999999999999,25.062335000000001,39.646050000097603,808401.73175599996,808401.73233999999
131,148,8193,1,808394.93200000003,808404.51571499999,808432.65775899997,0.48649999999999999,0.43487500003539026,0.00029200001154094934,0.060375000000931323,1.8509169999999999,25.501294000000001,0.21204200000000001,3.0070830000000002,0.017500000000000002,28.146711,37.725758999935351,808404.99754799996,808404.99783999997
132,150,8193,1,808411.56400000001,808420.620383,808447.28396899998,0.56758399999999998,0.47454199998173863,0.00058300001546740532,0.016916999942623079,1.837791,24.012043999999999,0.20999999999999999,2.897125,0.01225,26.714335999999999,35.719968999968842,808421.13721700001,808421.13780000003
133,151,8193,1,808419.89000000001,808427.32084199996,808452.65909500001,1.507042,0.44537500001024455,0.00029100000392645597,0.053375000017695129,1.850625,22.707419000000002,0.20241600000000001,3.058125,0.013708,26.356460999999999,32.769094999996014,808427.80967600003,808427.80996700004
134,152,8193,1,808428.26800000004,808435.67942599999,808464.87205400004,3.4332090000000002,0.41387499996926636,0.00029200001154094934,0.058041000040248036,1.897875,26.480710999999999,0.214083,2.9152089999999999,0.015459000000000001,32.167045000000002,36.604053999995813,808436.13821799995,808436.13850999996
135,153,8193,1,808436.60699999996,808447.401511,808471.56784699997,0.52266699999999999,0.46170800004620105,0.00029200001154094934,0.019833000027574599,1.8993329999999999,21.485918999999999,0.21787500000000001,2.9195829999999998,0.018083999999999999,24.177710999999999,34.96084700000938,808447.91309399996,808447.91338599997
136,154,8193,1,808444.91000000003,808452.71480299998,808480.86851399997,0.49495800000000001,0.43516700004693121,0.00029200001154094934,0.052792000002227724,1.8835839999999999,25.471836,0.21904199999999999,2.7912499999999998,0.025666999999999999,28.166836,35.958513999939896,808453.19663599995,808453.19692799996
137,155,8193,1,808453.23499999999,808464.98142900004,808494.63664100005,0.53579200000000005,0.47920900001190603,0.00058300001546740532,2.9312499999068677,1.882417,24.073294000000001,0.21787500000000001,2.838209,0.0067089999999999997,29.66367,41.401641000062227,808465.50876300002,808465.50934600004
138,156,8193,1,808461.59900000005,808471.64455500001,808498.587849,0.60024999999999995,0.54308299999684095,0.00029200001154094934,0.011082999990321696,1.878625,24.229336,0.20474999999999999,2.8557079999999999,0.013125,26.955836000000001,36.988848999957554,808472.232555,808472.23284700001
139,157,8193,1,808469.93500000006,808480.97759799997,808507.51314199995,0.46929199999999999,0.41474999999627471,0.00029100000392645597,0.06708399998024106,1.927041,23.794751999999999,0.206209,3.0449999999999999,0.014,26.544585999999999,37.578141999896616,808481.43784799997,808481.43813899998
140,159,8193,1,808486.56299999997,808494.77255700005,808524.09701899998,0.54541700000000004,0.44799999997485429,0.00029100000392645597,0.034125000005587935,1.848875,26.703544999999998,0.207959,2.8020420000000001,0.018957999999999999,29.378712,37.534019000013359,808495.26401599997,808495.26430699998
141,160,8193,1,808494.951,808502.28822500003,808526.03864399996,4.135834,0.43895799992606044,0.00029200001154094934,0.0090420000487938523,1.8663749999999999,21.170919000000001,0.19687499999999999,2.8700000000000001,0.0096249999999999999,27.401211,31.087643999955617,808502.77326599997,808502.77355799999
142,161,8193,1,808503.24699999997,808510.65468399995,808539.45531200001,3.5525000000000002,0.41154200001619756,0.00029200001154094934,0.05629199999384582,1.8503339999999999,26.186419000000001,0.217,2.9907499999999998,0.013417,31.898420000000002,36.208312000031583,808511.10939200001,808511.10968400002
143,162,8193,1,808511.60199999996,808524.14368500002,808550.61039599997,0.57108300000000001,0.52120900002773851,0.00029200001154094934,0.052792000002227724,1.8097920000000001,23.799710000000001,0.204459,2.8740839999999999,0.014874999999999999,26.471668999999999,39.008396000019275,808524.70981000003,808524.71010200004
144,163,8193,1,808519.94299999997,808527.32431099995,808554.03718800005,1.72725,0.43429100001230836,0.00058300001546740532,0.012250000028871,1.9133340000000001,24.023710999999999,0.20708299999999999,2.8551250000000001,0.011084,27.960919000000001,34.094188000075519,808527.80351899995,808527.80410199997
145,164,8193,1,808528.277,808539.50285299995,808570.33785699995,0.52937500000000004,0.46900000004097819,0.00029200001154094934,0.069124999921768904,1.833709,28.158377000000002,0.21379200000000001,2.8487089999999999,0.021874999999999999,30.845794999999999,42.060856999945827,808540.02172800002,808540.02202000003
146,165,8193,1,808536.60100000002,808550.65822999994,808578.62819099997,0.52995899999999996,0.47804100008215755,0.00029100000392645597,0.061542000039480627,1.826125,25.336210999999999,0.19629099999999999,2.9388329999999998,0.0075839999999999996,27.974920000000001,42.027190999942832,808551.18322999997,808551.18352099997
147,166,8193,1,808544.90800000005,808554.07743800001,808578.666982,0.50283299999999997,0.45120899996254593,0,0.008750000037252903,1.8310839999999999,20.896169,0.21029100000000001,2.8557079999999999,0.0037919999999999998,24.595376999999999,33.75898199994117,808554.57472999999,808554.57472999999
148,168,8193,1,808561.60999999999,808570.45685700001,808598.52715099999,0.49554199999999998,0.39783299993723631,0.00029200001154094934,0.07029200007673353,1.8946670000000001,25.403002999999998,0.217,2.9697499999999999,0.022457999999999999,28.123086000000001,36.917151000001468,808570.89989799995,808570.90018999996
149,169,8193,1,808569.93700000003,808578.79385699995,808603.800193,0.41679100000000002,0.36020900006406009,0.00029200001154094934,0.018374999985098839,1.8272919999999999,22.474668999999999,0.202708,2.8638750000000002,0.013125,25.017126999999999,33.863192999968305,808579.19985700003,808579.20014900004
150,170,8193,1,808578.272,808585.69527499995,808612.92061100004,6.9895009999999997,0.45762500003911555,0.0011660000309348106,0.062417000066488981,1.850333,24.566794000000002,0.205625,2.8612500000000001,0.012541999999999999,33.709086999999997,34.648611000040546,808586.20102499996,808586.20219099999
151,171,8193,1,808586.56900000002,808598.57906799996,808627.18398700003,0.56058399999999997,0.51274999999441206,0.00029100000392645597,0.061250000027939677,1.8654999999999999,25.890086,0.20474999999999999,2.8816670000000002,0.011083000000000001,28.609877999999998,40.614987000008114,808599.134693,808599.134984
152,172,8193,1,808594.89599999995,808603.901985,808627.60515399999,0.46404200000000001,0.40833300002850592,0.00029100000392645597,0.016624999931082129,1.925875,21.080210000000001,0.21437500000000001,2.978208,0.0032079999999999999,23.713668999999999,32.709154000040144,808604.35552700004,808604.35581800004
153,173,8193,1,808603.26599999995,808612.97748600005,808640.12552999996,0.52441700000000002,0.46258299995679408,0.00058300001546740532,0.081083999946713448,1.8462499999999999,24.475210000000001,0.21204200000000001,2.8245,0.006417,27.161169999999998,36.859530000016093,808613.48848599999,808613.489069
154,174,8193,1,808611.59699999995,808627.254571,808658.48653200001,0.44012499999999999,0.37829100003000349,0.00058300001546740532,0.041417000000365078,1.912166,28.611045000000001,0.20008400000000001,2.8475419999999998,0.017791999999999999,31.244503000000002,46.889532000059262,808627.68215400004,808627.68273700005
155,175,8193,1,808619.90800000005,808627.692362,808658.531449,0.40395799999999998,0.35699999995995313,0.00029200001154094934,0.007291999994777143,1.9115839999999999,21.445377000000001,0.21554100000000001,2.712208,0.0026250000000000002,30.842295,38.623448999947868,808628.09311200003,808628.09340400004
156,176,8193,1,808628.22499999998,808640.16869700002,808666.04944900004,0.50137500000000002,0.44012499996460974,0.00058400002308189869,0.05308300000615418,1.860833,23.214627,0.22575000000000001,2.8148759999999999,0.021291000000000001,25.891544,37.824449000065215,808640.65928000002,808640.65986400004
157,178,8193,1,808644.94499999995,808658.59707400005,808682.36090900004,0.48212500000000003,0.39374999993015081,0.00029200001154094934,0.0081670000217854977,1.950375,21.121918999999998,0.21845800000000001,4.9046669999999999,0.014584,23.809919000000001,37.415909000090323,808659.033115,808659.03340700001
158,179,8193,1,808653.26599999995,808660.67549099994,808685.87636800006,2.261584,0.583625000086613,0.001167000038549304,0.019833000027574599,1.922083,22.388044000000001,0.20708399999999999,3.0554999999999999,0.016041,26.831878,32.610368000110611,808661.30607399996,808661.307241
159,180,8193,1,808661.60400000005,808668.96874100005,808701.19849500002,3.3495010000000001,0.44012499996460974,0.00058300001546740532,0.058624999946914613,1.9145000000000001,29.528628000000001,0.20941599999999999,3.2310840000000001,0.01575,35.094796000000002,39.594494999968447,808669.45319999999,808669.453783
160,181,8193,1,808669.951,808682.423618,808708.84045400005,0.45529199999999997,0.40104100003372878,0.00029100000392645597,0.008459000033326447,1.86025,23.867377000000001,0.20824999999999999,2.8428749999999998,0.014,26.426753000000001,38.889454000047408,808682.86899300001,808682.86928400001
161,182,8193,1,808678.26899999997,808685.93091,808712.13832899998,0.48475000000000001,0.43370799999684095,0.00058300001546740532,0.0099169999593868852,1.8975839999999999,23.590585000000001,0.21058399999999999,2.8828339999999999,0.0040829999999999998,26.212377,33.869329000008292,808686.41041000001,808686.41099300003
162,183,8193,1,808686.57499999995,808701.26178599999,808729.83666399994,0.46345799999999998,0.40687499998603016,0.00029200001154094934,0.079041999997571111,1.858501,25.940545,0.20474999999999999,2.8466670000000001,0.023042,28.585086,43.26166399999056,808701.71503600001,808701.71532800002
163,184,8193,1,808694.93500000006,808708.95245400001,808733.13512300001,0.52908299999999997,0.47191600000951439,0.00029100000392645597,0.015750000020489097,1.840417,21.509543000000001,0.21612600000000001,2.92075,0.011083000000000001,24.192294,38.200122999958694,808709.47220399999,808709.47249499999
164,185,8193,1,808703.26699999999,808712.244787,808737.58187300002,0.52149999999999996,0.46841700002551079,0.00058300001546740532,0.011959000024944544,1.92675,22.640044,0.20300000000000001,3.2850419999999998,0.024500000000000001,25.343793999999999,34.314873000024818,808712.75957899995,808712.76016199996
165,187,8193,1,808719.93900000001,808729.93787300005,808755.47649999999,0.55037499999999995,0.45616599998902529,0.00058400002308189869,0.053666000021621585,1.902833,22.758752000000001,0.21233299999999999,3.233708,0.024208,25.586461,35.537499999976717,808730.44041399995,808730.44099799998
166,188,8193,1,808728.25899999996,808735.67320600001,808762.27729200001,3.0417920000000001,0.49029200000222772,0.00058300001546740532,0.01049999997485429,1.831666,23.995127,0.19600000000000001,3.1523340000000002,0.016916,29.107168999999999,34.018292000051588,808736.21191499999,808736.21249800001
167,189,8193,1,808736.61300000001,808743.99445700005,808769.687668,6.7541260000000003,0.41533399990294129,0.00029100000392645597,0.060959000024013221,1.848292,23.093294,0.203875,2.857167,0.0084589999999999995,31.988253,33.074667999986559,808744.45354100002,808744.45383200003
168,190,8193,1,808744.91299999994,808755.54329199996,808781.91754399997,0.55883300000000002,0.50837500009220093,0.00029200001154094934,0.014290999970398843,1.9238329999999999,23.636960999999999,0.20358399999999999,2.952251,0.023333,26.381252,37.004544000024907,808756.09512499999,808756.095417
169,191,8193,1,808753.26599999995,808762.37733399996,808789.61812899995,0.50516700000000003,0.44508400000631809,0.00029200001154094934,0.013417000067420304,1.915667,24.576128000000001,0.21612500000000001,3.0659999999999998,0.0099170000000000005,27.252462000000001,36.352129000006244,808762.87083399994,808762.87112599995
170,192,8193,1,808761.58799999999,808769.72820999997,808794.98975399998,0.54308299999999998,0.48737500002607703,0.00087500002700835466,0.070582999964244664,1.886792,22.519877000000001,0.20591599999999999,2.833542,0.022459,25.268252,33.401753999991342,808770.264585,808770.26546000002
171,193,8193,1,808769.94499999995,808781.96508600004,808808.45396399999,0.48475000000000001,0.43079199991188943,0.00029200001154094934,0.057167000020854175,1.902542,23.813419,0.21320900000000001,3.24275,0.0096249999999999999,26.497045,38.50896400003694,808782.44166899996,808782.44196099997
172,194,8193,1,808778.26599999995,808789.66567000002,808813.67217300006,0.51770899999999997,0.46520899992901832,0.00029100000392645597,0.011667000013403594,1.8608340000000001,21.335419000000002,0.201542,3.0724170000000002,0.004666,24.011461000000001,35.406173000112176,808790.17812900001,808790.17842000001
173,195,8193,1,808786.60499999998,808795.03642100003,808820.81421500002,0.55270799999999998,0.50195800000801682,0.00058399990666657686,0.056290999986231327,1.917125,23.009294000000001,0.20066700000000001,3.2824170000000001,0.014291,25.782461000000001,34.209215000038967,808795.58446200006,808795.58504599996
174,196,8193,1,808794.89300000004,808808.52483899996,808835.12104999996,0.51100000000000001,0.4538330000359565,0.00029100000392645597,0.05629199999384582,1.878625,23.91696,0.205625,3.1491250000000002,0.017500000000000002,26.607294,40.228049999917857,808809.02446400002,808809.02475500002
175,197,8193,1,808803.26800000004,808813.77658900002,808838.13017500006,0.58858299999999997,0.52674999996088445,0.00029200001154094934,0.014290999970398843,1.926167,21.547460999999998,0.22020899999999999,2.9140419999999998,0.0096249999999999999,24.367001999999999,34.862175000016578,808814.35175599996,808814.35204799997
176,198,8193,1,808811.60400000005,808820.86963199999,808845.64671700005,0.46141599999999999,0.40133300004526973,0.00058399990666657686,0.062125000054948032,1.9028339999999999,22.114169,0.20912500000000001,3.1432920000000002,0.020709000000000002,24.787293999999999,34.042717000003904,808821.32054800005,808821.32113199995
177,199,8193,1,808819.93799999997,808835.17296600004,808861.90305199998,0.54454100000000005,0.49058400001376867,0.00029200001154094934,0.063000000081956387,1.883292,24.013501999999999,0.203292,3.2675420000000002,0.013709000000000001,26.738251999999999,41.965052000014111,808835.70934099995,808835.70963299996
178,200,8193,1,808828.23999999999,808838.18063299998,808862.43971900002,0.51333399999999996,0.44362500007264316,0.0011659999145194888,0.012250000028871,1.92675,21.564668999999999,0.234209,3.0674579999999998,0.011084,24.276586000000002,34.199719000025652,808838.67646700004,808838.67763299996
179,201,8193,1,808836.60800000001,808845.71146799996,808871.09784499998,0.45820899999999998,0.40133300004526973,0.00029100000392645597,0.06854200002271682,1.8885419999999999,22.693711,0.216416,2.970917,0.013416000000000001,25.397461,34.489844999974594,808846.15859300003,808846.15888400003
180,203,8193,1,808853.24399999995,808862.09438599995,808890.11392999999,0.58712500000000001,0.4777500000782311,0.00029200001154094934,0.013999999966472387,1.8707499999999999,25.361294000000001,0.21670800000000001,3.108584,0.018374999999999999,28.084586000000002,36.869930000044405,808862.616469,808862.61676100001
181,204,8193,1,808861.60100000002,808869.008928,808890.76813900005,6.8903340000000002,0.45908399997279048,0.001167000038549304,0.015167000005021691,1.811542,19.175626999999999,0.2205,3.2617090000000002,0.01225,28.141169999999999,29.167139000026509,808869.51730299997,808869.51847000001
182,205,8193,1,808869.93000000005,808877.29809599998,808900.47684799996,6.6686680000000003,0.46929100004490465,0.00087500002700835466,0.059790999977849424,1.887084,20.454877,0.21962499999999999,2.9388339999999999,0.020708000000000001,29.334669999999999,30.546847999910824,808877.81084599998,808877.81172100001
183,206,8193,1,808878.22499999998,808890.16847200005,808913.36559900001,0.50049999999999994,0.44974999991245568,0.00029100000392645597,0.058041999931447208,1.8480000000000001,20.554044000000001,0.21379200000000001,3.2535419999999999,0.01225,23.204127,35.140599000034854,808890.66226400004,808890.66255500005
184,207,8193,1,808886.55799999996,808893.95984699996,808916.70314100001,3.7207919999999999,0.51595899998210371,0.00058399990666657686,0.01195800001733005,1.931125,19.958169000000002,0.215833,2.9481670000000002,0.011375,25.906711000000001,30.145141000044532,808894.51722200005,808894.51780599996
185,208,8193,1,808894.89199999999,808902.280807,808928.42522600002,2.220459,0.41650000005029142,0,0.063874999992549419,1.978375,23.344711,0.21525,2.9846249999999999,0.016042000000000001,27.901710999999999,33.533226000028662,808902.74397299998,808902.74397299998
186,209,8193,1,808903.22499999998,808913.41605799994,808945.48860299995,0.54454100000000005,0.48912500008009374,0.00029200001154094934,0.01049999997485429,1.899626,29.401461000000001,0.19716600000000001,2.8134169999999998,0.01575,32.082169999999998,42.263602999970317,808913.95097400004,808913.95126600005
187,210,8193,1,808911.60600000003,808919.01197500003,808945.54285299999,2.7472080000000001,0.42904199997428805,0.00029199989512562752,0.011083000106737018,1.830792,21.441002000000001,0.2135,2.8618329999999998,0.0061250000000000002,28.805878,33.936852999962866,808919.48418300005,808919.48447499995
188,211,8193,1,808919.90800000005,808928.48035099998,808953.69756200002,0.46462500000000001,0.41066699998918921,0,0.057166000013239682,1.8935,22.575002000000001,0.203292,3.0738750000000001,0.018374999999999999,25.226835999999999,33.789561999961734,808928.93564299995,808928.93564299995
189,213,8193,1,808936.61100000003,808945.58426899998,808974.70252199995,0.47249999999999998,0.38354199996683747,0.00058400002308189869,0.011082999990321696,1.867542,26.579003,0.20125000000000001,2.8936259999999998,0.015458,29.164628,38.09152199991513,808946.01039399998,808946.01097800001
190,214,8193,1,808944.93999999994,808952.33985300001,808978.20164700004,6.8159590000000003,0.45266700000502169,0.00058300001546740532,0.067374999984167516,1.839834,23.213751999999999,0.20474999999999999,2.7970839999999999,0.017500000000000002,32.181044,33.261647000093944,808952.83656199998,808952.837145
191,215,8193,1,808953.277,808960.68122899998,808986.08102299995,7.402793,0.46491700003389269,0.00058300001546740532,0.060667000012472272,1.825542,22.77421,0.20241700000000001,2.8813749999999998,0.010208,32.29392,32.804022999946028,808961.18989599997,808961.19047899998
192,216,8193,1,808961.60699999996,808974.80897999997,808999.05173299997,0.53170899999999999,0.48008400003891438,0.00029100000392645597,0.011958999908529222,1.8765829999999999,21.575461000000001,0.22079099999999999,3.2357499999999999,0.014874999999999999,24.248586,37.444733000011183,808975.33485600003,808975.33514700003
193,217,8193,1,808969.93500000006,808978.25152199995,809007.18894200004,0.52529199999999998,0.47279200004413724,0,0.05308300000615418,1.906625,26.219961000000001,0.20416699999999999,2.7370000000000001,0.018082999999999998,28.944127999999999,37.25394199998118,808978.77039800002,808978.77039800002
194,218,8193,1,808978.23800000001,808986.13673200004,809011.97519300005,0.52383299999999999,0.46258299995679408,0.00029200001154094934,0.092167000053450465,1.8853340000000001,23.093876999999999,0.20912500000000001,3.028375,0.021291999999999998,25.847503,33.737193000037223,808986.65152299998,808986.65181499999
195,219,8193,1,808986.61600000004,808999.17394100002,809026.13502699998,0.58450000000000002,0.52120900002773851,0.00058300001546740532,0.013124999939464033,1.8634580000000001,24.276586000000002,0.202709,2.767042,0.013417,26.971878,39.51902699994389,808999.74735800002,808999.74794100004
196,220,8193,1,808994.90300000005,809007.31260900002,809033.97707000002,0.62649999999999995,0.56349999993108213,0.00029200001154094934,0.013999999966472387,1.8456669999999999,23.886336,0.21962499999999999,2.9134579999999999,0.018083999999999999,26.677295000000001,39.07406999997329,809007.92627499998,809007.92656699999
197,221,8193,1,809003.28200000001,809012.08515099995,809038.01111199998,0.46375,0.40570800006389618,0.00029200001154094934,0.060375000000931323,2.0165839999999999,23.104378000000001,0.206209,2.9152089999999999,0.016333,25.936753,34.729111999971792,809012.53810899996,809012.53840099997
198,222,8193,1,809011.576,809026.18315199995,809053.53186300001,0.52908299999999997,0.47250000003259629,0.00029200001154094934,2.8361670000012964,1.9293750000000001,21.764168000000002,0.20970800000000001,2.7970839999999999,0.020417000000000001,27.358336000000001,41.95586300001014,809026.70231900003,809026.70261100004
199,223,8193,1,809019.90300000005,809034.03744500002,809060.738656,0.50779200000000002,0.45791599992662668,0,0.058916999958455563,1.901959,23.951377000000001,0.20591699999999999,3.1126670000000001,0.015458,26.706752999999999,40.835655999951996,809034.53998600005,809034.53998600005
200,224,8193,1,809028.23100000003,809038.06857,809063.77694799996,0.50079200000000001,0.44129200000315905,0.00058300001546740532,0.064458000008016825,1.9719580000000001,22.871044000000001,0.22195899999999999,2.842292,0.016042000000000001,25.720336,35.545947999926284,809038.55740399996,809038.55798699998
201,226,8193,1,809044.89899999998,809053.69227999996,809077.797074,0.55912499999999998,0.4660830000648275,0.00029199989512562752,0.018375000101514161,1.886792,21.411543999999999,0.20183400000000001,3.1243340000000002,0.016625000000000001,24.155543999999999,32.898074000026099,809054.20065500005,809054.20094699995
202,227,8193,1,809053.25,809060.79669700004,809089.59149200004,0.464333,0.40512499993201345,0.00029200001154094934,0.06708399998024106,1.883291,26.138586,0.21525,2.8994589999999998,0.017208000000000001,28.807628000000001,36.341492000035942,809061.24819700001,809061.24848900002
203,228,8193,1,809061.60800000001,809069.03132299997,809094.59299300006,5.69625,0.4409999999916181,0.00058399990666657686,0.055708000087179244,1.888833,22.846252,0.205625,2.9230830000000001,0.0090419999999999997,30.77317,32.984993000049144,809069.51607300004,809069.51665699994
204,229,8193,1,809069.90700000001,809077.85307399998,809101.75807700003,0.47658299999999998,0.4264170000096783,0.00029200001154094934,0.019833000027574599,1.8622909999999999,21.258127999999999,0.21087500000000001,2.9735420000000001,0.015459000000000001,23.910836,31.851077000028454,809078.32382399996,809078.32411599997
205,230,8193,1,809078.27500000002,809089.65128400002,809116.15095299995,0.56729200000000002,0.50429099996108562,0.00029100000392645597,0.030334000010043383,1.9602919999999999,23.707543999999999,0.203875,2.900334,0.019833,26.511336,37.875952999922447,809090.20690899994,809090.20719999995
206,231,8193,1,809086.61100000003,809094.63965899998,809120.42241200001,0.54133299999999995,0.48270900000352412,0.00058300001546740532,0.071458999998867512,1.909834,23.020085999999999,0.207375,3.0916670000000002,0.026249999999999999,25.793544000000001,33.811411999980919,809095.17020099994,809095.17078399996
207,232,8193,1,809094.91299999994,809102.30407700001,809128.74803799996,0.97124999999999995,0.46520800003781915,0.001167000038549304,0.0099159999517723918,1.903125,23.786878000000002,0.20416699999999999,2.9887090000000001,0.0096249999999999999,26.902460999999999,33.835038000019267,809102.81653499999,809102.81770200003
208,233,8193,1,809103.24399999995,809116.21541099995,809143.37745599996,0.56087500000000001,0.50195900001563132,0.00058400002308189869,0.070874999975785613,1.882125,24.409293999999999,0.21262500000000001,2.8612500000000001,0.017791999999999999,27.17342,40.133456000010483,809116.76491100003,809116.76549500006
209,234,8193,1,809111.60699999996,809120.54053700005,809146.79695600003,0.50604199999999999,0.44770799996331334,0.00029100000392645597,0.063874999992549419,2.005792,22.930834999999998,0.218167,3.0088339999999998,0.0058329999999999996,26.267793999999999,35.189956000074744,809121.03520399996,809121.03549499996
210,235,8193,1,809119.94499999995,809128.80403799994,809152.64574800001,0.47104200000000002,0.41329100006259978,0.00029200001154094934,0.009917000075802207,1.906042,21.193086000000001,0.200958,3.1077089999999998,0.0087500000000000008,23.852502000000001,32.700748000061139,809129.26457899995,809129.26487099996
211,236,8193,1,809128.27099999995,809143.44133099995,809175.82887600001,0.51916600000000002,0.4585000000661239,0.00058400002308189869,2.8872079999418929,1.920625,26.845002999999998,0.19950000000000001,2.718334,0.011958,32.399794999999997,47.557876000064425,809143.94824699999,809143.94883100002
212,237,8193,1,809136.61600000004,809146.82437299995,809175.88166700001,0.49291699999999999,0.44362500007264316,0.00029200001154094934,0.05133299995213747,1.943959,23.194502,0.21612500000000001,3.028959,0.006417,29.061378000000001,39.265666999970563,809147.31320600002,809147.31349800003
213,238,8193,1,809144.902,809152.68599799997,809176.33987599995,0.51537500000000003,0.46374999999534339,0.00029200001154094934,0.012832999927923083,1.8319589999999999,21.063293000000002,0.22254199999999999,2.9939589999999998,0.003209,23.658836000000001,31.437875999952666,809153.19641500001,809153.19670700002
214,240,8193,1,809161.58700000006,809175.91812599998,809207.34550399997,0.47191699999999998,0.38295800006017089,0.00029100000392645597,0.066208999953232706,1.843917,28.857793999999998,0.20125000000000001,2.7212510000000001,0.015458,31.472003000000001,45.758503999910317,809176.345126,809176.345417
215,241,8193,1,809169.93000000005,809177.32104199997,809207.40442100004,1.3285419999999999,0.36341700004413724,0,0.057458999915979803,1.8564579999999999,23.584168999999999,0.21787500000000001,2.6142080000000001,0.0061250000000000002,31.006504,37.474420999991708,809177.72645900003,809177.72645900003
216,242,8193,1,809178.27399999998,809185.67525199999,809209.56596200005,8.4309170000000009,0.44595800002571195,0.00058300001546740532,0.01049999997485429,1.8185420000000001,21.352336000000001,0.202125,2.8679589999999999,0.003209,31.829878000000001,31.291962000075728,809186.16671000002,809186.16729300003
217,244,8193,1,809194.93500000006,809207.44729599997,809236.09334000002,0.47629199999999999,0.38266600004862994,0.00029100000392645597,0.057459000032395124,1.815917,26.111751999999999,0.19891700000000001,2.8478340000000002,0.018957999999999999,28.696211000000002,41.158339999965392,809207.87342099997,809207.87371199997
218,245,8193,1,809203.25600000005,809210.67429600004,809236.15779800003,3.2380840000000002,0.40133299992885441,0.00029100000392645597,0.052792000002227724,1.8281670000000001,22.200793999999998,0.21087500000000001,2.885167,0.006417,28.275918999999998,32.901797999977134,809211.11996299995,809211.12025399995
219,246,8193,1,809211.60900000005,809219.026755,809242.77892399998,8.3361260000000001,0.39987500000279397,0.00029099988751113415,0.018375000101514161,1.9179999999999999,21.146418000000001,0.198625,2.9601250000000001,0.014,31.645253,31.169923999928869,809219.46979700006,809219.47008799994
220,248,8193,1,809228.27300000004,809236.209715,809261.06234299997,0.55825000000000002,0.45529199996963143,0.00029200001154094934,0.054542000056244433,1.843626,22.177752000000002,0.20183300000000001,2.8749579999999999,0.011375,24.91067,32.789342999923974,809236.70992299996,809236.71021499997
221,249,8193,1,809236.60900000005,809243.97213300003,809272.73075999995,7.7341259999999998,0.42262500000651926,0.00029200001154094934,0.062999999965541065,1.859958,26.097753000000001,0.21962499999999999,2.8230420000000001,0.016042000000000001,36.010044999999998,36.121759999892674,809244.45484100003,809244.45513300004
222,250,8193,1,809244.94999999995,809252.30680000002,809278.63730299997,8.3224180000000008,0.43720799998845905,0.00087499991059303284,0.01341600005980581,1.8421670000000001,23.716294000000001,0.20358299999999999,2.8370419999999998,0.010208,34.169629,33.687303000013344,809252.79009200004,809252.79096699995
223,251,8193,1,809253.23999999999,809261.11921799998,809287.62792899995,0.480375,0.42758300004061311,0.00029200001154094934,0.057458000024780631,1.851208,23.839960999999999,0.20766699999999999,2.923667,0.014583,26.516295,34.387928999960423,809261.59200900001,809261.59230100003
224,252,8193,1,809261.60600000003,809272.78938500001,809301.85134699999,0.50866599999999995,0.43691699998453259,0.00029200001154094934,0.057749999919906259,1.9034169999999999,26.314461000000001,0.200375,2.868833,0.014583,29.072752999999999,40.24534699996002,809273.28726000001,809273.28755200002
225,253,8193,1,809269.94499999995,809278.740261,809302.64263799996,0.463167,0.40979199996218085,0,0.010207999963313341,1.925292,21.279126999999999,0.19570799999999999,3.0587089999999999,0.021291999999999998,23.911418999999999,32.697638000012375,809279.19467800006,809279.19467800006
226,254,8193,1,809278.26100000006,809287.69005400001,809319.05180699995,0.49349999999999999,0.4334159999853,0.00029100000392645597,0.054249999928288162,1.8620000000000001,28.730627999999999,0.20066600000000001,2.8802089999999998,0.016042000000000001,31.374586000000001,40.790806999895722,809288.17042900005,809288.17072000005
227,255,8193,1,809286.603,809301.89801300003,809328.27955800004,0.48970799999999998,0.43837500002700835,0.00029200001154094934,0.061833000043407083,1.854417,23.767918999999999,0.19337499999999999,2.8787500000000001,0.0037919999999999998,26.386503000000001,41.676558000035584,809302.38276299997,809302.38305499998
228,256,8193,1,809294.94200000004,809302.68813799997,809328.33293300006,0.45908300000000002,0.40920900006312877,0.00029200001154094934,0.01049999997485429,1.862001,20.915710000000001,0.22020799999999999,2.7410839999999999,0.0029169999999999999,25.650335999999999,33.390933000016958,809303.14168,809303.14197200001
229,258,8193,1,809311.58400000003,809319.14893200004,809348.53376799996,0.55533299999999997,0.45237499999348074,0.00029200001154094934,0.016916000051423907,1.914792,26.693335999999999,0.21379100000000001,2.9163749999999999,0.027415999999999999,29.440836000000001,36.949767999933101,809319.64826499997,809319.64855699998
230,259,8193,1,809319.93799999997,809328.40205799998,809352.117768,0.45820899999999998,0.40308299998287112,0.00029100000392645597,0.018959000008180737,1.835458,20.730502000000001,0.21029200000000001,2.8116669999999999,0.0096249999999999999,23.725628,32.17976800003089,809328.85005799995,809328.85034899996
231,260,8193,1,809328.272,809335.63101699995,809362.09306099999,7.236834,0.42583300010301173,0.00029100000392645597,0.064167000004090369,1.826417,23.855419000000001,0.212917,2.8478340000000002,0.015166000000000001,33.229295,33.821060999995098,809336.10089200002,809336.10118300002
232,261,8193,1,809336.61199999996,809348.64693499997,809377.97256300005,0.59033400000000003,0.53170799999497831,0.00029100000392645597,2.9464169999118894,1.9130419999999999,23.662044000000002,0.19658400000000001,2.806708,0.011375,29.336711999999999,41.360563000082038,809349.22618500004,809349.22647600004
233,262,8193,1,809344.94700000004,809352.309977,809378.01339600002,0.53229199999999999,0.40133300004526973,0.00029200001154094934,0.014290999970398843,1.901084,21.233335,0.20649999999999999,2.9271669999999999,0.0026250000000000002,25.790628000000002,33.066395999980159,809352.75506,809352.75535200001
234,263,8193,1,809353.27800000005,809362.14818599995,809387.946689,0.44187500000000002,0.38762500009033829,0.00029200001154094934,0.059207999962382019,1.914792,23.123626999999999,0.22312499999999999,2.9399999999999999,0.024209000000000001,25.808710999999999,34.668688999954611,809362.58014400001,809362.58043600002
235,265,8193,1,809369.93999999994,809378.06385399995,809406.773774,0.49029200000000001,0.39170900010503829,0.00029100000392645597,0.011667000013403594,1.8170839999999999,26.138586,0.21087500000000001,3.0400420000000001,0.015166000000000001,28.763877999999998,36.833774000057019,809378.50018800003,809378.50047900004
236,266,8193,1,809378.277,809385.63843799999,809412.05906600005,7.6136670000000004,0.4375,0.00058300001546740532,0.06854200002271682,1.863167,23.720960000000002,0.20066700000000001,2.9875419999999999,0.014,33.548378,33.782066000043415,809386.12435499998,809386.12493799999
237,267,8193,1,809386.59600000002,809394.00781400001,809422.96973400004,6.4248339999999997,0.44887500000186265,0.00029200001154094934,0.064458000008016825,1.8701669999999999,26.290544000000001,0.213501,2.7609170000000001,0.013708,34.894711999999998,36.373734000022523,809394.49985599995,809394.50014799996
238,268,8193,1,809394.94400000002,809406.81985700002,809430.68169300002,0.51916700000000005,0.47016699996311218,0.00029100000392645597,0.011375000001862645,1.8267089999999999,21.227211,0.206792,2.804084,0.018082999999999998,23.866793999999999,35.737693000002764,809407.33406599995,809407.33435699996
239,269,8193,1,809403.22699999996,809412.106608,809440.24340200005,0.49670799999999998,0.44887500000186265,0.00029200001154094934,0.05133299995213747,1.906042,25.391919999999999,0.20824999999999999,2.8670840000000002,0.016917000000000001,28.141753000000001,37.016402000095695,809412.59806600004,809412.59835800005
240,270,8193,1,809411.61899999995,809423.02719199995,809450.07023700001,0.50545799999999996,0.45062500005587935,0.00029200001154094934,0.020124999922700226,1.874833,24.401420000000002,0.215833,2.9003329999999998,0.014874999999999999,27.052378000000001,38.451237000059336,809423.52331700001,809423.52360900003
241,271,8193,1,809419.96299999999,809430.77298500005,809455.49407000002,0.441583,0.38529099989682436,0.00029200001154094934,0.01195800001733005,1.878625,21.423210000000001,0.202708,3.0581260000000001,0.011375,24.731586,35.531070000026375,809431.20406799996,809431.20435999997
242,272,8193,1,809428.27000000002,809440.29590200004,809466.08507200005,0.50137500000000002,0.44391699996776879,0.00058300001546740532,0.068250000011175871,1.9145000000000001,23.062961000000001,0.20941699999999999,2.9714999999999998,0.022166999999999999,25.798503,37.815072000026703,809440.78794399998,809440.788527
243,273,8193,1,809436.57499999995,809450.12623699999,809478.75011400005,0.479792,0.42408300004899502,0.00029200001154094934,2.8945000000530854,1.8622920000000001,23.145793999999999,0.20970800000000001,2.8157510000000001,0.022166000000000002,28.633794000000002,42.175114000099711,809450.59640299994,809450.59669499996
244,274,8193,1,809444.93599999999,809455.58331999998,809484.28040699998,0.497,0.44041699997615069,0.00029200001154094934,0.010207999963313341,1.8552919999999999,26.07967,0.19512499999999999,2.9583759999999999,0.010208,28.705545000000001,39.344406999996863,809456.07186200004,809456.07215400005
245,275,8193,1,809453.28500000003,809466.15127999999,809492.76119899994,0.55270900000000001,0.49116700002923608,0.00029200001154094934,0.052792000002227724,1.870166,23.889835999999999,0.221667,2.828875,0.018083999999999999,26.623045000000001,39.476198999909684,809466.690863,809466.69115500001
246,277,8193,1,809469.91899999999,809478.96623899997,809505.15528399998,0.50020900000000001,0.40687599999364465,0.00029200001154094934,0.060082999989390373,1.8558749999999999,23.571335999999999,0.207958,3.0986660000000001,0.025375000000000002,26.240670000000001,35.236283999984153,809479.41482299997,809479.41511499998
247,278,8193,1,809478.28000000003,809485.68273999996,809510.02378399996,1.873375,0.50487499998416752,0.00029100000392645597,0.011959000024944544,1.874833,21.656253,0.22429099999999999,2.9706260000000002,0.010500000000000001,25.664626999999999,31.74378399993293,809486.23282399995,809486.23311499995
248,279,8193,1,809486.61199999996,809494.01478299999,809520.31932699995,1.684083,0.4404159999685362,0.00029200001154094934,0.068833000026643276,1.8649169999999999,23.586210000000001,0.21875,3.058125,0.014291,27.505336,33.707326999981888,809494.498074,809494.49836600001
249,280,8193,1,809494.95900000003,809505.25007499999,809531.40295300004,0.46054200000000001,0.40658399998210371,0.00029199989512562752,0.05920800007879734,1.921208,23.417044000000001,0.216417,2.8361670000000001,0.017208000000000001,26.162210999999999,36.44395300000906,809505.70099200006,809505.70128399995
250,281,8193,1,809503.28200000001,809510.68178400001,809535.20249499998,1.0243329999999999,0.42787499993573874,0.00029200001154094934,0.014582999981939793,1.866959,21.877918000000001,0.20854200000000001,2.954583,0.018082999999999998,25.071669,31.920494999969378,809511.15515899996,809511.15545099997
251,282,8193,1,809511.61800000002,809520.37970199995,809548.53457999998,0.45791700000000002,0.40075000002980232,0.00058300001546740532,0.061541999923065305,1.926458,25.475044,0.207958,2.9633340000000001,0.018082999999999998,28.165378,36.916579999960959,809520.82682700001,809520.82741000003
252,283,8193,1,809519.94700000004,809531.45428599999,809560.48037300003,0.53637500000000005,0.48329200001899153,0.00029100000392645597,0.072625000029802322,1.8879589999999999,26.312418999999998,0.19454199999999999,2.9332919999999998,0.01225,29.034545000000001,40.53337299998384,809531.982495,809531.98278600001
253,284,8193,1,809528.23300000001,809535.63561999996,809560.52762299997,0.83795900000000001,0.4532500000204891,0.00029200001154094934,0.010207999963313341,1.8372090000000001,21.673169000000001,0.20533399999999999,2.9227919999999998,0.0026250000000000002,25.230627999999999,32.294622999965213,809536.134662,809536.13495400001
254,285,8193,1,809536.62199999997,809548.610705,809574.71604099998,0.46024999999999999,0.40016700001433492,0.00029200001154094934,0.054249999928288162,1.8538330000000001,23.494336000000001,0.22545899999999999,2.8799169999999998,0.016041,26.120211000000001,38.094041000003926,809549.05608000001,809549.05637200002
255,287,8193,1,809553.28099999996,809560.69387299998,809586.87650000001,0.43283300000000002,0.3432909999974072,0.00087500002700835466,0.017207999946549535,1.8480000000000001,23.651544000000001,0.20125000000000001,2.8408340000000001,0.016625000000000001,26.230751999999999,33.595500000054017,809561.07858099998,809561.07945600001
256,288,8193,1,809561.60699999996,809569.02591500001,809595.48387600004,8.4099179999999993,0.43079200002830476,0.00087500002700835466,0.061250000027939677,1.8891249999999999,23.734376999999999,0.21058299999999999,2.9347509999999999,0.014584,34.389837,33.87687600008212,809569.50424899999,809569.50512400002
257,289,8193,1,809569.94099999999,809577.30662399996,809608.17896100006,2.9467089999999998,0.40045900002587587,0.00029200001154094934,0.078749999986030161,1.8745419999999999,28.214378,0.21670800000000001,2.9922080000000002,0.023333,33.373379,38.237961000064388,809577.75229099998,809577.75258299999
258,290,8193,1,809578.27599999995,809586.92316699994,809610.66775300005,0.51537500000000003,0.4660830000648275,0.00029200001154094934,0.011666000005789101,1.854125,21.098877000000002,0.23974999999999999,2.8472499999999998,0.013708,23.748961000000001,32.39175300009083,809587.434167,809587.43445900001
259,291,8193,1,809586.56900000002,809595.53754299995,809627.55992100004,0.49029200000000001,0.44304200005717576,0.00029200001154094934,0.058040999923832715,1.859958,29.375212000000001,0.207958,2.724167,0.01575,32.027045000000001,40.990921000018716,809596.02316800004,809596.02346000005
260,292,8193,1,809594.93999999994,809608.23671099998,809634.05038000003,0.54483400000000004,0.49087500001769513,0,0.053666000021621585,1.8561669999999999,23.082502999999999,0.20708399999999999,2.9671249999999998,0.0099170000000000005,25.822127999999999,39.11038000008557,809608.77337800001,809608.77337800001
261,293,8193,1,809603.22999999998,809610.71704400005,809634.634005,0.48270800000000003,0.4334169999929145,0.00029200001154094934,0.010207999963313341,1.8372090000000001,21.313835000000001,0.20533299999999999,2.8382079999999998,0.0081670000000000006,23.923376999999999,31.404005000018515,809611.19333599997,809611.19362799998
262,295,8193,1,809619.94200000004,809627.64537899999,809654.38975700003,0.58799999999999997,0.49991699995007366,0.00029200001154094934,0.05804200004786253,1.92675,23.950210999999999,0.22079199999999999,2.9303750000000002,0.022749999999999999,26.789878000000002,34.447756999987178,809628.18787899998,809628.18817099999
263,296,8193,1,809628.27599999995,809635.67233900004,809659.77917400002,2.0320420000000001,0.4042499999050051,0.00029200001154094934,0.055415999959222972,1.8374999999999999,21.515961000000001,0.212917,2.7979590000000001,0.021583999999999999,25.692043999999999,31.50317400007043,809636.11917199998,809636.11946399999
264,297,8193,1,809636.60900000005,809643.972006,809673.81038399995,8.3294180000000004,0.4450829999987036,0.00029100000392645597,2.7626669999444857,1.9212089999999999,24.370794,0.207958,2.7302919999999999,0.01925,37.680129000000001,37.201383999898098,809644.45967300003,809644.45996400004
265,298,8193,1,809644.94099999999,809654.43934000004,809680.46651000006,0.52675000000000005,0.47454199998173863,0.00029100000392645597,0.063874999992549419,1.8888339999999999,23.240877000000001,0.22370799999999999,3.1112090000000001,0.024792000000000002,26.035919,35.525510000064969,809654.95704899996,809654.95733999996
266,299,8193,1,809653.27599999995,809660.63638299995,809686.868885,1.3119160000000001,0.45004100003279746,0.00058399990666657686,0.060958000016398728,1.837208,23.509793999999999,0.230125,2.877583,0.020125000000000001,27.050626999999999,33.592885000049137,809661.13017400005,809661.13075799996
267,300,8193,1,809661.60800000001,809673.93317600002,809698.367845,0.56087500000000001,0.50166599999647588,0.00029200001154094934,0.016625000047497451,1.926167,21.697085000000001,0.20416699999999999,3.0575420000000002,0.019833,24.446628,36.75984499999322,809674.48209199996,809674.48238399997
268,301,8193,1,809669.91799999995,809680.52805099997,809706.70863699995,0.58799999999999997,0.52500000002328306,0.00058400002308189869,0.062999999965541065,1.901958,23.384378000000002,0.219917,2.8974169999999999,0.020125000000000001,26.194586000000001,36.790636999998242,809681.10205099999,809681.10263500002
269,302,8193,1,809678.25,809686.93246899999,809712.72047099995,0.46899999999999997,0.41504100000020117,0.00058300001546740532,0.064167000004090369,1.8762920000000001,23.155128000000001,0.20649999999999999,2.984626,0.0072919999999999999,25.797044,34.470470999949612,809687.392719,809687.39330200001
270,303,8193,1,809686.60400000005,809698.432012,809722.89701399999,0.52033300000000005,0.46462500002235174,0.00029200001154094934,0.011082999990321696,1.925583,21.772044000000001,0.21262500000000001,2.9925009999999999,0.014583,24.473168999999999,36.293013999937102,809698.94417799998,809698.94446999999
271,304,8193,1,809694.94999999995,809706.82705399999,809733.48626499996,0.45791599999999999,0.39958299999125302,0.00058399990666657686,0.06504100002348423,1.8935010000000001,24.003876999999999,0.216416,3.170417,0.016041,26.670293999999998,38.536265000002459,809707.27388700005,809707.27447099995
272,305,8193,1,809703.27300000004,809712.78172099998,809738.69922399998,0.51829199999999997,0.45558399998117238,0.00058300001546740532,0.064750000019557774,1.913626,23.204127,0.202125,2.8968340000000001,0.0093329999999999993,25.925086,35.426223999937065,809713.29213800002,809713.29272100003
273,306,8193,1,809711.60499999998,809723.02884699998,809746.86793299997,0.46287499999999998,0.40862500004004687,0.00029100000392645597,0.013999999966472387,1.897292,21.177336,0.21845800000000001,2.8889589999999998,0.0099170000000000005,23.848127000000002,35.26293299999088,809723.48268100002,809723.48297200003
274,307,8193,1,809719.93999999994,809733.55597300001,809763.26397600002,0.53200000000000003,0.47308399993926287,0.00087500002700835466,3.0709590000333264,1.91275,23.916961000000001,0.207959,2.9157920000000002,0.018959,29.720837,43.323976000072435,809734.07484799996,809734.07572299999
275,308,8193,1,809728.272,809738.78497399995,809768.89139400003,0.60404199999999997,0.54629200010094792,0.00029200001154094934,2.9318329999223351,1.9223749999999999,24.361460999999998,0.21612500000000001,2.8907090000000002,0.014,30.116337000000001,40.619394000037573,809739.37909900001,809739.37939100002
276,309,8193,1,809736.60499999998,809746.97409999999,809770.65801899997,0.49204199999999998,0.43370799999684095,0.00058300001546740532,0.013125000055879354,1.853834,21.066210999999999,0.203292,3.105667,0.014583,23.697336,34.053018999984488,809747.45272499998,809747.453308
277,311,8193,1,809753.27899999998,809763.37101799995,809789.55977099994,0.547458,0.45062500005587935,0.00087499991059303284,0.066792000085115433,1.868125,23.509793999999999,0.20824999999999999,3.0295420000000002,0.021291999999999998,26.242419000000002,36.280770999961533,809763.86451800005,809763.86539299996
278,312,8193,1,809761.61800000002,809769.02381000004,809794.70418799995,0.59383300000000006,0.46229199995286763,0.00029200001154094934,0.014291999978013337,1.8757090000000001,23.024460000000001,0.21379200000000001,2.9073340000000001,0.025083000000000001,25.765836,33.08618799992837,809769.53218500002,809769.53247700003
279,313,8193,1,809769.95900000003,809777.35876900004,809806.75148099998,7.1793760000000004,0.47629199991934001,0.00087500002700835466,2.6742920000106096,1.8558749999999999,24.105378000000002,0.20766699999999999,2.6483340000000002,0.011958,36.050296000000003,36.792480999953113,809777.88056099997,809777.881436
280,314,8193,1,809778.27599999995,809789.61489600001,809818.09877399995,0.50924999999999998,0.45295800000894815,0.00029200001154094934,0.09070799988694489,1.8975839999999999,25.774294000000001,0.20358299999999999,2.8329580000000001,0.0046670000000000001,28.494378000000001,39.822774000000209,809790.11393700005,809790.11422900006
281,315,8193,1,809786.60699999996,809794.75843799999,809823.37210699997,0.52762500000000001,0.47133299999404699,0.00058399990666657686,0.058041000040248036,1.886209,25.910211,0.21262500000000001,2.8466670000000001,0.0084580000000000002,28.619211,36.765107000013813,809795.28052100004,809795.28110499994
282,316,8193,1,809794.95200000005,809806.86377199995,809834.06402499997,0.49962499999999999,0.44450000009965152,0.00029200001154094934,0.016041000024415553,1.866376,24.545794000000001,0.20883399999999999,2.7725840000000002,0.013417,27.209586000000002,39.112024999922141,809807.35406399996,809807.35435599997
283,317,8193,1,809803.25300000003,809818.16673199995,809845.09223499999,0.50575000000000003,0.44741700007580221,0.00058300001546740532,0.07437499996740371,1.879208,24.183544000000001,0.21116699999999999,2.9052920000000002,0.016625000000000001,26.936585999999998,41.839234999963082,809818.66139899998,809818.66198199999
284,318,8193,1,809811.61499999999,809823.42606600001,809849.09915200004,0.48212500000000003,0.42437499994412065,0,0.062707999954000115,1.8745419999999999,22.990044000000001,0.203875,3.0222509999999998,0.014,25.684460999999999,37.484152000048198,809823.89681599999,809823.89681599999
285,319,8193,1,809819.93999999994,809834.17339999997,809858.46077799995,0.46083299999999999,0.40512500004842877,0.00029200001154094934,0.008750000037252903,1.897875,21.628253000000001,0.219334,2.984334,0.016333,24.296419,38.520778000005521,809834.62519199995,809834.62548399996
286,321,8193,1,809836.59999999998,809845.19752599997,809871.51898699999,0.50108299999999995,0.40133400005288422,0.00058300001546740532,0.063874999992549419,1.901084,23.645710999999999,0.2205,3.0945839999999998,0.025083000000000001,26.378627000000002,34.918987000011839,809845.64144299994,809845.64202599996
287,322,8193,1,809844.94400000002,809852.33898500004,809880.81819699996,3.707376,0.47599999990779907,0.00029100000392645597,0.014000000082887709,1.882417,25.818044,0.214667,2.9513760000000002,0.012541,31.665087,35.874196999939159,809852.86019399995,809852.86048499995
288,323,8193,1,809853.27599999995,809860.68998599995,809887.67732200003,2.6827510000000001,0.46083400002680719,0.00029100000392645597,2.7708339999662712,1.939584,21.553001999999999,0.19658300000000001,2.734667,0.0087500000000000008,29.165503000000001,34.401322000077926,809861.19457000005,809861.19486100005
289,324,8193,1,809861.61600000004,809871.57761200005,809901.15407399996,0.58304199999999995,0.5317090000025928,0.00029100000392645597,0.055708999978378415,1.840125,26.881170000000001,0.201542,2.917834,0.0040829999999999998,29.584337000000001,39.538073999923654,809872.15307100001,809872.15336200001
290,325,8193,1,809869.92200000002,809880.93369700003,809909.33707400004,0.50079200000000001,0.44362499995622784,0.00029100000392645597,0.060375000000931323,1.9544589999999999,25.662877999999999,0.21174999999999999,2.9452509999999998,0.0072919999999999999,28.414460999999999,39.415074000018649,809881.42369700002,809881.42398800002
291,326,8193,1,809878.27099999995,809887.80478100001,809911.93728299998,0.51800000000000002,0.45499999995809048,0.00058399990666657686,0.011666000005789101,1.84975,21.413294,0.25433299999999998,2.828001,0.0067080000000000004,24.143585999999999,33.666283000027761,809888.31169700006,809888.31228099996
292,327,8193,1,809886.60900000005,809901.22290699999,809933.41445200006,0.50575000000000003,0.44770799996331334,0.00029200001154094934,0.050457999925129116,1.855291,29.516086999999999,0.231292,2.8315000000000001,0.023042,32.202044999999998,46.805452000000514,809901.71815700002,809901.71844900004
293,328,8193,1,809894.94299999997,809909.41640800005,809934.860827,0.54629099999999997,0.47716599993873388,0.00029200001154094934,0.055124999955296516,1.854417,22.771294000000001,0.20883399999999999,2.844042,0.0084580000000000002,25.459294,39.917827000026591,809909.94782400003,809909.94811600004
294,329,8193,1,809903.26500000001,809911.97315800004,809935.65590999997,0.47191699999999998,0.41854199999943376,0.00029100000392645597,0.010208999970927835,1.8526670000000001,21.150794000000001,0.191916,2.9227919999999998,0.004084,23.690626999999999,32.390909999958239,809912.43720000004,809912.43749100005
295,331,8193,1,809919.95200000005,809933.50165999995,809959.333996,0.55679199999999995,0.46841700002551079,0.00029200001154094934,0.057749999919906259,1.877167,23.149294000000001,0.20125000000000001,5.2290000000000001,0.015458,25.877253,39.381995999952778,809934.01382700005,809934.01411900006
296,332,8193,1,809928.23499999999,809935.68099400005,809961.18899599998,1.33175,0.49204099993221462,0.00029200001154094934,0.009041000041179359,1.8564590000000001,22.869294,0.201541,2.8443329999999998,0.020417000000000001,26.302793999999999,32.95399599999655,809936.21795199998,809936.21824399999
297,333,8193,1,809936.61399999994,809944.01741099998,809974.23728899995,8.2611670000000004,0.42466700007207692,0.00029200001154094934,0.011957999900914729,1.90225,27.592252999999999,0.21116599999999999,2.9674170000000002,0.013708,38.012045000000001,37.623289000010118,809944.48670300003,809944.48699500004
298,334,8193,1,809944.94400000002,809959.39291299996,809985.60733200004,0.56729200000000002,0.50516599998809397,0.00058300001546740532,0.060083999997004867,1.858792,23.488793999999999,0.203292,2.8341249999999998,0.024500000000000001,26.221128,40.663332000025548,809959.95349600003,809959.95407900005
299,335,8193,1,809953.27399999998,809961.28232999996,809986.72878999996,0.48970799999999998,0.42029100004583597,0.00058300001546740532,0.082541999989189208,1.9080839999999999,22.749417999999999,0.20300000000000001,2.8195420000000002,0.0055420000000000001,25.451419000000001,33.454789999988861,809961.76708000002,809961.76766300004
300,336,8193,1,809961.61300000001,809974.34608100005,809999.20454199996,0.50487499999999996,0.44770799996331334,0.00058300001546740532,0.011667000013403594,1.8853340000000001,22.226752000000001,0.20125000000000001,3.1817920000000002,0.01575,24.865169000000002,37.591541999951005,809974.84424799995,809974.84483099997
301,338,8193,1,809978.27399999998,809985.69745700003,810012.63520999998,0.54512499999999997,0.45879199996124953,0,0.05775000003632158,1.8322510000000001,24.303419000000002,0.21058399999999999,3.2783340000000001,0.016917000000000001,26.982378000000001,34.361210000002757,809986.197957,809986.197957
302,339,8193,1,809986.60900000005,809994.01812499994,810019.01512700005,7.7950850000000003,0.48475000006146729,0.00087500002700835466,0.062999999965541065,1.8999170000000001,22.258544000000001,0.214667,2.8778760000000001,0.0084580000000000002,32.263587000000001,32.40612699999474,809994.54662499996,809994.54749999999
303,340,8193,1,809994.95400000003,810002.35716699995,810026.79271099996,3.5198330000000002,0.39666700002271682,0.00058400002308189869,0.013707999954931438,1.901667,21.794502000000001,0.214667,3.0867079999999998,0.014291,27.515543999999998,31.838710999931209,810002.79700000002,810002.79758400004
304,341,8193,1,810003.28899999999,810012.700251,810039.50529600005,0.54891599999999996,0.49204199993982911,0.00058400002308189869,0.029457999975420535,1.9317089999999999,24.060752999999998,0.20008300000000001,2.9172500000000001,0.019833,26.814961,36.2162960000569,810013.23925099999,810013.23983500001
305,342,8193,1,810011.57200000004,810019.08454399998,810044.78329599998,0.416792,0.3637080000480637,0.00029100000392645597,0.013125000055879354,1.92675,23.106127999999998,0.21233399999999999,2.9852089999999998,0.014874999999999999,25.708669,33.211295999935828,810019.49141899997,810019.49170999997
306,343,8193,1,810019.94700000004,810027.29029499996,810052.40483899997,0.875,0.45062500005587935,0,0.01049999997485429,1.8582080000000001,22.507919000000001,0.19337499999999999,2.8950830000000001,0.014291999999999999,25.496335999999999,32.457838999922387,810027.78379500005,810027.78379500005
307,344,8193,1,810028.272,810039.56158700003,810066.10179800005,0.55241700000000005,0.49145899992436171,0.00029200001154094934,0.091000000014901161,1.934625,23.730877,0.20883299999999999,2.811375,0.015167,26.551295,37.829798000049777,810040.10262899997,810040.10292099998
308,345,8193,1,810036.61600000004,810044.84250499995,810069.200465,0.46958299999999997,0.41270800004713237,0.00029200001154094934,0.057457999908365309,1.934042,21.670835,0.206792,3.1106250000000002,0.0087500000000000008,24.368459999999999,32.584464999963529,810045.30158800003,810045.30188000004
309,346,8193,1,810044.92799999996,810052.45617200003,810078.94825799996,0.57166700000000004,0.50895799999125302,0.00058300001546740532,0.012250000028871,1.8940840000000001,23.783377000000002,0.20125000000000001,3.1392090000000001,0.018374999999999999,26.499378,34.020258000004105,810053.02054699999,810053.02113000001
310,347,8193,1,810053.29599999997,810066.21904800006,810092.76334299997,0.53025,0.46754199999850243,0.00029200001154094934,0.062416000058874488,1.893208,23.823626999999998,0.21174999999999999,2.8265410000000002,0.017208000000000001,26.556836000000001,39.467342999996617,810066.73675699998,810066.73704899999
311,348,8193,1,810061.58100000001,810069.328507,810094.82163499994,0.51975000000000005,0.4544170000590384,0.00058299989905208349,0.016917000059038401,1.9010830000000001,22.843043999999999,0.20241700000000001,2.9455420000000001,0.0090419999999999997,25.505960999999999,33.240634999936447,810069.83542400005,810069.83600699995
312,349,8193,1,810069.94799999997,810079.02905000001,810103.78251100006,0.55212499999999998,0.49262499995529652,0.00029200001154094934,0.0093329999363049865,1.897,22.024044,0.203875,3.1354169999999999,0.014,24.764835999999999,33.834511000080965,810079.56950800004,810079.56980000006
313,350,8193,1,810078.30200000003,810092.82050899998,810118.98301199998,0.56583300000000003,0.50516699999570847,0.00058400002308189869,0.01049999997485429,1.955333,23.392544000000001,0.201542,2.9073329999999999,0.029166999999999998,26.174168999999999,40.681011999957263,810093.37467599998,810093.37526
314,351,8193,1,810086.625,810094.91700999998,810120.80359599995,0.63320799999999999,0.57691599999088794,0.00029199989512562752,0.062125000054948032,1.9620420000000001,23.011627000000001,0.207375,2.9210419999999999,0.006417,25.894461,34.178595999954268,810095.54205100005,810095.54234299995
315,352,8193,1,810094.924,810103.88605199999,810127.81117999996,0.520625,0.45587499998509884,0.00058300001546740532,0.018958000000566244,1.915375,21.202418000000002,0.25170799999999999,2.9878330000000002,0.0087500000000000008,23.933876999999999,32.887179999961518,810104.39763599995,810104.39821899997
316,354,8193,1,810111.576,810119.14255400002,810149.62347400002,0.61483399999999999,0.51508299994748086,0.00058300001546740532,0.061250000027939677,1.903708,27.710086,0.2135,2.8530829999999998,0.012541999999999999,30.534586999999998,38.047474000020884,810119.703721,810119.70430400001
317,355,8193,1,810119.94999999995,810127.35297100001,810152.70172400004,6.9574170000000004,0.4421670000301674,0.00058300001546740532,0.071750000002793968,1.8363339999999999,22.678543999999999,0.19833300000000001,2.6139169999999998,0.013125,31.817627999999999,32.751724000088871,810127.84151299996,810127.84209599998
318,356,8193,1,810128.277,810135.67159699998,810162.27918299998,8.2987929999999999,0.4450829999987036,0.00058299989905208349,0.012833000044338405,1.848584,24.018751999999999,0.19891700000000001,2.8994580000000001,0.023625,34.417836999999999,34.002182999975048,810136.16013900004,810136.16072199994
319,357,8193,1,810136.60600000003,810149.67130699998,810175.32864299999,0.52470799999999995,0.46724999998696148,0.00029200001154094934,0.01779099996201694,1.8719170000000001,23.017752000000002,0.20999999999999999,2.8559999999999999,0.0070000000000000001,25.667543999999999,38.722642999957316,810150.18580700003,810150.18609900004
320,358,8193,1,810144.94700000004,810152.74809899996,810179.25447599997,0.46287499999999998,0.40979200007859617,0.00087500002700835466,0.019832999911159277,1.9369590000000001,23.812835,0.20999999999999999,3.1330830000000001,0.0081659999999999996,26.511627000000001,34.307475999929011,810153.20601600001,810153.20689100004
321,359,8193,1,810153.277,810162.33751600003,810189.09618600004,0.48970900000000001,0.43370900000445545,0.00029100000392645597,0.0099169999593868852,1.8937919999999999,24.141836000000001,0.20766699999999999,3.191125,0.01225,26.769753000000001,35.819186000037007,810162.81614200003,810162.81643300003
322,360,8193,1,810161.61300000001,810175.39193399996,810200.98772900004,0.51683299999999999,0.45820900006219745,0.00029100000392645597,0.055125000071711838,1.8372090000000001,22.950961,0.21729200000000001,2.938542,0.015167,25.607461000000001,39.374729000031948,810175.89739299996,810175.89768399997
323,361,8193,1,810169.91000000003,810179.29939299996,810205.43943699996,0.54104200000000002,0.48504200007300824,0.00029100000392645597,0.053959000040777028,1.8961250000000001,23.421710999999998,0.203875,3.3060420000000001,0.016334000000000001,26.148502000000001,35.529436999931931,810179.83197699999,810179.832268
324,362,8193,1,810178.27399999998,810189.18106099998,810215.993105,0.47395900000000002,0.41650000005029142,0.00029100000392645597,0.01049999997485429,1.921208,24.178877,0.20970900000000001,3.2097920000000002,0.013708,26.824586,37.719105000025593,810189.64247800002,810189.64276900003
325,363,8193,1,810186.61699999997,810201.10585399996,810226.952773,0.54074999999999995,0.4853330000769347,0.00029200001154094934,0.032957999967038631,1.874833,23.157169,0.212917,2.76675,0.020125000000000001,25.857127999999999,40.335773000027984,810201.63639500004,810201.63668700005
326,364,8193,1,810194.94200000004,810205.54939599999,810231.33302300004,0.496417,0.42291700001806021,0.00029200001154094934,0.063290999969467521,1.968459,23.002877000000002,0.21291599999999999,2.9198750000000002,0.014874999999999999,25.792669,36.39102300000377,810206.03677100001,810206.03706300003
327,365,8193,1,810203.27599999995,810216.10539699998,810240.46277400001,0.54074999999999995,0.47600000002421439,0.00058300001546740532,0.008750000037252903,1.9468749999999999,21.578669000000001,0.20999999999999999,3.024292,0.012834,24.366128,37.186774000059813,810216.63739699998,810216.63798
328,366,8193,1,810211.56900000002,810227.01460600004,810253.23515099997,0.51537500000000003,0.45412499993108213,0.00087500002700835466,0.06358299998100847,1.910417,23.497544000000001,0.20708399999999999,2.857459,0.021874999999999999,26.234836000000001,41.66615099995397,810227.51569000003,810227.51656500006
329,367,8193,1,810219.89800000004,810231.38260699995,810262.498777,0.53112499999999996,0.46695800009183586,0.00029100000392645597,0.06883400003425777,2.0390419999999998,28.261337000000001,0.20649999999999999,2.9411670000000001,0.0078750000000000001,31.129878000000001,42.600776999955997,810231.89973199996,810231.90002299997
330,368,8193,1,810228.27500000002,810240.51906600001,810267.71435999998,0.48854199999999998,0.4264170000096783,0.00029100000392645597,0.015750000020489097,1.8363339999999999,24.594501999999999,0.20300000000000001,2.8670840000000002,0.0084589999999999995,27.205794000000001,39.439359999960288,810240.99710799998,810240.99739899999
331,370,8193,1,810244.91299999994,810253.34977600002,810282.85594499996,0.52645900000000001,0.4240829999325797,0.00029100000392645597,0.069708999944850802,1.839542,26.891960999999998,0.20474999999999999,2.8886669999999999,0.014291,29.564502999999998,37.942945000017062,810253.81790100003,810253.81819200004
332,371,8193,1,810253.27800000005,810262.56761000003,810290.95232100005,0.46229199999999998,0.40687499998603016,0.00029200001154094934,0.012540999916382134,1.8675409999999999,25.747170000000001,0.21904199999999999,2.8944999999999999,0.01225,28.394335999999999,37.674320999998599,810263.01998500002,810263.02027700003
333,372,8193,1,810261.61399999994,810269.00965200004,810293.59569600003,1.6942919999999999,0.4334169999929145,0.00058300001546740532,0.012250000028871,1.882125,21.292836000000001,0.198625,2.7953329999999998,0.01225,25.802294,31.981696000089869,810269.48769400001,810269.48827700003
334,373,8193,1,810269.94700000004,810282.90173699998,810309.30836499995,0.49466700000000002,0.44041699997615069,0.00029100000392645597,0.013125000055879354,1.8520829999999999,23.81692,0.205042,2.9852080000000001,0.013125,26.414503,39.361364999902435,810283.38852899999,810283.38881999999
335,374,8193,1,810278.23899999994,810290.99636300001,810320.19803199999,0.57662500000000005,0.51945799996610731,0.00058399990666657686,0.058625000063329935,1.849459,26.450669000000001,0.19687499999999999,2.9233750000000001,0.011084,29.207211999999998,41.959032000042498,810291.56715400005,810291.56773799995
336,375,8193,1,810286.61100000003,810293.97953000001,810320.23682400002,0.82774999999999999,0.4328329999698326,0.00029100000392645597,0.011083999997936189,1.9077919999999999,21.262211000000001,0.202709,2.7722920000000002,0.0029160000000000002,26.607294,33.625823999987915,810294.45727999997,810294.45757099998
337,376,8193,1,810294.95299999998,810309.35678100004,810338.55757599999,0.49204199999999998,0.43662499997299165,0.00029100000392645597,0.014583999989554286,1.9002079999999999,26.563253,0.20824999999999999,2.9580839999999999,0.016042000000000001,29.210128000000001,43.604576000012457,810309.83949000004,810309.83978100005
338,378,8193,1,810311.57499999995,810320.28961600002,810346.72482700006,0.48999999999999999,0.39112499996554106,0.02275000000372529,0.008750000037252903,1.792584,23.895669000000002,0.21145800000000001,2.8396669999999999,0.010208,26.489753,35.14982700010296,810320.72507399996,810320.74782399996
339,379,8193,1,810319.93999999994,810327.352908,810356.02870300005,7.0635839999999996,0.42379200004506856,0.00058400002308189869,0.060375000000931323,1.852959,26.052253,0.20591599999999999,2.6982080000000002,0.017500000000000002,35.271836999999998,36.088703000103123,810327.820741,810327.82132500003
340,380,8193,1,810328.27800000005,810338.606868,810366.43012000003,1.1830000000000001,1.1299159999471158,0.00058300001546740532,0.064167000004090369,1.84975,24.484544,0.21145800000000001,2.8679579999999998,0.012833000000000001,27.828502,38.152119999984279,810339.78461800003,810339.78520100005
341,381,8193,1,810336.57700000005,810346.824868,810373.519371,0.45674999999999999,0.40454200003296137,0.00058300001546740532,0.013416999951004982,1.927333,24.021668999999999,0.207958,2.9887079999999999,0.015458,26.702669,36.94237099995371,810347.27345199999,810347.27403500001
342,382,8193,1,810344.94900000002,810356.07653600001,810384.30258000002,0.471916,0.4170829999493435,0.00029200001154094934,0.023333000019192696,1.890584,25.589376999999999,0.21320900000000001,2.8393760000000001,0.016333,28.235377,39.353579999995418,810356.53911899996,810356.53941099998
343,383,8193,1,810353.26500000001,810366.48524499999,810396.16612299997,0.53958300000000003,0.47600000002421439,0.00058300001546740532,0.061250000027939677,1.8885419999999999,26.964002000000001,0.203875,2.9735420000000001,0.015166000000000001,29.692544000000002,42.901122999959625,810367.013454,810367.01403700002
344,384,8193,1,810361.57499999995,810373.62291300006,810400.31683200004,0.48883300000000002,0.43079099990427494,0.00058400002308189869,0.011957999900914729,1.840417,24.085252000000001,0.20708399999999999,2.7991250000000001,0.0081659999999999996,26.704711,38.741832000087015,810374.10095400002,810374.10153800005
345,385,8193,1,810369.94400000002,810384.36353900004,810410.66108300001,0.44304199999999999,0.38354099995922297,0.00029200001154094934,0.060375000000931323,1.8768750000000001,23.687127,0.21116699999999999,3.0400420000000001,0.014,26.308627999999999,40.71708299999591,810384.79549699998,810384.795789
346,387,8193,1,810386.58799999999,810396.27783200005,810424.931751,0.58975,0.48620799998752773,0.00029200001154094934,0.011375000001862645,1.8774580000000001,25.970293999999999,0.231292,2.967708,0.014583,28.711086000000002,38.343751000007614,810396.81041499996,810396.81070699997
347,388,8193,1,810394.94200000004,810402.32933199999,810428.43671000004,2.3940009999999998,0.41154200001619756,0.00058300001546740532,0.013416999951004982,1.9285000000000001,21.284669000000001,0.19950000000000001,2.944083,0.0081670000000000006,28.044920000000001,33.494709999999031,810402.785791,810402.78637400002
348,389,8193,1,810403.28599999996,810410.73662500002,810437.09279400005,0.45791700000000002,0.40687499998603016,0.00029200001154094934,0.060958000016398728,1.8885419999999999,23.727959999999999,0.19775000000000001,2.8049580000000001,0.013125,26.362877999999998,33.806794000091031,810411.18783299997,810411.18812499999
349,390,8193,1,810411.576,810425.04141800001,810456.65867100004,0.45791700000000002,0.40570799994748086,0.00029100000392645597,2.9820009999675676,1.946583,25.984293999999998,0.21495800000000001,2.7180420000000001,0.016041,31.626003000000001,45.082671000040136,810425.49058500002,810425.49087600003
350,391,8193,1,810419.90899999999,810428.47812700004,810456.69833799999,0.43049999999999999,0.38062499999068677,0.00029100000392645597,0.008459000033326447,1.936958,21.464044000000001,0.21116699999999999,2.9513750000000001,0.0026250000000000002,28.225460999999999,36.789338000002317,810428.90337700001,810428.90366800001
351,392,8193,1,810428.27300000004,810437.15608600003,810464.87171400001,0.45324999999999999,0.39666600001510233,0.00029100000392645597,0.074958999990485609,1.8850420000000001,25.051544,0.219917,2.741959,0.027417,27.724961,36.598713999963365,810437.59971099999,810437.60000199999
352,394,8193,1,810444.94499999995,810456.85962899996,810480.70134000003,0.48883300000000002,0.39754200004972517,0.00029199989512562752,0.01370800007134676,1.8310839999999999,21.310334999999998,0.20824999999999999,2.6833339999999999,0.018082999999999998,23.890127,35.756340000079945,810457.30004600005,810457.30033799994
353,395,8193,1,810453.27399999998,810460.67958800006,810486.91763200006,3.8815,0.46608299994841218,0.00029100000392645597,0.060083999997004867,1.939584,23.448252,0.21787500000000001,2.895667,0.017208000000000001,29.607669000000001,33.643632000079378,810461.19175500004,810461.19204600004
354,396,8193,1,810461.58600000001,810469.02592199994,810495.340967,4.5476669999999997,0.45500000007450581,0.00029100000392645597,0.013708999962545931,1.946,23.611877,0.20883399999999999,3.0616249999999998,0.021000000000000001,30.362503,33.754966999986209,810469.52613100002,810469.52642200002
355,397,8193,1,810469.91000000003,810480.81129800004,810504.69734299998,0.43633300000000003,0.38033399998676032,0.00058399990666657686,0.011666000005789101,1.9384159999999999,21.240628000000001,0.20183400000000001,3.1310419999999999,0.0096249999999999999,23.895961,34.787342999945395,810481.23771500005,810481.23829899996
356,398,8193,1,810478.23699999996,810487.01650699996,810512.93255200004,0.47279199999999999,0.41562500002328306,0.00029100000392645597,0.065042000031098723,1.972834,23.169711,0.21029100000000001,2.9691670000000001,0.018667,25.928003,34.695552000077441,810487.47734099999,810487.47763199999
357,399,8193,1,810486.56900000002,810495.39463300002,810523.78721900005,0.50604199999999999,0.44916700001340359,0.00029200001154094934,0.062999999965541065,1.9462919999999999,25.654710999999999,0.20824999999999999,2.9499170000000001,0.0099159999999999995,28.402794,37.21821900003124,810495.89075799996,810495.89104999998
358,400,8193,1,810494.94200000004,810504.743426,810531.434137,0.496417,0.43779200001154095,0.00029100000392645597,0.013417000067420304,1.911583,24.039753000000001,0.21029100000000001,3.0458750000000001,0.013708,26.701794,36.492136999964714,810505.22846799996,810505.22875899996
359,401,8193,1,810503.23199999996,810513.02734300005,810539.55822100001,0.51683299999999999,0.45674999989569187,0.00058400002308189869,0.077582999947480857,1.867834,23.825959999999998,0.21787500000000001,2.8965420000000002,0.014583,26.540210999999999,36.32622100005392,810513.534843,810513.53542700002
360,402,8193,1,810511.60900000005,810523.89921900001,810552.73193100002,0.50633399999999995,0.44800099998246878,0.00058300001546740532,0.085167000070214272,1.9005000000000001,26.10942,0.21087500000000001,2.7944580000000001,0.012541999999999999,28.842919999999999,41.122930999961682,810524.39534499997,810524.39592799998
361,403,8193,1,810519.90599999996,810531.50297000003,810557.82588999998,0.46462500000000001,0.40454199991654605,0.00058300001546740532,0.01049999997485429,1.9722500000000001,23.650378,0.203875,2.9528340000000002,0.018083999999999999,26.336335999999999,37.919890000019222,810531.95417899999,810531.95476200001
362,404,8193,1,810528.27399999998,810539.61013799999,810564.97522400005,0.53491699999999998,0.47629100002814084,0.00058300001546740532,0.084000000031664968,1.866959,22.643543999999999,0.21087500000000001,2.7924169999999999,0.014874999999999999,25.375295000000001,36.701224000076763,810540.134846,810540.13542900002
363,406,8193,1,810544.902,810552.81913900003,810578.82005800004,0.56466700000000003,0.46637499995995313,0.00058300001546740532,0.060957999899983406,1.8733759999999999,23.314959999999999,0.20999999999999999,2.8344170000000002,0.014,26.052544000000001,33.918058000039309,810553.33218100003,810553.33276400005
364,407,8193,1,810553.26500000001,810560.68684800004,810584.55480899999,3.3072080000000001,0.47599999990779907,0.00029200001154094934,0.011957999900914729,1.875416,21.186668999999998,0.19687499999999999,3.0164170000000001,0.013416000000000001,26.654544000000001,31.289808999979869,810561.20747300005,810561.20776500006
365,408,8193,1,810561.61199999996,810569.01743200002,810596.216227,4.3674169999999997,0.37770900002215058,0.00029200001154094934,0.060958000016398728,1.948334,24.528877000000001,0.202708,3.0263339999999999,0.017500000000000002,31.144462000000001,34.604227000032552,810569.439182,810569.43947400001
366,409,8193,1,810569.94799999997,810578.93001699995,810604.60106100002,0.46345900000000001,0.40862500004004687,0.00029100000392645597,0.059499999973922968,1.9652499999999999,22.959710999999999,0.201541,3.1479590000000002,0.014291999999999999,25.679503,34.653061000048183,810579.38501700002,810579.38530800003
367,410,8193,1,810578.25100000005,810585.66080900002,810612.18672799994,1.5181249999999999,0.45149999996647239,0.00087500002700835466,0.0096249999478459358,1.8754169999999999,23.872919,0.20183300000000001,2.9478749999999998,0.0096249999999999999,27.547919,33.93572799989488,810586.15693399997,810586.157809
368,411,8193,1,810586.63100000005,810596.27193499997,810623.33685399999,0.498166,0.44391700008418411,0.00029200001154094934,0.055125000071711838,1.9145000000000001,24.368461,0.21029100000000001,2.7903760000000002,0.0093329999999999993,27.072502,36.70585399994161,810596.76251799997,810596.76280999999
369,412,8193,1,810594.90599999996,810604.70547799999,810633.50406399998,0.521208,0.46433300001081079,0.00029199989512562752,2.8335420000366867,1.9360839999999999,23.273251999999999,0.21233299999999999,2.7941669999999998,0.013708,28.808503000000002,38.598064000019804,810605.21676900005,810605.21706099994
370,413,8193,1,810603.24100000004,810612.28472800006,810636.41110599996,0.462584,0.4100839999737218,0.00058300001546740532,0.010207999963313341,1.9232499999999999,21.522376999999999,0.19425000000000001,2.9569169999999998,0.0084589999999999995,24.135128000000002,33.170105999917723,810612.73856199998,810612.739145
371,414,8193,1,810611.61399999994,810623.40393799997,810657.81069099996,0.45383299999999999,0.39987500000279397,0,2.9490419999929145,1.876584,28.905335999999998,0.20941699999999999,2.8580410000000001,0.0049589999999999999,34.415503000000001,46.1966910000192,810623.84931299998,810623.84931299998
372,415,8193,1,810619.94299999997,810633.54868899996,810658.996316,0.52645900000000001,0.47395800007507205,0,0.052207999979145825,1.8663749999999999,22.795501999999999,0.200375,2.9283329999999999,0.0029169999999999999,25.456085999999999,39.053316000034101,810634.06698100001,810634.06698100001
373,416,8193,1,810628.27500000002,810636.44873099995,810665.57981699996,0.50779200000000002,0.45179100008681417,0.00029100000392645597,0.01049999997485429,1.839542,26.523586000000002,0.20854200000000001,2.919292,0.016625000000000001,29.140128000000001,37.304816999938339,810636.94748099998,810636.94777199998
374,418,8193,1,810644.93700000003,810657.91860800004,810686.71398600005,0.56612499999999999,0.47162500000558794,0.00058300001546740532,0.074083999963477254,1.852959,26.110876999999999,0.20474999999999999,2.7871670000000002,0.018667,28.846128,41.776986000011675,810658.433983,810658.43456600001
375,419,8193,1,810653.29000000004,810660.66144199995,810686.76881899999,2.0921249999999998,0.41212500003166497,0.00029100000392645597,0.059208999969996512,1.886792,22.181252000000001,0.20416599999999999,2.9195829999999998,0.0067080000000000004,27.742169000000001,33.478818999952637,810661.11906699999,810661.119358
376,420,8193,1,810661.61499999999,810669.03869199997,810692.62402800005,3.8955009999999999,0.43895900005009025,0.00058300001546740532,0.011375000001862645,1.878625,20.943127,0.19804099999999999,2.6862499999999998,0.010208,26.994627999999999,31.009028000058606,810669.52490099997,810669.52548399998
377,422,8193,1,810678.25,810686.80644399999,810712.39319700003,0.49495899999999998,0.40454200003296137,0.00029200001154094934,0.05804200004786253,1.853834,22.980709999999998,0.21058299999999999,2.8845830000000001,0.016625000000000001,25.634003,34.143197000026703,810687.25444399996,810687.25473599997
378,423,8193,1,810686.60999999999,810694.00682000001,810719.731822,7.1656680000000001,0.37887499993667006,0.00029200001154094934,0.053958000033162534,1.8351660000000001,23.163585999999999,0.2135,2.827709,0.020125000000000001,32.468628000000002,33.121822000015527,810694.429153,810694.42944500002
379,424,8193,1,810694.94499999995,810702.35082100006,810725.91369800002,8.3839590000000008,0.42495799995958805,0.00058300001546740532,0.014582999981939793,1.902542,20.943709999999999,0.200958,2.9954170000000002,0.012833000000000001,31.475503,30.968698000069708,810702.82244599995,810702.82302899996
380,425,8193,1,810703.28099999996,810712.46173800004,810738.13482399995,0.51916600000000002,0.45704199990723282,0.00058299989905208349,0.009917000075802207,1.957084,22.941044000000002,0.21437500000000001,3.3238340000000002,0.022749999999999999,25.683001999999998,34.853823999990709,810712.97128000006,810712.97186299996
381,426,8193,1,810711.62699999998,810719.85403100005,810746.07515799999,0.478626,0.42670799989718944,0.00029100000392645597,0.05658400000538677,1.8891249999999999,23.576294000000001,0.206791,3.0143749999999998,0.0052500000000000003,26.229295,34.448158000013791,810720.32419800002,810720.32448900002
382,427,8193,1,810719.90000000002,810727.34578199999,810753.95686799998,1.8305009999999999,0.41183300002012402,0.00029100000392645597,0.011959000024944544,1.9083749999999999,24.006793999999999,0.20300000000000001,3.1304590000000001,0.0078750000000000001,27.985711999999999,34.056867999956012,810727.80165699997,810727.80194799998
383,428,8193,1,810728.28300000005,810738.24069899996,810767.07195200003,0.47337499999999999,0.41650000005029142,0.0011660000309348106,2.9242510000476614,1.9077919999999999,23.237376999999999,0.21670800000000001,2.8816670000000002,0.01575,28.841169000000001,38.788951999973506,810738.70415799995,810738.70532399998
384,429,8193,1,810736.58200000005,810746.11365800002,810772.64949400001,0.50283299999999997,0.4386670000385493,0.00058400002308189869,0.023041000007651746,1.866959,23.907919,0.21320800000000001,2.8128329999999999,0.01575,26.546336,36.06749399995897,810746.60569999996,810746.60628399998
385,430,8193,1,810744.94499999995,810754.00265899999,810778.61145299999,0.51770799999999995,0.45879199996124953,0.00029200001154094934,0.011667000013403594,1.903708,21.912918999999999,0.20766699999999999,2.950501,0.0090419999999999997,24.620752,33.666453000041656,810754.508409,810754.50870100001
386,431,8193,1,810753.28799999994,810767.12853600003,810793.18691299995,0.52412499999999995,0.46958299994003028,0.00029100000392645597,0.062709000078029931,1.8800829999999999,23.353752,0.21204200000000001,3.0575420000000002,0.016917000000000001,26.068002,39.898913000011817,810767.64303599996,810767.64332699997
387,432,8193,1,810761.61100000003,810772.70374400006,810799.01878899999,0.53608299999999998,0.47570899990387261,0.00029200001154094934,0.034708000021055341,1.917125,23.582711,0.217583,2.8930419999999999,0.018667,26.324960999999998,37.407788999960758,810773.229911,810773.23020300001
388,433,8193,1,810769.94400000002,810778.65607799997,810805.66033099999,0.55241700000000005,0.49349999998230487,0.00029200001154094934,0.025374999968335032,1.949792,24.255293999999999,0.20591699999999999,3.1225839999999998,0.0093329999999999993,27.015628,35.716330999974161,810779.19712000003,810779.19741200004
389,434,8193,1,810778.25100000005,810793.30183000001,810821.69937399996,0.49641600000000002,0.43662499997299165,0.00058400002308189869,0.02858299994841218,1.8442080000000001,25.80142,0.20766699999999999,2.9397090000000001,0.014,28.410086,43.448373999912292,810793.78541300003,810793.78599700006
390,435,8193,1,810786.62800000003,810799.08295499999,810825.25508300005,0.60899999999999999,0.54191699996590614,0.00029200001154094934,0.014291999978013337,1.8701669999999999,23.452919000000001,0.21029200000000001,2.8128340000000001,0.014583,26.184669,38.627083000028506,810799.679122,810799.67941400001
391,436,8193,1,810794.94200000004,810805.72420599998,810832.44670900004,0.58274999999999999,0.51362500002142042,0.00029200001154094934,0.01370800007134676,1.9089590000000001,24.000377,0.203875,2.9747089999999998,0.013709000000000001,26.740586,37.50470900000073,810806.28916399996,810806.28945599997
392,438,8193,1,810811.61100000003,810821.80437400006,810847.70262700005,0.49845899999999999,0.40279199997894466,0.00029100000392645597,0.059499999973922968,1.952126,23.184294000000001,0.215834,3.5440420000000001,0.022166999999999999,25.950752999999999,36.09162700001616,810822.25033299997,810822.25062399998
393,439,8193,1,810819.94400000002,810827.33495799999,810852.89166900003,2.5197080000000001,0.44187500001862645,0.00029200001154094934,0.05775000003632158,1.8730830000000001,22.909835999999999,0.203292,2.837917,0.0081670000000000006,27.589628000000001,32.947669000015594,810827.82145799999,810827.82175
394,440,8193,1,810828.245,810835.65241700003,810862.19408699998,3.6505000000000001,0.45149999996647239,0.00029200001154094934,0.012250000028871,1.8847499999999999,23.897127999999999,0.216417,3.3920840000000001,0.015167,29.696628,33.949086999986321,810836.14795899997,810836.14825099998
395,441,8193,1,810836.61399999994,810847.75512700004,810870.95692100003,0.51216700000000004,0.46170799992978573,0.00029100000392645597,0.05220900010317564,1.9518329999999999,20.404419000000001,0.20941599999999999,3.204834,0.014583,23.207919,34.342921000090428,810848.26116899995,810848.26145999995
396,442,8193,1,810844.90300000005,810852.92696099996,810876.53329699999,0.47512500000000002,0.41912500001490116,0.00029199989512562752,0.077292000059969723,1.8713329999999999,20.948086,0.20125000000000001,2.9198750000000002,0.022749999999999999,23.614502999999999,31.630296999937855,810853.39391900005,810853.39421099995
397,443,8193,1,810853.28700000001,810862.25183700002,810888.99300599995,0.54191699999999998,0.48941699997521937,0.001167000038549304,0.020416000043042004,1.9807090000000001,23.960127,0.20416699999999999,3.4157090000000001,0.017791000000000001,26.745836000000001,35.70600599993486,810862.78908699995,810862.79025399999
398,444,8193,1,810861.56799999997,810871.01787900005,810899.91154899995,0.50312500000000004,0.44712499994784594,0,0.0096249999478459358,1.9722500000000001,26.143253000000001,0.22750000000000001,2.9659589999999998,0.022749999999999999,28.903002999999998,38.343548999982886,810871.51196300006,810871.51196300006
399,445,8193,1,810869.90099999995,810877.37300499994,810904.30579899997,1.280416,0.44245800003409386,0,0.060667000012472272,1.8797919999999999,24.235461000000001,0.22633300000000001,3.0120420000000001,0.024792000000000002,27.726127000000002,34.404799000010826,810877.86037999997,810877.86037999997
400,446,8193,1,810878.28700000001,810889.06767300004,810918.85909200006,0.47191699999999998,0.41504200000781566,0.00029100000392645597,0.011959000024944544,1.8532500000000001,27.223877000000002,0.20824999999999999,2.944375,0.014,29.802211,40.572092000045814,810889.52908999997,810889.52938099997
401,447,8193,1,810886.60900000005,810899.97425700002,810925.32301000005,0.52324999999999999,0.46841700002551079,0.00029200001154094934,0.055416999966837466,1.828166,22.681753,0.22662499999999999,2.9522499999999998,0.021874999999999999,25.354586000000001,38.714009999996051,810900.49138200004,810900.49167400005
402,448,8193,1,810894.95400000003,810904.351883,810932.02113500005,0.52179200000000003,0.47162500000558794,0.00029200001154094934,0.073499999940395355,1.90225,24.941002999999998,0.20300000000000001,2.8828330000000002,0.010500000000000001,27.674211,37.067135000019334,810904.868716,810904.86900800001
403,449,8193,1,810903.28300000005,810918.92938400002,810942.80347000004,0.54949999999999999,0.49029200000222772,0.00029200001154094934,0.013124999939464033,1.8722080000000001,21.216128000000001,0.202125,2.9163749999999999,0.010792,23.884585999999999,39.520469999988563,810919.46838400001,810919.46867600002
404,450,8193,1,810911.57200000004,810925.37988499994,810956.62205500004,0.58595799999999998,0.52850000001490116,0.00058400002308189869,0.050749999936670065,1.8946670000000001,28.47017,0.20008400000000001,3.2211669999999999,0.021583999999999999,31.248294999999999,45.050054999999702,810925.95971800003,810925.96030200005
405,451,8193,1,810919.90700000001,810932.05555199995,810958.43009599997,0.54804200000000003,0.49641700007487088,0.00029200001154094934,0.052791999885812402,1.834875,23.720378,0.198625,2.8691249999999999,0.013125,26.380085999999999,38.523095999960788,810932.59805200004,810932.59834400006
406,452,8193,1,810928.28099999996,810942.84313699999,810970.25018099998,0.52675000000000005,0.47570800001267344,0.00029200001154094934,0.01195800001733005,1.845083,24.752586000000001,0.19950000000000001,2.8568750000000001,0.016041,27.412586000000001,41.969181000022218,810943.36434500001,810943.36463700002
407,454,8193,1,810944.946,810956.73317999998,810985.21093199996,0.54658399999999996,0.44741600006818771,0.00029100000392645597,0.061250000027939677,1.859084,25.809002,0.219333,3.2564579999999999,0.022459,28.534336,40.264931999961846,810957.22317999997,810957.22347099998
408,455,8193,1,810953.25800000003,810960.68526299996,810986.55814099999,2.7361249999999999,0.54075000004377216,0.00029200001154094934,0.060375000000931323,1.8436250000000001,23.171752000000001,0.19454099999999999,2.879626,0.0035000000000000001,28.023627999999999,33.300140999956056,810961.27063799999,810961.27093
409,456,8193,1,810961.57499999995,810970.37209800002,810999.90043399995,0.57662500000000005,0.51741600001696497,0.00029100000392645597,0.01049999997485429,1.8450839999999999,26.864543999999999,0.21116599999999999,2.81575,0.012833000000000001,29.539711,38.325433999998495,810970.93734800001,810970.93763900001
410,457,8193,1,810969.95400000003,810985.28122400003,811010.578935,0.50779200000000002,0.44799999997485429,0.00029200001154094934,0.059791999985463917,1.8993329999999999,22.606501999999999,0.20416599999999999,2.8816660000000001,0.01575,25.311128,40.624934999970719,810985.77559900004,810985.77589100006
411,458,8193,1,810978.28300000005,810986.59984899999,811012.60076900001,0.44391700000000001,0.39375000004656613,0,0.054541999939829111,1.9110009999999999,23.357544000000001,0.21495800000000001,2.6882920000000001,0.0061250000000000002,26.006753,34.31776899995748,810987.03822400002,810987.03822400002
412,459,8193,1,810986.61300000001,811000.02351700002,811024.42522800004,0.55883300000000002,0.49962499993853271,0.00029200001154094934,0.013125000055879354,1.914209,21.665585,0.19541700000000001,3.0902080000000001,0.0096249999999999999,24.412502,37.812228000024334,811000.57155899995,811000.57185099996
413,460,8193,1,810994.94700000004,811010.63814299996,811036.78489600006,0.62037500000000001,0.55708400008734316,0.00058300001546740532,0.059499999973922968,1.8961250000000001,23.275877000000001,0.217,2.9942510000000002,0.017208000000000001,26.158418999999999,41.837896000011824,811011.24685200001,811011.24743500003
414,461,8193,1,811003.24899999995,811013.31564399996,811039.90718800004,0.54600000000000004,0.48387500003445894,0.00058400002308189869,0.066207999945618212,1.8856250000000001,23.811961,0.214083,2.795042,0.014583,26.603503,36.658188000088558,811013.84968500002,811013.85026900005
415,462,8193,1,811011.57400000002,811024.47014500003,811051.61323100002,0.546875,0.48270799999590963,0.00029200001154094934,0.014582999981939793,1.8725000000000001,24.432044000000001,0.21174999999999999,3.1222919999999998,0.014,27.153002999999998,40.039231000002474,811025.00710299995,811025.00739499996
416,464,8193,1,811028.26699999999,811036.88960400003,811062.61635699996,0.50866699999999998,0.40920899994671345,0.00029100000392645597,0.075833999901078641,1.8719170000000001,23.088336000000002,0.199791,2.960709,0.017500000000000002,25.782461000000001,34.349356999970041,811037.34256300004,811037.34285400005
417,465,8193,1,811036.61100000003,811044.01560499996,811070.35777400003,4.5243339999999996,0.4340000000083819,0.00029200001154094934,0.071165999979712069,1.848584,23.681877,0.219333,2.8271259999999998,0.020417000000000001,30.387003,33.746773999999277,811044.49510499998,811044.49539699999
418,466,8193,1,811044.94900000002,811052.35814799997,811076.29873299995,1.1754169999999999,0.45150000008288771,0.00029200001154094934,0.013707999954931438,1.8567499999999999,21.350294000000002,0.20241700000000001,2.9082080000000001,0.0090410000000000004,24.621044000000001,31.349732999922708,811052.853106,811052.85339800001
419,467,8193,1,811053.29399999999,811062.67906500003,811088.37402600003,0.55912499999999998,0.49991699995007366,0.00029100000392645597,0.013417000067420304,1.9229590000000001,22.911002,0.214667,3.1371669999999998,0.013709000000000001,25.705752,35.080026000039652,811063.22739899997,811063.22768999997
420,468,8193,1,811061.61399999994,811070.46452399995,811100.03515200003,0.48008299999999998,0.42145900009199977,0.00058400002308189869,0.073499999940395355,1.9232499999999999,26.854628000000002,0.215834,2.919,0.017208999999999999,29.581710999999999,38.421152000082657,811070.93352399999,811070.93410800002
421,469,8193,1,811069.92000000004,811077.34319199994,811104.13423600001,1.3915420000000001,0.41183300002012402,0.00029200001154094934,0.014290999970398843,1.8503339999999999,24.180336,0.203875,3.1354169999999999,0.017791000000000001,27.725252999999999,34.214235999970697,811077.80052499997,811077.80081699998
422,470,8193,1,811078.28500000003,811088.425651,811114.731654,0.436917,0.38179200002923608,0.00029100000392645597,0.058917000074870884,1.8570409999999999,23.664086000000001,0.20912500000000001,3.027209,0.017500000000000002,26.314461000000001,36.446653999970295,811088.85410999996,811088.85440099996
423,471,8193,1,811086.576,811100.15269400005,811126.87344700005,0.47570800000000002,0.42204199999105185,0.00029200001154094934,0.070582999964244664,1.8430420000000001,24.049961,0.21116599999999999,2.956334,0.013125,26.730086,40.297447000048123,811100.61906900001,811100.61936100002
424,472,8193,1,811094.94499999995,811104.19315299997,811128.54527999996,0.56437499999999996,0.50312500004656613,0.00029100000392645597,0.016042000032030046,1.8748339999999999,21.684252000000001,0.19600000000000001,3.1564169999999998,0.014291999999999999,24.362627,33.600280000013299,811104.74702799995,811104.74731899996
425,473,8193,1,811103.28899999999,811114.78590400005,811145.220157,0.466667,0.41095799999311566,0.00058400002308189869,0.065625000046566129,1.8943749999999999,27.748878000000001,0.22545799999999999,2.9633340000000001,0.024208,30.443587000000001,41.931157000013627,811115.24323699996,811115.24382099998
426,474,8193,1,811111.61399999994,811126.928572,811155.31824099994,0.589167,0.53200000000651926,0.00029100000392645597,0.074084000079892576,1.838959,25.629919000000001,0.20183300000000001,2.8787500000000001,0.0099170000000000005,28.399585999999999,43.704240999999456,811127.50782199996,811127.50811299996
427,475,8193,1,811119.951,811128.60040500003,811155.35644999996,0.436917,0.38908400002401322,0.00029200001154094934,0.0096249999478459358,1.9080839999999999,20.530128000000001,0.217583,2.835,0.0032079999999999999,26.760711000000001,35.405449999962002,811129.03265499999,811129.032947
428,477,8193,1,811136.62600000005,811145.333032,811174.31682599999,0.69708300000000001,0.60462500003632158,0.00087499991059303284,0.060375000000931323,1.8783339999999999,26.143253000000001,0.214083,2.9604170000000001,0.023333,29.034251999999999,37.690825999947265,811145.97965700005,811145.98053199996
429,478,8193,1,811144.90500000003,811155.36403299996,811179.36441000004,0.48183300000000001,0.42758300004061311,0.023334000026807189,0.017207999946549535,1.7957920000000001,21.456752000000002,0.204458,2.7947500000000001,0.014584,24.009126999999999,34.459410000010394,811155.83711600001,811155.86045000004
430,479,8193,1,811153.27599999995,811160.63911700004,811188.20278599998,5.291709,0.47366599994711578,0.00087500002700835466,0.064750000019557774,1.9010830000000001,24.791086,0.21029200000000001,2.9012090000000001,0.0081670000000000006,32.33417,34.926786000025459,811161.16032499995,811161.16119999997
431,480,8193,1,811161.57900000003,811174.38507600001,811203.72849600005,0.50691699999999995,0.44770899997092783,0.00029200001154094934,2.8860420000273734,1.934042,23.782502000000001,0.201542,2.7997079999999999,0.021874999999999999,29.356545000000001,42.149496000027284,811174.878868,811174.87916000001
432,481,8193,1,811169.91599999997,811179.40991000005,811203.76466300001,0.59150000000000003,0.53549999999813735,0.00058400002308189869,0.01779099996201694,1.9337500000000001,20.862044000000001,0.20241700000000001,3.005042,0.0026250000000000002,24.363211,33.848663000040688,811179.99265999999,811179.99324400001
433,482,8193,1,811178.28099999996,811188.24041099998,811215.15570600005,0.51916600000000002,0.466084000072442,0.00058400002308189869,0.058332999935373664,1.935791,24.142126999999999,0.22487499999999999,2.9111250000000002,0.021291999999999998,26.920836000000001,36.874706000089645,811188.754036,811188.75462000002
434,484,8193,1,811194.91000000003,811203.86091299995,811232.72104099998,0.45150000000000001,0.360791000071913,0.00029200001154094934,2.5678339999867603,1.8547089999999999,23.786877,0.214083,2.5407090000000001,0.013125,28.908252999999998,37.81104099994991,811204.26457899995,811204.26487099996
435,485,8193,1,811203.27800000005,811210.70487200003,811240.99650000001,6.9410850000000002,0.46695799997542053,0.0011659999145194888,0.074958999990485609,1.8614170000000001,27.589335999999999,0.20941699999999999,2.8723339999999999,0.026540999999999999,36.719670999999998,37.718499999959022,811211.21791400004,811211.21907999995
436,486,8193,1,811211.61499999999,811218.98966399999,811246.55012499995,4.2781669999999998,0.45237499999348074,0.00087499991059303284,0.054250000044703484,1.878625,24.887919,0.2135,2.806708,0.013708,31.342794000000001,34.935124999959953,811219.48549800005,811219.48637299996
437,487,8193,1,811219.95200000005,811232.770624,811257.20558499999,0.48533300000000001,0.43137500004377216,0.00029200001154094934,0.019250000012107193,1.8745419999999999,21.774086,0.2205,2.8519169999999998,0.0075830000000000003,24.444002000000001,37.253584999940358,811233.24662400002,811233.24691600003
438,488,8193,1,811228.27399999998,811241.06008299999,811269.35991899995,0.52558400000000005,0.46900000004097819,0.00058300001546740532,0.05804200004786253,1.920334,25.567793999999999,0.21262500000000001,3.014084,0.0090419999999999997,28.310336,41.085918999975547,811241.57516699994,811241.57574999996
439,489,8193,1,811236.62699999998,811246.61399999994,811278.80262900004,0.46637499999999998,0.40716700011398643,0.00029200001154094934,0.097999999998137355,1.8611260000000001,29.550502999999999,0.202708,2.804084,0.0046670000000000001,32.202044999999998,42.175629000063054,811247.06724999996,811247.06754199998
440,490,8193,1,811244.951,811257.29016800004,811281.07967100001,0.46170800000000001,0.40716699999757111,0.00058400002308189869,0.020999999949708581,1.8427500000000001,21.216128000000001,0.23391700000000001,2.9717920000000002,0.0032079999999999999,23.798836000000001,36.128671000013128,811257.74254300003,811257.74312700005
441,492,8193,1,811261.61199999996,811269.44566900004,811298.27692199999,0.56874999999999998,0.46025000000372529,0.00029200001154094934,0.029165999963879585,1.88825,26.166294000000001,0.206792,2.9012090000000001,0.0075839999999999996,28.884920000000001,36.664922000025399,811269.96046099998,811269.96075299999
442,493,8193,1,811269.94799999997,811278.83383699995,811307.74879800004,0.44887500000000002,0.39754200004972517,0,0.074375000083819032,1.8465419999999999,26.323211000000001,0.205625,2.7682090000000001,0.0087500000000000008,28.922543999999998,37.800798000069335,811279.27541999996,811279.27541999996
443,494,8193,1,811278.24199999997,811285.67837900005,811309.95613199996,5.0169589999999999,0.39841699996031821,0.00029199989512562752,0.012541000032797456,1.8442080000000001,21.733252,0.187833,2.9082089999999998,0.044332999999999997,28.85342,31.714131999993697,811286.11967100005,811286.11996299995
444,495,8193,1,811286.58200000005,811298.34838099999,811329.86325900001,0.50808299999999995,0.45237499999348074,0.00029200001154094934,0.050165999913588166,1.969042,28.728586,0.223417,3.401125,0.014291999999999999,31.52392,43.281258999952115,811298.84771400003,811298.84800600004
445,496,8193,1,811294.946,811307.79925699998,811334.05538399995,0.44274999999999998,0.38908300001639873,0.00029100000392645597,0.057167000020854175,1.8328329999999999,23.686253000000001,0.20912500000000001,2.851334,0.019542,26.264002000000001,39.109383999952115,811308.23413200001,811308.23442300002
446,497,8193,1,811303.30099999998,811310.66983999999,811334.98959300003,1.1529579999999999,0.42145899997558445,0.00029200001154094934,0.054541999939829111,1.831958,21.747836,0.200959,2.8565839999999998,0.0070000000000000001,25.004586,31.688593000057153,811311.137965,811311.13825700001
447,499,8193,1,811319.94900000002,811329.97234199999,811358.44892800006,0.60316700000000001,0.49408299999777228,0.00029200001154094934,0.071165999979712069,2.0031669999999999,25.598127000000002,0.20300000000000001,3.0922499999999999,0.043749999999999997,28.540752999999999,38.499928000033833,811330.51163399999,811330.51192600001
448,500,8193,1,811328.28500000003,811335.67063399998,811362.00872000004,2.0008339999999998,0.38004199997521937,0.00029100000392645597,0.062999999965541065,1.8316669999999999,23.417044000000001,0.200375,2.8212920000000001,0.0070000000000000001,27.913086,33.723720000009052,811336.09646799997,811336.09675899998
449,501,8193,1,811336.61499999999,811344.01930199994,811367.84730400005,8.4064180000000004,0.45675000001210719,0.00058300001546740532,0.011083999997936189,1.8194159999999999,21.194835999999999,0.22691600000000001,2.8606669999999998,0.013125,31.731878999999999,31.232304000062868,811344.52155199996,811344.52213499998
450,502,8193,1,811344.93500000006,811358.55801200005,811388.39376500004,0.50749999999999995,0.4526659999974072,0.00058400002308189869,2.9913329998962581,1.959417,24.126669,0.21262500000000001,2.8218749999999999,0.026542,29.845962,43.458764999988489,811359.05530300003,811359.05588700005
451,503,8193,1,811353.28399999999,811362.04051199998,811388.86334799998,0.49379200000000001,0.44129200000315905,0.00058300001546740532,0.052499999990686774,1.957667,24.064253000000001,0.24004200000000001,2.9464169999999998,0.0029160000000000002,26.828961,35.5793479999993,811362.52817900002,811362.52876200003
452,504,8193,1,811361.61399999994,811369.01397099998,811398.84884899994,1.6575420000000001,0.49262500007171184,0.00029100000392645597,0.01079199998639524,1.839834,27.155919000000001,0.219333,2.9688750000000002,0.014,30.957502999999999,37.234849000000395,811369.54888799996,811369.54917899997
453,506,8193,1,811378.24800000002,811388.48301500001,811416.62330900005,0.521208,0.42583299998659641,0.00029200001154094934,0.077583000063896179,1.8436250000000001,25.481460999999999,0.21495900000000001,2.6915,0.030041000000000002,28.191918999999999,38.375309000024572,811388.95259799995,811388.95288999996
454,507,8193,1,811386.57799999998,811394.008057,811420.26622600004,5.5367090000000001,0.46112500003073364,0.00087500002700835466,0.072332999901846051,1.8299160000000001,23.61392,0.20766699999999999,2.8854579999999999,0.011084,31.285336000000001,33.688226000056602,811394.51759900001,811394.51847400004
455,508,8193,1,811394.95499999996,811402.35497400002,811429.02643500001,3.912417,0.41183400002773851,0.00029100000392645597,0.01049999997485429,1.8415840000000001,24.080586,0.20970900000000001,2.9152089999999999,0.014291,30.129169000000001,34.07143500004895,811402.80968299997,811402.80997399997
456,509,8193,1,811403.26800000004,811416.67114200001,811442.720478,0.50954200000000005,0.45470899995416403,0.00029100000392645597,0.060083999997004867,1.891459,23.361336000000001,0.20533299999999999,3.393834,0.015459000000000001,26.059252000000001,39.452477999962866,811417.17076799995,811417.17105899996
457,510,8193,1,811411.61100000003,811420.30764300004,811446.28522900003,0.57487500000000002,0.52120800002012402,0.00029100000392645597,0.062999999965541065,1.8509169999999999,23.186336000000001,0.19775000000000001,2.8387920000000002,0.01925,25.984293999999998,34.674228999996558,811420.87581,811420.876101
458,511,8193,1,811419.93099999998,811429.082727,811456.39381299994,0.59470900000000004,0.53987500001676381,0,0.014874999993480742,1.903708,24.573502999999999,0.21058299999999999,3.2488760000000001,0.0087500000000000008,27.320128,36.462812999961898,811429.66839400004,811429.66839400004
459,512,8193,1,811428.25600000005,811442.77268699999,811470.78144000005,0.52849999999999997,0.46374999999534339,0.00058300001546740532,0.050750000053085387,1.850333,25.347294999999999,0.205625,2.886917,0.012833000000000001,28.013711000000001,42.525439999997616,811443.29593699996,811443.29651999997
460,513,8193,1,811436.58499999996,811446.33860400005,811471.81218999997,0.47483399999999998,0.42029199993703514,0.00029100000392645597,0.052499999990686774,1.8433330000000001,22.873961000000001,0.207959,2.7825000000000002,0.010208999999999999,25.482627999999998,35.227190000005066,811446.80439599999,811446.804687
461,514,8193,1,811444.94499999995,811456.44427099999,811479.78081599995,0.47395900000000002,0.42204199999105185,0.00029100000392645597,0.012833999935537577,1.9188750000000001,20.645336,0.2555,3.3223760000000002,0.017208000000000001,23.342378,34.835816000006162,811456.91239700001,811456.91268800001
462,516,8193,1,811461.60600000003,811470.92873100005,811497.79152600002,0.53900000000000003,0.45062499993946403,0.00029100000392645597,0.051625000080093741,1.9037090000000001,24.158460999999999,0.205625,2.9029590000000001,0.032083,26.906544,36.185525999986567,811471.42368999997,811471.42398099997
463,517,8193,1,811469.90700000001,811477.34656500001,811503.47406799998,6.0340009999999999,0.47600000002421439,0.00029100000392645597,0.052792000002227724,1.8940840000000001,23.397501999999999,0.223417,2.9744169999999999,0.021583000000000001,31.638252999999999,33.567067999974824,811477.86952399998,811477.86981499998
464,518,8193,1,811478.29700000002,811485.71389899997,811510.33319399995,6.4178329999999999,0.48970899998676032,0.00058400002308189869,0.013124999939464033,1.8622920000000001,21.921959999999999,0.21058399999999999,2.8740839999999999,0.013709000000000001,30.500753,32.036193999927491,811486.25027399999,811486.25085800001
465,519,8193,1,811486.62,811497.85452599998,811526.73594499996,0.46491700000000002,0.40891600004397333,0.00058299989905208349,0.069125000038184226,1.9241250000000001,26.178545,0.21233399999999999,3.1214170000000001,0.024792000000000002,28.891628000000001,40.115944999968633,811498.30923400004,811498.30981699994
466,520,8193,1,811494.94799999997,811503.53211000003,811529.77832100005,0.58945899999999996,0.534624999971129,0.00058300001546740532,0.065917000058107078,1.867834,23.450585,0.19950100000000001,2.9467089999999998,0.014291999999999999,26.25292,34.830321000074036,811504.11485999997,811504.11544299999
467,521,8193,1,811503.28500000003,811510.68640200002,811537.68686300004,0.80354199999999998,0.45033299992792308,0.00029200001154094934,0.011082999990321696,1.8170839999999999,24.397335999999999,0.207375,2.811083,0.013708,27.306128000000001,34.401863000006415,811511.18427700002,811511.18456900003
468,522,8193,1,811511.62100000004,811526.78581999999,811552.89436499996,0.49087500000000001,0.43954200006555766,0.00029200001154094934,0.059499999973922968,1.844209,23.439793999999999,0.19716700000000001,2.9017919999999999,0.014584,26.113503000000001,41.273364999913611,811527.27173699997,811527.27202899999
469,523,8193,1,811519.94200000004,811529.83898700005,811556.36286500003,0.52675000000000005,0.46608399995602667,0.00029200001154094934,0.018374999985098839,1.925,23.586794000000001,0.19745799999999999,2.8600829999999999,0.022457999999999999,26.534960999999999,36.420864999992773,811530.35465400002,811530.35494600004
470,524,8193,1,811528.27000000002,811537.80003000004,811564.46624099999,0.44624999999999998,0.38791599997784942,0.00029200001154094934,0.016625000047497451,1.9270419999999999,24.028960000000001,0.202125,3.028959,0.014874999999999999,26.67642,36.196240999968722,811538.23607099999,811538.236363
471,526,8193,1,811544.94900000002,811553.01074000006,811581.88632599998,0.54337500000000005,0.43837499991059303,0.00058300001546740532,2.9175420000683516,1.877167,23.354627000000001,0.20416599999999999,2.7647080000000002,0.021000000000000001,28.935085999999998,36.937325999955647,811553.49461499997,811553.49519799999
472,527,8193,1,811553.28700000001,811560.69119899999,811586.65770099999,4.7847920000000004,0.46287499996833503,0.00029100000392645597,0.069124999921768904,1.868417,23.214918999999998,0.200958,2.755376,0.021291999999999998,30.244668999999998,33.370700999977998,811561.19782400003,811561.19811500004
473,528,8193,1,811561.61600000004,811569.030241,811596.350661,4.9236259999999996,0.412999999942258,0.00029100000392645597,0.018374999985098839,1.854125,24.743836000000002,0.21087500000000001,2.8950830000000001,0.016917000000000001,31.787586999999998,34.734660999965854,811569.48670000001,811569.48699100001
474,529,8193,1,811569.93000000005,811581.97440900002,811610.74062000006,0.49466700000000002,0.43429200001992285,0.00058300001546740532,0.054834000067785382,1.8949579999999999,26.091335999999998,0.20300000000000001,3.1047920000000002,0.025375000000000002,28.780503,40.810620000003837,811582.45478399994,811582.45536699996
475,530,8193,1,811578.255,811586.72099299997,811612.70382900001,0.58274999999999999,0.5235419999808073,0.00029200001154094934,0.066500000073574483,1.8535410000000001,23.272086000000002,0.20125000000000001,2.9627500000000002,0.0037910000000000001,25.992169000000001,34.448829000000842,811587.29411799996,811587.29440999997
476,531,8193,1,811586.62699999998,811596.42853599996,811619.86716300005,0.59266600000000003,0.53725000005215406,0,0.016042000032030046,1.850042,20.740418999999999,0.215834,2.914917,0.010791,23.447376999999999,33.240163000067696,811597.01274399995,811597.01274399995
477,533,8193,1,811603.28899999999,811610.83424500003,811639.29158199998,0.53870799999999996,0.44245899992529303,0.00029200001154094934,0.062999999965541065,1.887667,25.774003,0.21029200000000001,3.4486669999999999,0.015458,28.509253000000001,36.002581999986432,811611.32103700005,811611.32132900006
478,534,8193,1,811611.61499999999,811619.01141299994,811645.38799900003,6.7547090000000001,0.43516700004693121,0.00029200001154094934,0.055124999955296516,1.8576250000000001,23.707543999999999,0.19745799999999999,2.735541,0.014,32.652962000000002,33.772999000037089,811619.48974600004,811619.49003800005
479,535,8193,1,811619.95200000005,811627.32683000003,811654.06099999999,7.9240000000000004,0.44654199993237853,0.00029200001154094934,0.013416999951004982,1.8322499999999999,24.140086,0.208541,2.8449170000000001,0.020708000000000001,34.163795,34.108999999938533,811627.82120500004,811627.82149700006
480,536,8193,1,811628.28399999999,811639.34437299997,811665.59408399998,0.56262500000000004,0.50166700000409037,0.00029100000392645597,0.013999999966472387,1.9142079999999999,23.513003000000001,0.212917,2.8096260000000002,0.022166999999999999,26.261377,37.310083999997005,811639.89533199999,811639.89562299999
481,537,8193,1,811636.62300000002,811645.43553999998,811671.86083500006,0.53462500000000002,0.48300100001506507,0.00058400002308189869,0.067665999988093972,1.912166,23.668168999999999,0.20241600000000001,2.9592499999999999,0.023917000000000001,26.431128000000001,35.237835000036284,811645.964332,811645.96491600003
482,538,8193,1,811644.95700000005,811654.18116599997,811681.31725199998,0.54308299999999998,0.47279200004413724,0.00058300001546740532,0.011667000013403594,1.909251,24.442544000000002,0.20854200000000001,3.0164170000000001,0.010792,27.147461,36.360251999925822,811654.71258299996,811654.71316599997
483,539,8193,1,811653.28899999999,811665.69966799999,811693.70666999999,0.61775000000000002,0.54804100003093481,0.00058300001546740532,0.014291999978013337,1.906917,25.167919000000001,0.224583,2.8107920000000002,0.016042000000000001,28.020126999999999,40.417669999995269,811666.30429300002,811666.30487600004
484,540,8193,1,811661.57799999998,811671.97429299995,811698.20854599995,0.50254200000000004,0.44129200000315905,0.00058300001546740532,0.055708999978378415,1.8800829999999999,23.557044000000001,0.21204200000000001,2.8886669999999999,0.017208000000000001,26.247378000000001,36.630545999971218,811672.46371000004,811672.46429300006
485,541,8193,1,811669.95200000005,811681.36450200004,811708.24537999998,0.497,0.43983399996068329,0.00058300001546740532,0.02420800004620105,1.8418760000000001,24.275127000000001,0.204458,2.9373749999999998,0.010500000000000001,26.890794,38.293379999930039,811681.85158599995,811681.85216899996
486,542,8193,1,811678.28099999996,811693.85571200005,811719.74375599995,0.52675000000000005,0.47074999997857958,0.00029200001154094934,0.057458000024780631,1.8789169999999999,23.179044000000001,0.20533299999999999,2.814292,0.030041999999999999,25.897669,41.462755999993533,811694.37283699994,811694.37312899996
487,543,8193,1,811686.61600000004,811698.31471199996,811724.87417299999,0.52412499999999995,0.46754199999850243,0.00058400002308189869,0.068833000026643276,1.943084,23.748377000000001,0.21058299999999999,2.8947910000000001,0.011084,26.569669000000001,38.258172999951057,811698.828629,811698.82921300002
488,544,8193,1,811694.94799999997,811708.30837999994,811732.44059100002,0.572542,0.50633400003425777,0.00058300001546740532,0.015459000016562641,1.91625,21.411543999999999,0.201542,3.0347919999999999,0.014874999999999999,24.147669,37.49259100004565,811708.86517200002,811708.86575500004
489,546,8193,1,811711.61699999997,811719.90009000001,811748.762843,0.55154199999999998,0.45062499993946403,0.00029200001154094934,0.058624999946914613,1.944833,26.114961000000001,0.20416699999999999,2.8927499999999999,0.021291999999999998,28.916419999999999,37.145843000034802,811720.39825600001,811720.39854800003
490,547,8193,1,811719.90800000005,811727.34721499996,811753.39684299997,2.9175420000000001,0.43079200002830476,0.00029100000392645597,0.052208999986760318,1.8398330000000001,23.376794,0.21612500000000001,2.8475419999999998,0.026540999999999999,28.490877999999999,33.488842999911867,811727.82379900001,811727.82409000001
491,548,8193,1,811728.28599999996,811735.70725800004,811759.394677,3.7009590000000001,0.45033299992792308,0.00058300001546740532,0.013416999951004982,1.9039999999999999,21.02421,0.21787500000000001,2.942917,0.018374999999999999,26.892253,31.108677000040188,811736.20338299999,811736.203966
492,549,8193,1,811736.62100000004,811748.84275900002,811774.42251199996,0.54979100000000003,0.48504199995659292,0.00029200001154094934,0.054832999943755567,1.9191670000000001,22.849169,0.19366700000000001,3.0977920000000001,0.014291999999999999,25.597543999999999,37.801511999918148,811749.37475900003,811749.37505100004
493,550,8193,1,811744.95600000001,811753.45692599996,811779.36480400001,0.55679100000000004,0.49933400005102158,0.00029200001154094934,0.058917000074870884,1.9217919999999999,23.146086,0.201542,2.9717920000000002,0.015458,25.917794000000001,34.408804000006057,811754.00380099996,811754.00409299997
494,551,8193,1,811753.23699999996,811760.69405199995,811789.83126300003,1.732208,0.44391700008418411,0.00029200001154094934,0.012250000028871,1.9168339999999999,26.481877999999998,0.21029100000000001,3.204834,0.014291,30.381461000000002,36.594263000064529,811761.18200999999,811761.182302
495,552,8193,1,811761.60800000001,811774.53713700001,811800.262139,0.52791699999999997,0.46870800002943724,0.00029200001154094934,0.013999999966472387,1.869,23.073460000000001,0.21554200000000001,2.8411249999999999,0.016334000000000001,25.735211,38.654138999991119,811775.05484500004,811775.05513700005
496,553,8193,1,811769.91299999994,811779.41788700002,811805.809932,0.503417,0.44537500001024455,0,0.08808300003875047,1.866959,23.662334999999999,0.20066700000000001,2.832084,0.016625000000000001,26.402253000000002,35.896932000061497,811779.911096,811779.911096
497,554,8193,1,811778.26699999999,811789.90767999995,811817.08430800005,0.42029100000000003,0.36400000005960464,0.00029200001154094934,2.8831250000512227,1.939292,21.649543999999999,0.21058299999999999,2.8469579999999999,0.016042000000000001,27.184794,38.817308000056073,811790.31951299997,811790.31980499998
498,555,8193,1,811786.61499999999,811800.32543099998,811826.73643399996,0.50137500000000002,0.44741700007580221,0.00058400002308189869,0.060958000016398728,1.878042,23.721252,0.22137499999999999,3.1371669999999998,0.018374999999999999,26.418877999999999,40.121433999971487,811800.81863899995,811800.81922299997
499,556,8193,1,811794.97499999998,811805.94234800001,811831.77964299999,0.52645900000000001,0.46170899993740022,0.00029100000392645597,0.013999999966472387,1.890001,23.168835999999999,0.231875,2.975584,0.0046670000000000001,25.855378000000002,36.804643000010401,811806.45043199998,811806.45072299999
500,557,8193,1,811803.29000000004,811817.18347399996,811842.03114400001,0.440417,0.38295900006778538,0.00029200001154094934,0.012250000028871,1.8669579999999999,22.256211,0.21116599999999999,3.2439170000000002,0.012833000000000001,24.858170000000001,38.741143999970518,811817.61339099996,811817.61368299997
501,558,8193,1,811811.576,811826.79564200004,811855.61435299995,0.45295800000000003,0.39404199994169176,0.00029200001154094934,2.7655840000370517,1.948917,23.422001999999999,0.20766699999999999,2.67225,0.016042000000000001,28.829211000000001,44.038352999952622,811827.23809999996,811827.23839199997
502,559,8193,1,811819.95400000003,811831.83622599998,811857.98472900002,0.54016699999999995,0.47279200004413724,0.00029199989512562752,0.049291000002995133,1.8899999999999999,23.415586000000001,0.22516700000000001,2.951959,0.023626000000000001,26.169795000000001,38.03072899999097,811832.35510100005,811832.35539299995
503,560,8193,1,811828.25199999998,811842.13818500005,811869.05960499996,0.52587499999999998,0.46491699991747737,0.00058400002308189869,0.011082999990321696,1.9045840000000001,24.257919000000001,0.201541,3.2681249999999999,0.016625000000000001,26.935420000000001,40.807604999979958,811842.65006000001,811842.65064400004
504,562,8193,1,811844.92200000002,811855.70885299996,811884.20527300006,0.54074999999999995,0.4421670000301674,0.00058399990666657686,0.014875000109896064,1.853542,25.894753000000001,0.20416699999999999,2.8119580000000002,0.022457999999999999,28.548044999999998,39.283273000037298,811856.19797800004,811856.19856199995
505,563,8193,1,811853.28200000001,811860.66106199997,811886.50506500003,3.0129169999999998,0.4217499999795109,0.00029200001154094934,0.055124999955296516,1.9287920000000001,23.144627,0.22750000000000001,2.9685839999999999,0.006417,28.392002999999999,33.223065000027418,811861.12627000001,811861.12656200002
506,564,8193,1,811861.61399999994,811869.13777100004,811893.44614899997,0.53666599999999998,0.47891700000036508,0.00029200001154094934,0.012833000044338405,1.871626,21.637293,0.22662499999999999,2.7620840000000002,0.020417000000000001,24.320043999999999,31.832149000023492,811869.66277099994,811869.66306299996
507,565,8193,1,811869.95499999996,811884.25281400001,811909.81244200002,0.48620799999999997,0.43020900001283735,0.00029200001154094934,0.057458000024780631,1.9462919999999999,22.791419000000001,0.205041,5.6656250000000004,0.014583,25.570419000000001,39.85744200006593,811884.72823100002,811884.72852300003
508,566,8193,1,811878.28000000003,811886.55873100006,811912.93852600001,0.63670899999999997,0.58245899993926287,0.00029100000392645597,0.0075840000063180923,1.887958,23.539543999999999,0.224,3.0307089999999999,0.019542,26.388545000000001,34.658525999984704,811887.18669,811887.18698100001
509,567,8193,1,811886.57200000004,811894.03531499999,811918.92206799996,1.032208,0.43575100007001311,0.00058400002308189869,0.014290999970398843,1.897875,22.210127,0.208541,3.0263330000000002,0.01575,25.439169,32.350067999912426,811894.51510700001,811894.51569100004
510,568,8193,1,811894.96200000006,811909.87485899997,811936.13682000001,0.49029200000000001,0.42495800007600337,0.00087500002700835466,0.059499999973922968,1.8908750000000001,23.592627,0.20125000000000001,3.1508750000000001,0.020709000000000002,26.279170000000001,41.174819999956526,811910.34794200002,811910.34881700005
511,569,8193,1,811903.28700000001,811912.99219200003,811939.49769500003,0.51070899999999997,0.45849999994970858,0.00087499991059303284,0.12541600002441555,1.933459,23.700544000000001,0.206208,2.897125,0.020125000000000001,26.510753000000001,36.210695000016131,811913.49765100004,811913.49852599995
512,570,8193,1,811911.61800000002,811919.02327600005,811942.98048699996,0.466084,0.41212499991524965,0.00029100000392645597,0.011667000013403594,1.887375,21.327544,0.20125000000000001,2.9224999999999999,0.0099159999999999995,23.965961,31.362486999947578,811919.48060999997,811919.48090099997
513,572,8193,1,811928.24800000002,811936.25115300005,811962.67148899997,0.65479200000000004,0.55154199991375208,0.00058300001546740532,0.05629199999384582,1.8993340000000001,23.604002000000001,0.22662499999999999,2.8075839999999999,0.01575,26.475753000000001,34.423488999949768,811936.85052800004,811936.85111100005
514,573,8193,1,811936.63699999999,811944.00452900003,811969.37224000006,4.8918340000000002,0.3896669999230653,0.00029200001154094934,0.054540999932214618,1.8302080000000001,22.823211000000001,0.200958,2.8268339999999998,0.0087500000000000008,29.825545000000002,32.735240000067279,811944.43852900004,811944.43882100005
515,574,8193,1,811944.94799999997,811952.35319599998,811976.80186500004,8.3798759999999994,0.43633399996906519,0.00029200001154094934,0.0084580000257119536,1.901084,21.798877000000001,0.21233299999999999,3.3576670000000002,0.022459,32.349628000000003,31.853865000070073,811952.83211299998,811952.83240499999
516,575,8193,1,811953.255,811962.78844699997,811988.79315799999,0.62708299999999995,0.56904199998825788,0.00029199989512562752,0.057166000013239682,1.940458,23.138503,0.216416,3.0852499999999998,0.018959,26.014627000000001,35.538157999981195,811963.40561400005,811963.40590599994
517,576,8193,1,811961.57799999998,811969.44048999995,811995.40261700004,0.46200000000000002,0.40366599999833852,0.00029200001154094934,0.057749999919906259,1.9302509999999999,23.249334999999999,0.24091699999999999,2.984334,0.012541999999999999,25.972919000000001,33.824617000063881,811969.89169800002,811969.89199000003
518,577,8193,1,811969.951,811977.35778199998,812004.51924299996,0.99662600000000001,0.47133400000166148,0,0.012541999923996627,1.907208,24.411628,0.20474999999999999,2.9440840000000001,0.015166000000000001,27.624628000000001,34.568242999957874,811977.89153200004,811977.89153200004
519,578,8193,1,811978.28700000001,811988.91828300001,812014.27636899997,0.61162499999999997,0.54220899997744709,0.00058300001546740532,0.052499999990686774,1.944542,22.497419000000001,0.21875,3.0487920000000002,0.027125,25.370919000000001,35.98936899995897,811989.51707499998,811989.517658
520,579,8193,1,811986.58499999996,811995.47320100002,812021.04712,0.60812500000000003,0.5433750000083819,0.00029100000392645597,0.060375000000931323,1.8701669999999999,22.769544,0.20883399999999999,2.9093749999999998,0.0096249999999999999,25.588211000000001,34.462120000040159,811996.06732599996,811996.06761699996
521,580,8193,1,811994.95999999996,812004.63561799994,812029.27066200005,0.60170900000000005,0.54075000004377216,0.00029100000392645597,0.02945900009945035,1.8996249999999999,21.826878000000001,0.21262500000000001,3.043542,0.013709000000000001,24.644378,34.310662000090815,812005.22770199995,812005.22799299995
522,581,8193,1,812003.28899999999,812014.40411899996,812040.78012200003,0.56525000000000003,0.49670900008641183,0.00029200001154094934,0.062999999965541065,1.9941249999999999,23.499002999999998,0.21087500000000001,3.00475,0.035000000000000003,26.392627999999998,37.49112200003583,812014.95303600002,812014.95332800003
523,582,8193,1,812011.625,812021.09757800004,812048.14791399997,0.48825000000000002,0.42758399993181229,0.00058300001546740532,0.064167000004090369,1.9713750000000001,24.255295,0.20912500000000001,2.9925000000000002,0.0096249999999999999,27.063752999999998,36.522913999971934,812021.57212000003,812021.57270300004
524,583,8193,1,812019.91399999999,812029.33191199997,812053.21970599995,0.50079099999999999,0.44654200004879385,0.00029200001154094934,0.014874999993480742,1.887667,21.263669,0.19775000000000001,2.91025,0.015459000000000001,23.896834999999999,33.305705999955535,812029.82366200001,812029.82395400002
525,584,8193,1,812028.28099999996,812040.91516400001,812067.13279099995,0.62329199999999996,0.53958300000522286,0.00058300001546740532,0.067959000007249415,1.9810000000000001,23.316711000000002,0.20416699999999999,2.9504999999999999,0.018374999999999999,26.233086,38.851790999993682,812041.52299700002,812041.52358000004
526,585,8193,1,812036.61699999997,812048.193998,812074.29787500005,0.513625,0.45295800000894815,0.00058300001546740532,0.069999999948777258,1.9048750000000001,23.382044,0.206791,2.9592510000000001,0.021291999999999998,26.115252000000002,37.680875000078231,812048.69624800002,812048.69683100004
527,586,8193,1,812044.94900000002,812053.29670599999,812077.554626,0.47950100000000001,0.42262600001413375,0.00029100000392645597,0.017208999954164028,1.8716250000000001,21.607544000000001,0.19891700000000001,3.119958,0.011667,24.269003000000001,32.605625999975018,812053.76483200002,812053.76512300002
528,587,8193,1,812053.29399999999,812067.23079099995,812093.02579400002,0.57866600000000001,0.51274999999441206,0.00029200001154094934,0.068832999910227954,1.8899999999999999,23.000544000000001,0.21554200000000001,3.0753339999999998,0.014291999999999999,25.812501999999999,39.731794000021182,812067.79195800005,812067.79225000006
529,588,8193,1,812061.58299999998,812074.39587500005,812100.40466999996,0.49495800000000001,0.43866699992213398,0.00029200001154094934,0.064167000004090369,1.906625,23.252253,0.222251,3.0992500000000001,0.014,26.018128000000001,38.821669999975711,812074.88150000002,812074.88179200003
530,589,8193,1,812069.91799999995,812077.64387599996,812104.305712,0.51975000000000005,0.4614160000346601,0.00029100000392645597,0.012834000051952899,1.9293750000000001,23.929794000000001,0.20416699999999999,2.9784999999999999,0.016917000000000001,26.672628,34.387712000054307,812078.15312599996,812078.15341699996
531,590,8193,1,812078.29099999997,812093.08558499999,812118.55538000003,0.545709,0.48241699999198318,0.00029100000392645597,0.012541999923996627,1.9413339999999999,22.739502999999999,0.207375,3.1342500000000002,0.01575,25.479420000000001,40.264380000066012,812093.62196100003,812093.62225200003
532,591,8193,1,812086.61499999999,812100.46300300001,812127.032381,0.50837500000000002,0.449750000028871,0.00029200001154094934,0.062999999965541065,1.8272919999999999,23.927461000000001,0.22312499999999999,2.9207510000000001,0.0093329999999999993,26.579294999999998,40.417381000006571,812100.96146100003,812100.96175300004
533,592,8193,1,812094.94999999995,812104.41275300004,812128.87542199995,0.57866600000000001,0.52208399993833154,0.00029200001154094934,0.018082999973557889,1.925,21.717502,0.20416599999999999,3.0216669999999999,0.013709000000000001,24.472584999999999,33.925422000000253,812104.98179500003,812104.98208700004
534,593,8193,1,812103.28700000001,812118.63471300004,812145.07575700001,0.56699999999999995,0.50429199996870011,0.00058299989905208349,0.054250000044703484,1.9293750000000001,23.619168999999999,0.20533399999999999,3.0385840000000002,0.014,26.453294,41.788757000002079,812119.18946300005,812119.19004599995
535,594,8193,1,812111.59600000002,812127.081381,812153.602633,0.514208,0.449750000028871,0.00029100000392645597,0.065042000031098723,1.988583,23.730585999999999,0.20241700000000001,3.0085419999999998,0.01925,26.537877000000002,42.006632999982685,812127.579256,812127.579547
536,595,8193,1,812119.91200000001,812128.93054700003,812153.64638299996,0.52354199999999995,0.44012499996460974,0.00058300001546740532,0.012250000028871,1.990334,21.539877000000001,0.20854200000000001,3.028667,0.0029160000000000002,24.724585999999999,33.734382999944501,812129.44533899997,812129.44592199998
537,597,8193,1,812136.57700000005,812145.17609099997,812171.70726000005,0.48066700000000001,0.38266600004862994,0.00029200001154094934,0.060375000000931323,2.0270830000000002,23.763252999999999,0.21495900000000001,3.003584,0.019542,26.583960999999999,35.130260000005364,812145.60425700003,812145.60454900004
538,598,8193,1,812144.91599999997,812153.77500799997,812177.21830199996,0.40804200000000002,0.352625000057742,0.00058300001546740532,0.018959000008180737,1.830792,20.914543999999999,0.206792,2.8282919999999998,0.017791000000000001,23.453793999999998,32.302301999996416,812154.17255000002,812154.17313300003
539,599,8193,1,812153.245,812160.69771700003,812186.64088700002,6.955667,0.39870899997185916,0.00058400002308189869,0.074082999955862761,1.924417,23.247876999999999,0.21145900000000001,2.9257089999999999,0.022166999999999999,32.454337000000002,33.395887000020593,812161.14221700002,812161.14280100004
540,600,8193,1,812161.625,812171.77959299996,812197.96922099998,0.50283299999999997,0.44129200000315905,0.00058299989905208349,0.051917000091634691,1.9416260000000001,23.427251999999999,0.202708,3.257333,0.014583,26.203043999999998,36.344220999977551,812172.26901000005,812172.26959299995
541,601,8193,1,812169.95999999996,812177.34517700004,812203.23263800004,0.46287499999999998,0.40599999995902181,0.00029200001154094934,0.015750000020489097,1.920042,23.249044000000001,0.20474999999999999,3.3104170000000002,0.024792000000000002,25.89592,33.272638000082225,812177.79959399998,812177.79988599999
542,602,8193,1,812178.29700000002,812186.75405300001,812213.029431,0.45091700000000001,0.39812499994877726,0.00029200001154094934,0.072915999917313457,1.958542,23.555878,0.20708399999999999,2.9315419999999999,0.019833,26.284127999999999,34.732430999982171,812187.19622000004,812187.19651200005
543,603,8193,1,812186.59400000004,812198.075679,812224.05414000002,0.51479200000000003,0.45879199996124953,0.00029100000392645597,0.063000000081956387,1.8838760000000001,23.278503000000001,0.206791,2.9073340000000001,0.022749999999999999,25.986044,37.460139999981038,812198.58288799995,812198.58317899995
544,604,8193,1,812194.94999999995,812203.30293000001,812227.26539099996,0.47395799999999999,0.4205829999409616,0.00029200001154094934,0.015166999888606369,1.87425,21.318794,0.202125,3.337542,0.016334000000000001,23.971211,32.315391000011005,812203.76813800004,812203.76843000005
545,605,8193,1,812203.28399999999,812213.07901400002,812239.56876699999,0.51070899999999997,0.46170899993740022,0.00029100000392645597,0.058916999958455563,1.9191670000000001,23.748669,0.21379200000000001,2.9224999999999999,0.022749999999999999,26.493836000000002,36.284767000004649,812213.58534800005,812213.58563900006
546,606,8193,1,812211.61600000004,812224.11159900005,812249.552226,0.55125000000000002,0.49145799991674721,0,0.064167000004090369,1.9045829999999999,22.680586000000002,0.21175099999999999,3.018167,0.020709000000000002,25.451711,37.936225999961607,812224.65205699997,812224.65205699997
547,607,8193,1,812219.92299999995,812227.38001600001,812254.93551800004,0.54833299999999996,0.48591599997598678,0.00058300001546740532,0.013999999966472387,1.8949590000000001,24.838336000000002,0.20970900000000001,2.9335830000000001,0.0078750000000000001,27.571836000000001,35.012518000090495,812227.91172400001,812227.91230700002
548,608,8193,1,812228.26199999999,812239.62097499997,812265.19781100005,0.521791,0.46141700004227459,0.00029200001154094934,0.060667000012472272,1.8620000000000001,22.915378,0.20241700000000001,2.8367499999999999,0.0070000000000000001,25.588501999999998,36.935811000061221,812240.1311,812240.13139200001
549,609,8193,1,812236.63,812249.60472599999,812276.00639600004,0.60695900000000003,0.54570899996906519,0.00029200001154094934,0.051041999948211014,1.9424999999999999,23.570169,0.203292,2.9650829999999999,0.016334000000000001,26.411294999999999,39.376396000036038,812250.20235100004,812250.20264300006
550,610,8193,1,812244.95400000003,812255.03439299995,812279.06131200003,0.51566699999999999,0.45295900001656264,0.00058300001546740532,0.016042000032030046,1.873667,21.331336,0.21875,3.4498340000000001,0.015167,24.039169000000001,34.107312000007369,812255.53781000001,812255.53839300002
551,611,8193,1,812253.28899999999,812265.23835300002,812291.81822999998,0.45995799999999998,0.40337499999441206,0.00058400002308189869,0.060958000016398728,1.9057500000000001,23.924544000000001,0.205041,3.0560830000000001,0.015167,26.591543999999999,38.529229999985546,812265.686644,812265.68722800002
552,612,8193,1,812261.62100000004,812276.061812,812303.53448200005,0.52908299999999997,0.47104199999012053,0.00029200001154094934,0.081375000067055225,1.9168339999999999,24.709710999999999,0.20416699999999999,3.1307510000000001,0.023917000000000001,27.482586000000001,41.913482000003569,812276.58097899996,812276.58127099997
553,613,8193,1,812269.94799999997,812279.12372899998,812303.58143999998,0.580708,0.51129200006835163,0.00058400002308189869,0.0099159999517723918,1.9188750000000001,21.448878000000001,0.202125,3.0426669999999998,0.0026250000000000002,24.473168999999999,33.633440000005066,812279.68897899997,812279.68956299999
554,614,8193,1,812278.28899999999,812291.87218900002,812318.33539999998,0.52558400000000005,0.46520800003781915,0.00058300001546740532,0.051042000064626336,1.8865000000000001,23.715419000000001,0.21029100000000001,2.805542,0.014291999999999999,26.474295000000001,40.046399999991991,812292.38668899995,812292.38727199996
555,616,8193,1,812294.93400000001,812303.69664800004,812327.50598400005,0.48620799999999997,0.39374999993015081,0.00029200001154094934,0.0099160000681877136,1.8170839999999999,21.247043000000001,0.21145800000000001,2.9295010000000001,0.018374999999999999,23.857168999999999,32.571984000038356,812304.13531499996,812304.13560699997
556,617,8193,1,812303.277,812310.70598199998,812339.20765200001,7.1143340000000004,0.51479200005996972,0.00029100000392645597,0.080209000036120415,1.9573750000000001,25.636043999999998,0.22137499999999999,2.9496250000000002,0.022457999999999999,35.054544999999997,35.930652000010014,812311.26744099997,812311.26773199998
557,618,8193,1,812311.57799999998,812319.02665000001,812345.42511099996,1.13575,0.44799999997485429,0.00029200001154094934,0.056582999997772276,1.913041,23.657378000000001,0.22779199999999999,2.823334,0.023917000000000001,27.041585999999999,33.847110999980941,812319.51927499997,812319.51956699998
558,619,8193,1,812319.929,812327.62235900003,812351.86190300004,0.51216700000000004,0.44741699995938689,0,0.011666000005789101,1.8862080000000001,21.552710999999999,0.21087500000000001,3.043542,0.011083000000000001,24.248586,31.932903000037186,812328.12577599997,812328.12577599997
559,620,8193,1,812328.28899999999,812339.27327699994,812368.13632100006,0.54658399999999996,0.48387500003445894,0.00029100000392645597,0.011959000024944544,1.8937919999999999,26.180002000000002,0.20300000000000001,3.0540419999999999,0.023625,28.877336,39.847321000066586,812339.80556899996,812339.80585999996
560,621,8193,1,812336.59699999995,812345.54586099996,812371.67307200003,0.50575000000000003,0.44945800001733005,0.00029200001154094934,0.072042000014334917,1.967292,23.361919,0.20533299999999999,2.9490419999999999,0.010500000000000001,26.138003000000001,35.076072000083514,812346.04081899999,812346.041111
561,622,8193,1,812344.91200000001,812352.31544499996,812376.84198899998,0.91583400000000004,0.50516699999570847,0.00029100000392645597,0.008459000033326447,1.8305,21.824543999999999,0.24324999999999999,2.9163749999999999,0.0078750000000000001,24.890836,31.929988999967463,812352.86698699999,812352.86727799999
562,623,8193,1,812353.29299999995,812368.17978000001,812396.544658,0.49729200000000001,0.44741599995177239,0.00029200001154094934,0.052499999990686774,1.9611670000000001,25.607752000000001,0.21233399999999999,5.5387510000000004,0.022166999999999999,28.369837,43.251658000051975,812368.67211299995,812368.67240499996
563,624,8193,1,812361.63399999996,812371.71244699997,812397.62178299995,0.50837500000000002,0.45354100002441555,0,0.0069999999832361937,1.906042,23.260418999999999,0.21204200000000001,3.1222919999999998,0.012833000000000001,25.918085999999999,35.987782999989577,812372.21236400004,812372.21236400004
564,625,8193,1,812369.93700000003,812377.344239,812401.83082499995,0.93974999999999997,0.42379200004506856,0.00029199989512562752,0.012250000028871,1.8272919999999999,21.913211,0.19775000000000001,2.8207089999999999,0.0078750000000000001,24.957044,31.893824999919161,812377.81382200005,812377.81411399995
565,627,8193,1,812386.59600000002,812396.64236599999,812424.69195200002,0.59850000000000003,0.50137499999254942,0,0.058625000063329935,1.9139170000000001,25.281669000000001,0.21320800000000001,2.8641670000000001,0.017208000000000001,28.101503000000001,38.095952000003308,812397.18924099999,812397.18924099999
566,628,8193,1,812394.95299999998,812402.34036699997,812428.17941099999,5.0519590000000001,0.37274999998044223,0.00029200001154094934,0.064167000004090369,1.8462499999999999,22.698961000000001,0.19483300000000001,2.713959,0.0075830000000000003,30.472753000000001,33.226411000010557,812402.75890799996,812402.75919999997
567,629,8193,1,812403.28899999999,812410.67065900005,812433.56678600004,8.3892089999999993,0.44741699995938689,0.00058400002308189869,0.0087499999208375812,1.8856250000000001,20.230001999999999,0.230125,3.0030000000000001,0.012833000000000001,30.795628000000001,30.277786000049673,812411.16036700003,812411.16095100006
568,630,8193,1,812411.62600000005,812424.80307699996,812454.24595500005,0.51187499999999997,0.45820900006219745,0.00029200001154094934,2.9096660000504926,1.9550419999999999,23.823626999999998,0.207375,2.73875,0.025375000000000002,29.451919,42.619955000001937,812425.30561899999,812425.305911
569,631,8193,1,812419.90700000001,812428.21324399998,812454.56883,0.48125000000000001,0.43020900001283735,0.00029200001154094934,0.05162499996367842,1.9894579999999999,23.591460000000001,0.21904199999999999,3.0549170000000001,0.011083000000000001,26.360544000000001,34.661829999997281,812428.68953600002,812428.68982800003
570,632,8193,1,812428.29000000004,812435.68311999994,812459.26641399995,2.4546670000000002,0.44362500007264316,0,0.016917000059038401,1.869583,20.997085999999999,0.19629199999999999,3.0024169999999999,0.0043750000000000004,25.550878000000001,30.976413999916986,812436.17049499997,812436.17049499997
571,634,8193,1,812444.91599999997,812454.35008,812482.47375,0.513042,0.41795799997635186,0.00029100000392645597,0.058333999942988157,1.9010830000000001,25.466294999999999,0.20474999999999999,2.8221669999999999,0.013417,28.175294999999998,37.557750000036322,812454.81149700005,812454.81178800005
572,635,8193,1,812453.28300000005,812460.68887199997,812486.53345800005,6.3160420000000004,0.40512500004842877,0.00029200001154094934,0.053666000021621585,1.806584,23.263919000000001,0.19833300000000001,2.8268339999999998,0.010792,31.711461,33.250457999994978,812461.13803899998,812461.13833099999
573,636,8193,1,812461.61899999995,812469.02937300003,812496.12170899997,8.4212919999999993,0.49466700002085418,0.00029200001154094934,0.0093330000527203083,1.879791,24.421544999999998,0.20591599999999999,3.3144999999999998,0.01575,34.972878000000001,34.502709000022151,812469.57041499997,812469.57070699998
574,637,8193,1,812469.96900000004,812482.526541,812509.84900199994,0.50312500000000004,0.44945900002494454,0.00029200001154094934,0.023333000019192696,1.969625,24.576711,0.21320900000000001,2.9878339999999999,0.026542,27.331793999999999,39.88000199990347,812483.02033299999,812483.020625
575,638,8193,1,812478.27500000002,812486.58245800005,812512.75166900002,0.65916699999999995,0.59499999997206032,0.0011660000309348106,0.074666999978944659,1.87425,23.349377,0.20066700000000001,2.7897919999999998,0.010208999999999999,26.182918999999998,34.476668999996036,812487.22791699995,812487.22908299998
576,639,8193,1,812486.63500000001,812496.18150099996,812520.667503,0.58362499999999995,0.52383300010114908,0.00058300001546740532,0.014291999978013337,1.882709,21.735002000000001,0.20008300000000001,2.7632509999999999,0.0093329999999999993,24.49446,34.032502999994904,812496.75666800002,812496.75725100003
577,640,8193,1,812494.95299999998,812509.89916899998,812536.03338000004,0.52441599999999999,0.47045799996703863,0.00029200001154094934,0.05920800007879734,1.8856250000000001,23.425794,0.21029200000000001,5.3622920000000001,0.014583,26.139168999999999,41.08038000005763,812510.41862699995,812510.41891899996
578,641,8193,1,812503.299,812512.82137799996,812538.41250500001,0.504583,0.42350000003352761,0.00029200001154094934,0.0090419999323785305,1.916833,22.934335999999998,0.22516700000000001,2.9720840000000002,0.010500000000000001,25.615044000000001,35.113505000015721,812513.30204400001,812513.30233600002
579,642,8193,1,812511.60600000003,812520.71300300001,812544.59233899997,0.48416700000000001,0.43079200002830476,0.00029100000392645597,0.0081670000217854977,1.8838760000000001,21.206793000000001,0.21174999999999999,3.3075000000000001,0.0099159999999999995,23.884001999999999,32.986338999937288,812521.19221200002,812521.19250300003
580,644,8193,1,812528.25899999996,812536.17046299996,812566.67705000006,0.54570799999999997,0.45004200004041195,0.00029199989512562752,0.063292000093497336,1.929084,27.751794,0.22516600000000001,2.9367920000000001,0.023333,30.555002999999999,38.418050000094809,812536.66746300005,812536.66775499994
581,645,8193,1,812536.59999999998,812544.03583900002,812569.74946700002,5.7712089999999998,0.41824999998789281,0.00087500002700835466,0.12308299995493144,1.806,23.084835999999999,0.21495900000000001,2.805542,0.0037910000000000001,31.017878,33.149467000039294,812544.50250599999,812544.50338100002
582,646,8193,1,812544.95400000003,812552.36671500001,812576.49163399998,8.2818760000000005,0.49408299999777228,0.00058300001546740532,0.011375000001862645,1.855,21.478626999999999,0.203292,2.8242080000000001,0.018083999999999999,31.866627999999999,31.537633999949321,812552.90688200004,812552.90746500005
583,647,8193,1,812553.29500000004,812566.72896600002,812592.62313600001,0.47570800000000002,0.42262500000651926,0.00029200001154094934,0.054832999943755567,1.9212089999999999,23.210543999999999,0.206792,5.3970010000000004,0.017208000000000001,25.902335999999998,39.328135999967344,812567.19621600001,812567.19650800002
584,648,8193,1,812561.61800000002,812569.78475800005,812595.45842799998,0.57487500000000002,0.51770899991970509,0.00058300001546740532,0.0096250000642612576,1.887084,22.909544,0.207375,3.1094590000000002,0.016333,25.678628,33.840427999966778,812570.35467499995,812570.35525799997
585,649,8193,1,812569.95799999998,812577.36050900002,812602.28021999996,1.3011250000000001,0.42816699994727969,0.00029100000392645597,0.013709000078961253,1.9238329999999999,22.231418999999999,0.20008300000000001,3.2975829999999999,0.014583,25.748044,32.322219999972731,812577.83330099995,812577.83359199995
586,650,8193,1,812578.25600000005,812592.68963599997,812618.50913799996,0.46899999999999997,0.41008300008252263,0.00029100000392645597,0.014874999993480742,1.9553339999999999,23.150752000000001,0.20708299999999999,2.8799169999999998,0.016917000000000001,25.831752000000002,40.253137999912724,812593.14638599998,812593.14667699998
587,651,8193,1,812586.58700000006,812595.51384399994,812621.73497200001,0.52441599999999999,0.46812500001396984,0.00029200001154094934,0.066791999968700111,1.9191670000000001,23.490252000000002,0.203292,2.9910420000000002,0.0096249999999999999,26.229002000000001,35.147971999947913,812596.03009400005,812596.03038600006
588,652,8193,1,812594.91799999995,812602.38901200006,812626.83243099996,0.513625,0.46054099989123642,0.00029200001154094934,0.013124999939464033,1.914792,21.773793999999999,0.222834,2.9309590000000001,0.0046670000000000001,24.452461,31.914431000011973,812602.89330300002,812602.89359500003
589,653,8193,1,812603.25199999998,812618.56776300003,812646.67422399996,0.50137500000000002,0.44420899997930974,0.00029100000392645597,0.06066699989605695,1.958834,25.356919000000001,0.205041,5.492375,0.017208000000000001,28.117543999999999,43.422223999979906,812619.05834700004,812619.05863800005
590,654,8193,1,812611.62800000003,812621.77347200003,812646.73051599995,0.47191699999999998,0.41591699991840869,0.00029200001154094934,0.0084580000257119536,1.9130419999999999,22.029294,0.21262500000000001,2.8898329999999999,0.0070000000000000001,24.966961000000001,35.102515999926254,812622.23547199997,812622.23576399998
591,655,8193,1,812619.96299999999,812627.34547199996,812650.118808,0.88025100000000001,0.44945900002494454,0.00029100000392645597,0.01079199998639524,1.8340000000000001,20.211335999999999,0.205042,2.8959579999999998,0.0052500000000000003,23.157169,30.155808000010438,812627.84159800003,812627.84188900003
592,657,8193,1,812636.57499999995,812646.77397400001,812672.32455999998,0.50720799999999999,0.41504200000781566,0.00029200001154094934,0.055125000071711838,1.8436250000000001,22.940752,0.212917,2.9052920000000002,0.021291999999999998,25.599585999999999,35.749560000025667,812647.23189099994,812647.23218299996
593,658,8193,1,812644.94099999999,812652.33868299995,812683.23056099995,5.5323339999999996,0.39141700009349734,0.00029200001154094934,0.059499999973922968,1.8754169999999999,28.262794,0.231875,3.000667,0.010500000000000001,35.988461999999998,38.289560999954119,812652.77443300001,812652.77472500002
594,659,8193,1,812653.28599999996,812660.69901700004,812684.60110299999,8.4093339999999994,0.45325099991168827,0.00058400002308189869,0.009041000041179359,1.8514999999999999,21.316459999999999,0.20300000000000001,2.7361249999999999,0.010500000000000001,31.815003000000001,31.315103000029922,812661.19543399999,812661.19601800002
595,660,8193,1,812661.62100000004,812672.38055999996,812697.63189600001,0.51100000000000001,0.45529200008604676,0.00029199989512562752,0.03645800007507205,1.86025,22.592210999999999,0.218166,2.9866670000000002,0.022749999999999999,25.261544000000001,36.010895999963395,812672.88135200005,812672.88164399995
596,661,8193,1,812669.91700000002,812683.273728,812707.36043899995,0.53229199999999999,0.47979200002737343,0.00029100000392645597,0.058916999958455563,1.8707510000000001,21.395502,0.205626,3.1053760000000001,0.014583,24.093710999999999,37.443438999936916,812683.79902000003,812683.79931100004
597,662,8193,1,812678.272,812685.73452000006,812709.65439699998,1.5913330000000001,0.49612499994691461,0.00058300001546740532,0.01049999997485429,1.901667,21.229543,0.20183300000000001,3.3109999999999999,0.017500000000000002,24.970752000000001,31.382396999979392,812686.27526999998,812686.275853
598,663,8193,1,812686.62399999995,812697.68760499998,812723.69960699999,0.54249999999999998,0.49145800003316253,0.00058300001546740532,0.048999999999068677,1.94425,23.187503,0.21729100000000001,3.176542,0.014583,26.018419000000002,37.075607000035234,812698.223688,812698.22427100001
599,664,8193,1,812694.94900000002,812707.44531400001,812732.90519099997,0.50983299999999998,0.4485829999903217,0.00029100000392645597,0.061834000051021576,1.8611249999999999,22.788793999999999,0.21262500000000001,3.143875,0.01575,25.470085000000001,37.956190999946557,812707.94523099996,812707.94552199997
600,665,8193,1,812703.28700000001,812710.66298100003,812740.60227599996,1.4702919999999999,0.46987499995157123,0.00058399990666657686,0.012250000028871,1.883875,27.229419,0.20854200000000001,3.0135010000000002,0.014874999999999999,30.888379,37.315275999950245,812711.18418900005,812711.18477299996
601,666,8193,1,812711.62100000004,812723.75852399995,812750.36086000002,0.51537500000000003,0.46462500002235174,0.00029200001154094934,0.06358299998100847,1.901375,23.837043999999999,0.20912500000000001,2.8105000000000002,0.014291999999999999,26.607877999999999,38.739859999972396,812724.26864899998,812724.26894099999
602,667,8193,1,812719.96699999995,812732.95739999996,812759.14119400003,0.497583,0.44304100004956126,0.00029200001154094934,0.055415999959222972,1.8856250000000001,23.499293999999999,0.2135,2.8236249999999998,0.017791999999999999,26.189919,39.174194000079297,812733.44885799999,812733.44915
603,668,8193,1,812728.299,812740.70844199997,812767.41257000004,0.45150000000000001,0.39375000004656613,0.00029100000392645597,0.016625000047497451,1.8879589999999999,24.085543999999999,0.20474999999999999,2.8927510000000001,0.010791,26.714918999999998,39.113570000045002,812741.14915099996,812741.14944199997
604,669,8193,1,812736.62300000002,812750.42152700003,812775.98990399996,0.49641600000000002,0.43720799998845905,0.00058400002308189869,0.011666000005789101,1.835458,22.995294000000001,0.20125000000000001,2.8802089999999998,0.022749999999999999,25.578876999999999,39.366903999936767,812750.907443,812750.90802700003
605,670,8193,1,812744.95299999998,812759.19252699998,812786.20961300004,0.50808299999999995,0.45762500003911555,0.00058400002308189869,0.0099159999517723918,1.969042,24.288544000000002,0.21962499999999999,3.3130419999999998,0.010500000000000001,27.021753,41.256613000063226,812759.69565200002,812759.69623600005
606,671,8193,1,812753.29299999995,812767.50211200002,812794.29607299995,0.43429099999999998,0.37683299998752773,0.00029200001154094934,0.013124999939464033,1.9276249999999999,24.146502999999999,0.202709,3.2593749999999999,0.015167,26.806211000000001,41.003072999999858,812767.924153,812767.92444500001
607,672,8193,1,812761.61499999999,812776.03802900005,812802.37465699995,0.42991600000000002,0.37595799996051937,0.00058400002308189869,0.067957999999634922,1.920334,23.674876999999999,0.2135,2.8536670000000002,0.021583999999999999,26.345085999999998,40.759656999958679,812776.45948700001,812776.46007100004
608,674,8193,1,812778.29700000002,812786.30323800002,812815.42761599994,0.54774999999999996,0.44916700001340359,0.00029200001154094934,0.065916999941691756,1.8450839999999999,26.413627000000002,0.215834,2.898876,0.012541999999999999,29.178336000000002,37.130615999922156,812786.79703000002,812786.79732200003
609,675,8193,1,812786.63899999997,812794.39319800003,812818.33553299995,0.42816700000000002,0.37333299999590963,0.00029100000392645597,0.0099169999593868852,1.9410419999999999,21.262794,0.205042,3.227875,0.012833000000000001,23.952544,31.696532999980263,812794.81144800002,812794.81173900003
610,676,8193,1,812794.95900000003,812802.42744799994,812828.22478399996,0.50924999999999998,0.45820900006219745,0.00029200001154094934,0.05162499996367842,1.844209,23.149584999999998,0.20708299999999999,2.9773339999999999,0.023333,25.802876999999999,33.265783999930136,812802.93144800002,812802.93174000003
611,677,8193,1,812803.29000000004,812815.478366,812841.11499399994,0.52529199999999998,0.47512499999720603,0.00029200001154094934,0.057458000024780631,1.9039999999999999,22.913336000000001,0.214083,3.3725420000000002,0.010208,25.642752999999999,37.824993999907747,812815.99753299996,812815.99782499997
612,678,8193,1,812811.58200000005,812819.02882500004,812845.10586899996,1.147708,0.44887500000186265,0.00029200001154094934,0.012250000028871,1.901084,23.439793999999999,0.199209,3.2331259999999999,0.017791999999999999,26.732127999999999,33.52386899990961,812819.52115799999,812819.52145
613,679,8193,1,812819.91799999995,812828.27786799998,812853.63566200004,0.52004099999999998,0.46783300000242889,0.00029200001154094934,0.059499999973922968,1.9462919999999999,22.585502999999999,0.217583,2.951667,0.018374999999999999,25.366544000000001,33.717662000097334,812828.78915900004,812828.78945100005
614,680,8193,1,812828.27899999998,812841.16078599996,812866.20853800001,0.62737500000000002,0.56700000003911555,0.00029099988751113415,0.055125000071711838,1.9072089999999999,22.239585000000002,0.19950000000000001,2.842292,0.011375,25.057376999999999,37.929538000025786,812841.77853600006,812841.77882699994
615,681,8193,1,812836.62699999998,812845.22866100003,812871.52124699997,0.58391599999999999,0.51158299995586276,0.00058400002308189869,0.032665999955497682,1.9457089999999999,23.458753000000002,0.21116599999999999,3.1812079999999998,0.014583,26.303668999999999,34.894246999989264,812845.80149400001,812845.80207800004
616,682,8193,1,812844.95299999998,812853.69107900001,812880.11637299997,0.59295900000000001,0.53899999998975545,0.00058300001546740532,0.061541999923065305,1.90225,23.594086000000001,0.22720899999999999,2.966542,0.042000000000000003,26.433752999999999,35.163372999988496,812854.27557900001,812854.27616200002
617,683,8193,1,812853.25,812866.26045499998,812892.17970700003,0.57399999999999995,0.51654199999757111,0.00029199989512562752,0.07000000006519258,1.8614170000000001,23.183126999999999,0.199792,2.8819590000000002,0.025375000000000002,25.928877,38.929707000032067,812866.82483000006,812866.82512199995
618,684,8193,1,812861.63100000005,812871.62741399999,812895.48312400002,0.48912499999999998,0.43545800005085766,0.00029200001154094934,0.011667000013403594,1.9355,21.140001999999999,0.2135,3.3037079999999999,0.011083000000000001,23.865044000000001,33.852123999968171,812872.10720500001,812872.10749700002
619,685,8193,1,812869.95900000003,812880.17324799998,812906.50900099997,0.49904199999999999,0.4450829999987036,0.00029199989512562752,0.057458000024780631,1.8722080000000001,23.665835999999999,0.215833,3.0426669999999998,0.014,26.342169999999999,36.550000999937765,812880.66587300005,812880.66616499994
620,686,8193,1,812878.28599999996,812892.30862400006,812920.26108500001,0.57079199999999997,0.50633299991022795,0.00029100000392645597,0.014292000094428658,1.9559169999999999,25.173461,0.200958,2.953417,0.024209000000000001,27.96442,41.975085000041872,812892.86716599995,812892.86745699996
621,687,8193,1,812886.62100000004,812895.58141600003,812920.36083500006,0.52149999999999996,0.45879199996124953,0.00058400002308189869,0.013125000055879354,1.892917,21.019252000000002,0.198625,2.8708749999999998,0.003209,24.793710999999998,33.739835000014864,812896.08862399997,812896.08920799999
622,688,8193,1,812894.96499999997,812906.56966699997,812932.86517,0.53958300000000003,0.47833399998489767,0.00058300001546740532,0.061541999923065305,1.849458,23.611878000000001,0.20591599999999999,3.0321669999999998,0.020125000000000001,26.305126999999999,37.900170000037178,812907.09933400003,812907.09991700004
623,690,8193,1,812911.62,812920.45796000003,812946.94800500001,0.53812499999999996,0.4334169999929145,0.00029100000392645597,0.015459000016562641,1.8307910000000001,23.860378000000001,0.22079199999999999,2.8326669999999998,0.011375,26.538753,35.328005000017583,812920.94766900002,812920.94796000002
624,691,8193,1,812919.92000000004,812927.35966900003,812956.26500599994,6.8950009999999997,0.44916700001340359,0.00029100000392645597,0.062125000054948032,1.8859170000000001,26.211794000000001,0.215834,2.7930000000000001,0.014291999999999999,35.305670999999997,36.345005999901332,812927.85462799994,812927.85491899995
625,692,8193,1,812928.29500000004,812935.69783700001,812961.49575600005,3.327334,0.49379199999384582,0.00058300001546740532,0.055999999982304871,1.825833,23.130628000000002,0.20649999999999999,2.9878339999999999,0.023917000000000001,28.587128,33.20075600000564,812936.23596199998,812936.23654499999
626,693,8193,1,812936.62199999997,812946.99875499995,812974.004174,0.55591699999999999,0.49029099999461323,0.00029200001154094934,0.010208000079728663,1.925292,24.242751999999999,0.20300000000000001,3.1010010000000001,0.011665999999999999,27.013877999999998,37.382174000027589,812947.54621299997,812947.54650499998
627,694,8193,1,812944.96200000006,812956.319839,812982.37121600006,0.54483300000000001,0.48358300002291799,0.00029200001154094934,0.054832999943755567,1.8684160000000001,23.340627999999999,0.21554200000000001,2.8396669999999999,0.018374999999999999,26.063044000000001,37.409216000000015,812956.85271400004,812956.85300600005
628,695,8193,1,812953.28700000001,812961.60513100005,812987.65271699999,0.56174999999999997,0.50458299997262657,0.00029100000392645597,0.063291999977082014,1.906625,23.227461000000002,0.27241599999999999,3.0149590000000002,0.0090419999999999997,26.058961,34.365716999978758,812962.15579800005,812962.15608900005
629,696,8193,1,812961.58499999996,812974.10684100003,812998.35513499996,0.562917,0.50049999996554106,0.00029200001154094934,0.013417000067420304,1.9343330000000001,21.516836000000001,0.205042,2.9449580000000002,0.010500000000000001,24.259086,36.770134999998845,812974.65925699996,812974.65954899997
630,697,8193,1,812969.91000000003,812982.42400799994,813011.51280300005,0.53929199999999999,0.46812500001396984,0.00029100000392645597,2.7402090000687167,1.9217919999999999,23.602834999999999,0.20358299999999999,2.7017090000000001,0.014,29.098711000000002,41.602803000016138,812982.95309199998,812982.95338299999
631,698,8193,1,812978.28700000001,812987.76121699996,813014.32942800003,0.51916600000000002,0.4532500000204891,0.00058399990666657686,0.05920800007879734,1.8620000000000001,23.909085999999999,0.201541,3.0167090000000001,0.017208000000000001,26.582502000000002,36.042428000015207,812988.26580000005,812988.26638399996
632,699,8193,1,812986.59900000005,812998.412885,813024.417304,0.45558300000000002,0.39987500000279397,0.00029200001154094934,0.013124999939464033,1.929376,23.326335,0.206792,2.815458,0.018082999999999998,26.014336,37.818303999956697,812998.85855100001,812998.85884300002
633,701,8193,1,813003.25100000005,813011.61780300003,813037.86138899997,0.58829200000000004,0.48591599997598678,0.00058300001546740532,0.060667000012472272,1.8707499999999999,23.494043999999999,0.233042,3.4022920000000001,0.035291999999999997,26.302795,34.61038899992127,813012.14688599994,813012.14746899996
634,702,8193,1,813011.61899999995,813019.02701199998,813044.72197299998,5.1479169999999996,0.4456670000217855,0.00058300001546740532,0.058625000063329935,1.857917,22.996459999999999,0.20358399999999999,3.0753339999999998,0.018082999999999998,30.353753000000001,33.102973000030033,813019.51642899995,813019.51701199997
635,703,8193,1,813019.96499999997,813027.317346,813054.31955699995,3.3121670000000001,0.46870800002943724,0,0.01195800001733005,1.830792,24.353294000000002,0.21116599999999999,3.203084,0.018959,29.802211,34.354556999984197,813027.82951299998,813027.82951299998
636,704,8193,1,813028.29299999995,813037.994389,813066.85393300001,0.58216699999999999,0.52150000003166497,0.00029200001154094934,0.062999999965541065,1.924417,25.991878,0.217,3.1508750000000001,0.017500000000000002,28.872085999999999,38.560933000058867,813038.56430500001,813038.56459700002
637,705,8193,1,813036.60699999996,813044.79868100001,813070.37318400003,0.61570800000000003,0.55358299997169524,0.00058300001546740532,0.013124999939464033,1.877459,22.832543999999999,0.21058399999999999,2.7932920000000001,0.017208000000000001,25.587336000000001,33.76618400006555,813045.401556,813045.40213900001
638,706,8193,1,813044.97100000002,813054.36884899996,813077.56714299996,0.47104200000000002,0.41970800003036857,0.00029200001154094934,0.011666000005789101,1.834875,20.645334999999999,0.215833,2.81575,0.011084,23.203253,32.596142999944277,813054.83493200003,813054.83522400004
639,707,8193,1,813053.26899999997,813066.91255799995,813092.75685300003,0.499334,0.44245900004170835,0.00058300001546740532,0.067666999995708466,1.8786259999999999,23.121585,0.2135,3.0557919999999998,0.014874999999999999,25.854503000000001,39.48785300005693,813067.40139200003,813067.40197500004
640,708,8193,1,813061.61899999995,813070.42976700002,813096.74685300002,0.54220800000000002,0.48183299996890128,0.00058300001546740532,0.065624999930150807,1.8856250000000001,23.544502000000001,0.20824999999999999,2.9714999999999998,0.01575,26.327293999999998,35.1278530000709,813070.96176700003,813070.96235000005
641,709,8193,1,813069.95700000005,813077.69576799998,813104.62768699997,0.50749999999999995,0.449750000028871,0.00029100000392645597,0.011083999997936189,1.9075,24.263752,0.21262500000000001,2.9927920000000001,0.023916,26.942419000000001,34.670686999917962,813078.19276799995,813078.19305899995
642,710,8193,1,813078.30299999996,813092.81810300006,813117.44818800001,0.52354199999999995,0.46199999994132668,0.00029200001154094934,0.01049999997485429,1.9235420000000001,21.919044,0.219917,3.0619170000000002,0.026540999999999999,24.642627000000001,39.145188000053167,813093.329394,813093.32968600001
643,711,8193,1,813086.63300000003,813096.80985299998,813122.99452199996,0.56116600000000005,0.49787500000093132,0.00058400002308189869,0.065624999930150807,1.863167,23.464003000000002,0.216417,2.914625,0.010208999999999999,26.198086,36.361521999933757,813097.357311,813097.35789500002
644,712,8193,1,813094.96299999999,813104.72072900005,813128.97923099995,0.62387499999999996,0.56087499996647239,0.00029200001154094934,0.014000000082887709,1.8608340000000001,21.494959999999999,0.19658400000000001,3.0776659999999998,0.014,24.267251999999999,34.01623099995777,813105.33585399995,813105.33614599996
645,713,8193,1,813103.25100000005,813117.55552199995,813143.65123299998,0.53491699999999998,0.47658300003968179,0.00029199989512562752,0.056875000009313226,1.910709,23.354336,0.215833,2.9554589999999998,0.017208000000000001,26.106795000000002,40.400232999934815,813118.07935500005,813118.07964699995
646,714,8193,1,813111.62,813123.05023099994,813149.38598300004,0.57516699999999998,0.51245800009928644,0.00029200001154094934,0.069416000042110682,1.873667,23.602252,0.200375,3.0639590000000001,0.011958999999999999,26.348586000000001,37.765983000048436,813123.61256399995,813123.61285599996
647,715,8193,1,813119.97900000005,813129.03202299995,813153.12806699995,0.59995799999999999,0.54425000003539026,0.00029200001154094934,0.025082999956794083,1.8902909999999999,21.322586000000001,0.19745799999999999,2.9714999999999998,0.013708,24.105668999999999,33.14906699990388,813129.62264800002,813129.62294000003
648,716,8193,1,813128.25,813143.71364900004,813170.06136000005,0.52383299999999999,0.45937499997671694,0.00058300001546740532,0.059791999985463917,1.8576250000000001,23.606335999999999,0.21729200000000001,2.9691670000000001,0.017791000000000001,26.367252000000001,41.811360000050627,813144.21794100001,813144.21852400003
649,717,8193,1,813136.61899999995,813149.43381700001,813175.89119400003,0.54716699999999996,0.47629100002814084,0.00029200001154094934,0.060082999989390373,1.915084,23.651251999999999,0.20941599999999999,2.933875,0.015459000000000001,26.464086000000002,39.272194000077434,813149.97427500004,813149.97456700006
650,718,8193,1,813144.91399999999,813153.18173399998,813176.91931899998,0.47629199999999999,0.41737499996088445,0.00029100000392645597,0.0090420000487938523,1.894083,21.148168999999999,0.19891700000000001,2.9852080000000001,0.010500000000000001,23.747793999999999,32.005318999988958,813153.64810899994,813153.64839999995
651,720,8193,1,813161.58400000003,813170.22848499997,813201.080113,0.59208300000000003,0.48825000005308539,0.00029200001154094934,0.06358299998100847,1.9273340000000001,28.089251999999998,0.20358299999999999,2.9029579999999999,0.01925,30.911711,39.496112999971956,813170.76048499998,813170.76077699999
652,721,8193,1,813169.95799999998,813177.34544399998,813203.21919700003,1.8380829999999999,0.39083400007802993,0.00029200001154094934,0.05308300000615418,1.810959,23.366585000000001,0.18987499999999999,2.7614999999999998,0.0055420000000000001,27.276961,33.261197000043467,813177.78031900001,813177.78061100002
653,722,8193,1,813178.28899999999,813185.70752900001,813210.38457300002,8.395918,0.43079100002069026,0.00058300001546740532,0.013416999951004982,1.8229169999999999,22.046502,0.22750000000000001,2.8589169999999999,0.016625000000000001,32.585295000000002,32.095573000027798,813186.19490400003,813186.19548700005
654,723,8193,1,813186.63199999998,813201.128822,813227.20440799999,0.45412599999999997,0.39841599995270371,0.00029100000392645597,0.067959000007249415,1.9984999999999999,23.308834999999998,0.21554200000000001,5.4430839999999998,0.021291999999999998,26.08492,40.572408000007272,813201.57361399999,813201.573905
655,724,8193,1,813194.96200000006,813203.25069699995,813230.63994999998,0.74170800000000003,0.68658300000242889,0.00029200001154094934,0.016041000024415553,1.9133340000000001,23.331586000000001,0.201541,2.92075,0.0093329999999999993,27.395085999999999,35.677949999924749,813203.98657199997,813203.98686399998
656,725,8193,1,813203.299,813210.69373900001,813237.45590900001,0.68016600000000005,0.42758400004822761,0.00029200001154094934,2.7813339999411255,1.8742509999999999,21.352917999999999,0.20766699999999999,2.7457500000000001,0.010208999999999999,26.970711000000001,34.156909000012092,813211.16536400001,813211.16565600003
657,726,8193,1,813211.63399999996,813227.25136600004,813256.37370200001,0.496417,0.44712499994784594,0.00029200001154094934,2.9411669999826699,1.9372499999999999,23.506294,0.19950000000000001,2.7428340000000002,0.022166000000000002,29.126711,44.739702000049874,813227.74369899998,813227.743991
658,727,8193,1,813219.91700000002,813230.67203300004,813256.41366099997,0.52908299999999997,0.47570800001267344,0.00058400002308189869,0.05308300000615418,1.9515420000000001,22.598918999999999,0.20416699999999999,3.0088330000000001,0.0029169999999999999,25.747752999999999,36.496660999953747,813231.194991,813231.19557500002
659,728,8193,1,813228.28300000005,813237.50140900002,813261.19086900004,0.595584,0.53958300000522286,0.00058300001546740532,0.020124999922700226,1.859667,20.919502000000001,0.230708,3.1838340000000001,0.011667,23.700251999999999,32.907868999987841,813238.08620100003,813238.08678400004
660,730,8193,1,813244.95400000003,813256.47228600003,813281.18899699999,0.53929199999999999,0.43662499997299165,0.00029200001154094934,0.023041000007651746,1.843917,22.125252,0.20066700000000001,2.8939170000000001,0.024792000000000002,24.773878,36.234996999963187,813256.954119,813256.95441100001
661,731,8193,1,813253.28500000003,813260.69561900001,813288.16741400003,4.2107919999999996,0.44041699997615069,0.0011660000309348106,0.010208999970927835,1.900792,24.842127999999999,0.21320800000000001,2.7617919999999998,0.0040829999999999998,31.196377999999999,34.882413999992423,813261.181828,813261.18299400003
662,732,8193,1,813261.62899999996,813269.02241199999,813292.08828899998,8.3200839999999996,0.47512499999720603,0.00058300001546740532,0.013417000067420304,1.849459,20.450209999999998,0.199792,2.7644169999999999,0.014874999999999999,30.863586000000002,30.459289000020362,813269.54507899994,813269.54566199996
663,733,8193,1,813269.96699999995,813281.26133000001,813308.10108299996,0.61366699999999996,0.54833300004247576,0.00029200001154094934,0.062416000058874488,1.91625,23.975586,0.202708,3.1237499999999998,0.016917000000000001,26.855502999999999,38.134083000011742,813281.85895499995,813281.85924699996
664,734,8193,1,813278.245,813288.21320600004,813312.95383300004,0.54833399999999999,0.48766599991358817,0.00058400002308189869,0.01049999997485429,1.955333,21.942377,0.21875,2.9312499999999999,0.019542,24.754335999999999,34.708833000040613,813288.74812200002,813288.74870600004
665,735,8193,1,813286.58200000005,813294.04158099997,813318.85104199999,2.5080420000000001,0.53841699997428805,0.00029200001154094934,0.008750000037252903,1.8911659999999999,22.022877999999999,0.207375,3.0441250000000002,0.015166000000000001,26.714628000000001,32.269041999941692,813294.64474799996,813294.64503999997
666,736,8193,1,813294.95999999996,813308.15387399995,813334.212252,0.49729200000000001,0.44012500008102506,0.00029100000392645597,0.071166999987326562,1.9185829999999999,23.336544,0.21174999999999999,2.9388339999999999,0.015459000000000001,26.067710999999999,39.252252000034787,813308.641833,813308.64212400001
667,737,8193,1,813303.29099999997,813313.01450000005,813338.70508600003,0.5635,0.50545799999963492,0.00029100000392645597,0.011667000013403594,1.9177090000000001,22.946877000000001,0.219333,3.010875,0.023625,25.701086,35.414086000062525,813313.5675,813313.56779100001
668,738,8193,1,813311.62300000002,813319.04529200005,813345.90283599996,0.688917,0.49495799990836531,0.00029200001154094934,0.015165999997407198,1.9419169999999999,24.127251999999999,0.20474999999999999,2.9855,0.01225,27.006585999999999,34.279835999943316,813319.58516699995,813319.58545899997
669,739,8193,1,813319.973,813334.351669,813361.18675500003,0.54220900000000005,0.48475000006146729,0.00058300001546740532,0.062416999950073659,1.8660829999999999,24.146502999999999,0.19220899999999999,2.7854169999999998,0.017500000000000002,26.845295,41.213755000033416,813334.883669,813334.88425200002
670,740,8193,1,813328.27300000004,813338.80629400001,813364.79992200003,0.56612499999999999,0.50049999996554106,0.00058400002308189869,0.066207999945618212,1.9661249999999999,23.156293999999999,0.208541,2.926876,0.0075839999999999996,26.00442,36.526921999990009,813339.36162700003,813339.36221100006
671,741,8193,1,813336.63100000005,813345.96904500003,813373.12671400001,0.595584,0.51945799996610731,0.00058300001546740532,0.012250000028871,1.881834,24.435835000000001,0.20912500000000001,2.93825,0.018374999999999999,27.170503,36.495713999960572,813346.55179499998,813346.55237799999
672,743,8193,1,813353.27599999995,813361.28883800004,813387.393882,0.51916700000000005,0.42233299999497831,0.00029100000392645597,0.064750000019557774,1.978375,23.325168999999999,0.21554200000000001,2.993376,0.018083999999999999,26.158711,34.117882000049576,813361.75462999998,813361.75492099999
673,744,8193,1,813361.58700000006,813368.99262999999,813393.88317399996,4.6106670000000003,0.43633399996906519,0.00029200001154094934,0.05804200004786253,1.8514999999999999,22.234335000000002,0.20824999999999999,3.1164580000000002,0.024208,29.019086000000001,32.29617399990093,813369.47475499997,813369.47504699999
674,745,8193,1,813369.96799999999,813377.31183899997,813401.78909199999,4.6100839999999996,0.43837600003462285,0.00029200001154094934,0.008750000037252903,1.8605419999999999,21.844085,0.21058399999999999,2.8522090000000002,0.010208,28.60492,31.821091999998316,813377.79425599996,813377.79454799998
675,746,8193,1,813378.29000000004,813387.49275700003,813416.14055200003,0.54979100000000003,0.49320899997837842,0.00029200001154094934,0.065624999930150807,1.9384159999999999,25.862378,0.20854200000000001,3.0499589999999999,0.018082999999999998,28.657710999999999,37.850551999988966,813388.03263200005,813388.03292400006
676,747,8193,1,813386.59999999998,813394.02229999995,813419.96692699997,0.53054199999999996,0.44800000009126961,0.00029100000392645597,0.063291999977082014,1.873667,23.251085,0.214083,2.9175420000000001,0.025957999999999998,25.982544000000001,33.366926999995485,813394.51492500002,813394.51521600003
677,748,8193,1,813394.95400000003,813402.3173,813426.37630300003,1.016459,0.47483399999327958,0.00029200001154094934,0.01341600005980581,1.859667,21.416792999999998,0.20474999999999999,3.223792,0.021583999999999999,24.552503000000002,31.422302999999374,813402.84084199998,813402.84113399999
678,749,8193,1,813403.30200000003,813416.25255199999,813442.73355400003,0.56437499999999996,0.50954100000672042,0.00029099988751113415,0.06854200002271682,1.9279170000000001,23.686544000000001,0.20824999999999999,2.9219170000000001,0.014874999999999999,26.489169,39.431554000009783,813416.80905200006,813416.80934299994
679,750,8193,1,813411.62,813420.03896899999,813448.84513799998,0.59412500000000001,0.53200000000651926,0.00029200001154094934,0.057166000013239682,1.969042,25.958044000000001,0.20649999999999999,2.951667,0.018083999999999999,28.819002999999999,37.225137999979779,813420.61996899999,813420.620261
680,751,8193,1,813419.96400000004,813427.36651099997,813453.99422200001,1.401751,0.42670900002121925,0.00058300001546740532,0.01195800001733005,1.83575,24.019335999999999,0.20766699999999999,2.969751,0.014584,27.552586999999999,34.030221999972127,813427.84309500002,813427.84367800003
681,752,8193,1,813428.25699999998,813442.79101299995,813469.42076500005,0.54483300000000001,0.48679100000299513,0.00029200001154094934,0.019833000027574599,1.849167,23.979085999999999,0.208541,2.7932920000000001,0.020125000000000001,26.641127000000001,41.163765000062995,813443.324471,813443.32476300001
682,753,8193,1,813436.62399999995,813448.90901299997,813475.24097399996,0.53608299999999998,0.47833399998489767,0.00029200001154094934,0.012541000032797456,1.920334,23.622668999999998,0.21233299999999999,2.9688750000000002,0.021874999999999999,26.343627000000001,38.61697400000412,813449.43342999998,813449.43372199999
683,754,8193,1,813444.95600000001,813454.04059700004,813483.70280900004,0.50079200000000001,0.44566699990537018,0.00029200001154094934,2.9499170000199229,1.9051670000000001,24.016127000000001,0.21875,2.92075,0.011083000000000001,29.666587,38.746809000032954,813454.537014,813454.53730600001
684,756,8193,1,813461.63,813469.51643199997,813498.27389299998,0.56933299999999998,0.48066700005438179,0.00058300001546740532,0.060082999989390373,1.833709,26.094252999999998,0.20241700000000001,2.9271669999999999,0.021874999999999999,28.800919,36.643892999971285,813470.04259900004,813470.04318200005
685,757,8193,1,813469.96299999999,813477.36897499999,813503.34043500002,2.6066259999999999,0.47891599999275059,0.00029100000392645597,0.059791999985463917,1.8628750000000001,23.269169000000002,0.20941699999999999,2.918126,0.028000000000000001,28.053961000000001,33.377435000031255,813477.89309999999,813477.89339099999
686,758,8193,1,813478.29299999995,813485.69051700004,813512.57314500003,2.416458,0.42087499995250255,0.00058400002308189869,0.012833000044338405,1.8517920000000001,24.305751999999998,0.21174999999999999,2.9592510000000001,0.011083000000000001,28.833877999999999,34.280145000084303,813486.15572499996,813486.15630899998
687,759,8193,1,813486.63,813498.33222700004,813529.91068800003,0.56437499999999996,0.50575000001117587,0.00029200001154094934,0.051916999975219369,1.8719170000000001,28.858961000000001,0.20649999999999999,2.8504589999999999,0.01925,31.58867,43.280688000028022,813498.88639300002,813498.88668500003
688,760,8193,1,813494.924,813503.39147699997,813529.97748,0.48825000000000002,0.43720899999607354,0.00029200001154094934,0.053667000029236078,1.833709,21.597628,0.20358399999999999,2.8271250000000001,0.006417,26.592127999999999,35.05348000000231,813503.87360199995,813503.87389399996
689,761,8193,1,813503.26100000006,813512.61806100002,813536.61698000005,0.51916700000000005,0.46900000004097819,0.00029100000392645597,0.012542000040411949,1.8232090000000001,21.411543000000002,0.202125,3.0222500000000001,0.01575,24.003001999999999,33.355979999992996,813513.13314499997,813513.13343599997
690,763,8193,1,813519.91200000001,813530.02560499997,813560.29769100004,0.52937500000000004,0.43020800000522286,0.00029200001154094934,0.058624999946914613,1.87425,27.612378,0.20766599999999999,2.8075830000000002,0.027708,30.328085999999999,40.385691000032239,813530.49898000003,813530.49927200004
691,764,8193,1,813528.28799999994,813535.68685499998,813561.66969100002,5.655125,0.42875000007916242,0.00029200001154094934,0.071165999979712069,1.8468340000000001,23.346169,0.20854200000000001,2.7909579999999998,0.020125000000000001,31.161669,33.38169100007508,813536.16314700001,813536.16343900003
692,765,8193,1,813536.62800000003,813544.00635599997,813568.56031700002,7.8522499999999997,0.46287500008475035,0.00029200001154094934,0.015167000005021691,1.831375,21.944711000000002,0.22691700000000001,2.7973759999999999,0.014,31.898419000000001,31.932316999998875,813544.51385600003,813544.51414800005
693,766,8193,1,813544.92299999995,813560.38956599997,813589.29956900002,0.46783400000000003,0.41241700004320592,0.00029100000392645597,0.058917000074870884,1.921791,26.237753000000001,0.20300000000000001,5.4139169999999996,0.015166000000000001,28.921378000000001,44.376569000072777,813560.84602499998,813560.84631599998
694,767,8193,1,813553.27899999998,813561.72656600003,813589.36752700002,0.53725000000000001,0.48562499997206032,0.00029100000392645597,0.0084589999169111252,1.92675,23.380002999999999,0.214084,3.065709,0.0084589999999999995,27.646502000000002,36.088527000043541,813562.25827500003,813562.25856600003
695,768,8193,1,813561.62399999995,813569.00510900002,813592.41165300005,0.92691699999999999,0.47045799996703863,0.00029200001154094934,0.011667000013403594,1.8237920000000001,20.837544000000001,0.20008300000000001,2.8679579999999998,0.004084,23.817211,30.787653000093997,813569.52165000001,813569.52194200002
696,770,8193,1,813578.29000000004,813589.41040199995,813615.77503000002,0.52266699999999999,0.42320900002960116,0.00029199989512562752,0.047833000076934695,1.8570420000000001,23.749253,0.21058299999999999,2.9262920000000001,0.015166000000000001,26.420044000000001,37.485029999981634,813589.87736100005,813589.87765299994
697,771,8193,1,813586.62100000004,813594.01786100003,813622.24740600004,4.5424170000000004,0.38500000000931323,0.00029100000392645597,0.060083999997004867,1.883292,25.525503,0.23916599999999999,2.838209,0.012541999999999999,32.341461000000002,35.626405999995768,813594.44807000004,813594.44836100005
698,772,8193,1,813594.95700000005,813602.39802900003,813626.39694799995,8.4122500000000002,0.43254099995829165,0.00058400002308189869,0.01779099996201694,1.8165,21.403960999999999,0.20183400000000001,2.808751,0.018667,31.933128,31.439947999897413,813602.87607,813602.87665400002
699,773,8193,1,813603.25699999998,813615.84036300005,813641.18678300001,0.55650100000000002,0.4996259999461472,0.00029100000392645597,0.011959000024944544,1.8972910000000001,22.604168999999999,0.203875,3.0552090000000001,0.016333,25.356045000000002,37.929783000028692,813616.38723899995,813616.38752999995
700,774,8193,1,813611.62100000004,813622.29057199997,813648.44024200004,0.54249999999999998,0.49116700002923608,0.00029100000392645597,0.01049999997485429,1.9285000000000001,23.380293999999999,0.20883299999999999,3.2176670000000001,0.01575,26.154336000000001,36.819241999997757,813622.82840600004,813622.82869700005
701,775,8193,1,813619.95600000001,813627.36644799996,813659.41215999995,1.379,0.40804200002457947,0.00029100000392645597,2.8020419999957085,1.901375,26.643169,0.205625,2.7708330000000001,0.01575,32.972920000000002,39.456159999943338,813627.81824000005,813627.81853100006
702,776,8193,1,813628.304,813641.23607400001,813667.39740999998,0.59295900000000001,0.54016700002830476,0.00029100000392645597,0.069999999948777258,1.8375010000000001,23.41996,0.20591699999999999,2.923667,0.021583999999999999,26.165711000000002,39.093409999972209,813641.82465800003,813641.82494900003
703,777,8193,1,813636.63399999996,813648.49274200003,813677.46574500005,0.47599999999999998,0.42320800002198666,0.00029200001154094934,0.058624999946914613,1.869875,26.314461000000001,0.22225,2.8452090000000001,0.01925,28.97767,40.83174500009045,813648.96378300001,813648.96407500003
704,778,8193,1,813644.95600000001,813659.478076,813686.68241200002,0.50895800000000002,0.45558399998117238,0.00058300001546740532,0.0099169999593868852,1.9007909999999999,24.536460999999999,0.21291599999999999,3.200167,0.018959,27.209002000000002,41.726412000018172,813659.98265999998,813659.983243
705,779,8193,1,813653.299,813667.53391,813693.66666300001,0.61016700000000001,0.54570899996906519,0.00029100000392645597,0.05775000003632158,1.8220419999999999,23.422294000000001,0.20533399999999999,2.8828339999999999,0.0093340000000000003,26.150836000000002,40.367663000011817,813668.125994,813668.12628500001
706,781,8193,1,813669.97199999995,813677.645411,813706.51895599999,0.589167,0.48474999994505197,0.00029100000392645597,0.066500000073574483,1.9042920000000001,26.116419,0.21525,2.9099590000000002,0.017208000000000001,28.924586000000001,36.546956000034697,813678.18324499996,813678.18353599997
707,782,8193,1,813678.30000000005,813686.73870400002,813716.10691500001,0.49320799999999998,0.43487500003539026,0.00029199989512562752,2.7994170000310987,1.8999170000000001,23.907627000000002,0.21058299999999999,2.7650000000000001,0.0087500000000000008,29.381336000000001,37.806914999964647,813687.21878700005,813687.21907899994
708,783,8193,1,813686.62399999995,813694.02570500004,813719.92979099997,0.80879199999999996,0.44245799991767853,0.00058300001546740532,0.052208000095561147,1.853251,23.264793999999998,0.20241700000000001,2.938542,0.026249999999999999,26.225211000000002,33.30579100002069,813694.51307999995,813694.51366299996
709,784,8193,1,813694.95700000005,813706.56999800005,813735.00254200003,0.62037500000000001,0.56174999999348074,0.00029200001154094934,0.068541000015102327,1.8774580000000001,25.649460999999999,0.200958,2.8230420000000001,0.0090419999999999997,28.443335999999999,40.045541999978013,813707.179581,813707.17987300002
710,785,8193,1,813703.28799999994,813716.14862400002,813740.06558399997,0.55883400000000005,0.5066249999217689,0.00029200001154094934,0.012542000040411949,1.808041,21.291086,0.2135,2.845208,0.01925,23.922794,36.777584000024945,813716.70191499998,813716.70220699999
711,786,8193,1,813711.58299999998,813719.99658200005,813746.38746,0.498166,0.44362499995622784,0.00029200001154094934,0.055124999955296516,1.921208,23.671669000000001,0.214667,3.1123750000000001,0.020417000000000001,26.400794000000001,34.804460000013933,813720.48483199999,813720.485124
712,787,8193,1,813719.946,813735.07166699995,813764.67408699996,0.51012500000000005,0.45412500004749745,0.00058399990666657686,0.051916000084020197,1.886501,26.929293999999999,0.20241600000000001,2.908792,0.010500000000000001,29.611462,44.728086999966763,813735.57275000005,813735.57333399996
713,788,8193,1,813728.30099999998,813740.17058399995,813764.74875300005,0.58770800000000001,0.51100000005681068,0.00058400002308189869,0.01049999997485429,1.9387080000000001,21.144960999999999,0.19804099999999999,2.9674170000000002,0.0070000000000000001,24.588086000000001,36.447753000073135,813740.74808399996,813740.74866799999
714,789,8193,1,813736.625,813746.44695999997,813776.18092099996,0.54220800000000002,0.47512499999720603,0.00029199989512562752,0.048417000100016594,1.848875,27.059377999999999,0.20970800000000001,2.8828339999999999,0.0084589999999999995,29.745336000000002,39.555920999962837,813746.97779300006,813746.97808499995
715,791,8193,1,813753.28899999999,813764.79658700002,813791.27788099996,0.462584,0.37012500001583248,0.00029199989512562752,0.0070000000996515155,1.8284590000000001,23.940002,0.21145900000000001,2.67225,0.016917000000000001,26.531752999999998,37.988880999968387,813765.20900300005,813765.20929499995
716,792,8193,1,813761.58700000006,813769.03742099996,813795.18883999996,4.3321259999999997,0.46637500007636845,0.00087499991059303284,0.066791000077500939,1.9564999999999999,23.362503,0.20591699999999999,2.9015,0.020709000000000002,29.97167,33.601839999901131,813769.54929600004,813769.55017099995
717,793,8193,1,813769.96400000004,813777.35225500003,813806.62363299995,1.5531250000000001,0.43954099994152784,0.00029100000392645597,0.06212499993853271,1.866959,26.622752999999999,0.218167,2.8326669999999998,0.0046670000000000001,30.341502999999999,36.65963299991563,813777.83525500004,813777.83554600005
718,794,8193,1,813778.29299999995,813791.32775599998,813815.13650799997,0.52529099999999995,0.47600000002421439,0.00029200001154094934,0.011082999990321696,1.9410419999999999,21.048418999999999,0.21262500000000001,3.4017089999999999,0.014874999999999999,23.81371,36.843508000019938,813791.84808899998,813791.84838099999
719,795,8193,1,813786.59600000002,813795.23638100002,813821.00805099995,0.52587499999999998,0.46725099999457598,0.00029100000392645597,0.055999999982304871,1.883875,23.030586,0.20300000000000001,2.85425,0.014,25.781293999999999,34.412050999933854,813795.75263200002,813795.75292300002
720,796,8193,1,813794.95999999996,813806.71054899995,813836.13155199995,0.483292,0.43020900001283735,0.00029100000392645597,3.0307089999550954,1.8719170000000001,23.798835,0.205625,2.8769999999999998,0.016334000000000001,29.426545000000001,41.17155199998524,813807.18800800003,813807.18829900003
721,797,8193,1,813803.24600000004,813815.24996699998,813839.20046900003,0.50137500000000002,0.44420799997169524,0.00029100000392645597,0.015459000016562641,1.886792,21.282919,0.203291,2.928626,0.0096249999999999999,23.962751999999998,35.954468999989331,813815.73938399996,813815.73967499996
722,798,8193,1,813811.62899999996,813821.06055099994,813849.77601200005,0.58099999999999996,0.52529100002720952,0.00058400002308189869,0.067957999999634922,1.9293750000000001,25.890961000000001,0.219333,3.0572499999999998,0.016625000000000001,28.724793999999999,38.14701200008858,813821.63221700001,813821.63280100003
723,800,8193,1,813828.27300000004,813836.22838600003,813862.67497199995,0.55941700000000005,0.46258299995679408,0.00029200001154094934,0.078749999986030161,1.8474170000000001,23.756544000000002,0.212917,2.795334,0.021583000000000001,26.496752999999998,34.401971999905072,813836.73734400002,813836.73763600003
724,801,8193,1,813836.62899999996,813844.03426099999,813871.16101399995,5.3077509999999997,0.45849999994970858,0.00058400002308189869,0.013707999954931438,1.8856250000000001,24.446044000000001,0.205625,2.919584,0.011083000000000001,31.929044999999999,34.532013999996707,813844.540011,813844.54059500003
725,802,8193,1,813844.95900000003,813852.34209599998,813883.857265,2.982583,0.43575000006239861,0,0.062417000066488981,1.8625830000000001,28.870920000000002,0.21145900000000001,2.795334,0.011375,34.018836,38.898264999967068,813852.82101199997,813852.82101199997
726,803,8193,1,813853.28700000001,813862.74118000001,813892.12455800001,0.46899999999999997,0.40920799993909895,0.00029100000392645597,0.071166999987326562,1.8865000000000001,26.748753000000001,0.20300000000000001,2.7702499999999999,0.0064159999999999998,29.397960999999999,38.837557999999262,813863.19559699995,813863.19588799996
727,804,8193,1,813861.60199999996,813871.25609699998,813895.60793299996,0.46725,0.40775000001303852,0.00058300001546740532,0.015167000005021691,1.8296250000000001,21.794502000000001,0.21845800000000001,2.9052920000000002,0.013709000000000001,24.363502,34.005933000007644,813871.71168099996,813871.71226399997
728,805,8193,1,813869.95799999998,813883.93163999997,813912.74043500004,0.44508300000000001,0.38908400002401322,0.00029100000392645597,0.060959000024013221,1.8229169999999999,26.213252000000001,0.24120900000000001,2.8667919999999998,0.016625000000000001,28.818418999999999,42.782435000059195,813884.36709900002,813884.36739000003
729,806,8193,1,813878.29000000004,813892.16393299995,813921.11972700001,0.54162500000000002,0.48795800004154444,0.00029100000392645597,0.065624999930150807,1.892916,26.218211,0.207958,3.0135010000000002,0.015458,28.962502000000001,42.82972699997481,813892.69885000004,813892.69914100005
730,807,8193,1,813886.63800000004,813895.66364200006,813921.22035199997,0.49962499999999999,0.44012499996460974,0.00058400002308189869,0.014582999981939793,1.8445,21.061836,0.205042,2.9461249999999999,0.0035000000000000001,25.569544,34.582351999939419,813896.15043299994,813896.15101699997
731,809,8193,1,813903.26800000004,813912.84426799999,813941.20097899996,0.62183299999999997,0.52004199998918921,0.00058300001546740532,0.061250000027939677,1.8573329999999999,25.616793999999999,0.21058399999999999,2.8312089999999999,0.027417,28.412127000000002,37.932978999917395,813913.41068500001,813913.41126800003
732,810,8193,1,813911.63100000005,813921.22822699999,813944.98943800002,0.48562499999999997,0.42904199997428805,0.020417000050656497,0.017207999946549535,1.7955000000000001,21.177627999999999,0.197459,2.7985410000000002,0.014,23.771127,33.358437999966554,813921.70393600001,813921.72435300006
733,811,8193,1,813919.95799999998,813927.38297799998,813953.35152200004,6.2063750000000004,0.50633300002664328,0.00087499991059303284,0.058041000040248036,1.8859170000000001,23.208794000000001,0.21904199999999999,3.0292509999999999,0.024792000000000002,31.618418999999999,33.393522000056691,813927.93977000006,813927.94064499997
734,812,8193,1,813928.26000000001,813941.27097900002,813973.22073299997,0.53491699999999998,0.47570900002028793,0.00029100000392645597,2.9481669999659061,1.9005000000000001,26.339544,0.202125,2.8635839999999999,0.018374999999999999,31.964044999999999,44.960732999956235,813941.79160500003,813941.79189600004
735,813,8193,1,813936.58499999996,813946.79135499999,813973.27352399996,0.55183400000000005,0.49349999998230487,0.00029100000392645597,0.016916999942623079,1.856751,21.224876999999999,0.20358399999999999,3.1450420000000001,0.0032079999999999999,26.492961000000001,36.688523999997415,813947.33239700005,813947.33268800005
736,814,8193,1,813944.95600000001,813953.41131400003,813979.54144199996,0.52295899999999995,0.46783300000242889,0.00029100000392645597,0.05162499996367842,1.8185420000000001,23.504252000000001,0.19891700000000001,2.9038339999999998,0.023042,26.137419999999999,34.585441999952309,813953.926981,813953.927272
737,816,8193,1,813961.59400000004,813973.39602400002,813999.62794399995,0.45733299999999999,0.36458399996627122,0.00029200001154094934,0.0093329999363049865,1.824667,23.730294000000001,0.217,2.9820009999999999,0.01575,26.282086,38.033943999907933,813973.802899,813973.80319100001
738,817,8193,1,813969.92700000003,813977.36589999998,814005.74623599998,4.0871259999999996,0.48154200008139014,0.00087500002700835466,0.071457999991253018,1.849167,25.671336,0.22575000000000001,2.716583,0.01225,31.934587000000001,35.81923599995207,813977.89877500001,813977.89965000004
739,818,8193,1,813978.29500000004,813985.65623399999,814010.84340300004,6.5193339999999997,0.4573330000275746,0.00058300001546740532,0.061250000027939677,1.870458,22.523669000000002,0.20533299999999999,2.734375,0.0099159999999999995,31.20542,32.548402999993414,813986.15760899999,813986.158192
740,819,8193,1,813986.63,813999.67986000003,814024.10111299995,0.50720900000000002,0.45004199992399663,0.00029200001154094934,0.0093330000527203083,1.8672500000000001,21.764168999999999,0.21204200000000001,3.2278760000000002,0.013709000000000001,24.433503000000002,37.471112999948673,814000.17510999995,814000.17540199996
741,820,8193,1,813994.96100000001,814005.78736099997,814034.61219699995,0.52704200000000001,0.474250000086613,0.00058300001546740532,0.024208999937400222,1.915084,26.111460999999998,0.21495800000000001,3.084959,0.01925,28.829211999999998,39.651196999941021,814006.30973600002,814006.31031900004
742,821,8193,1,814003.25899999996,814010.91281999997,814037.09632200003,0.44829200000000002,0.39112500008195639,0.00029199989512562752,0.060375000000931323,1.884166,23.508628000000002,0.25841700000000001,2.92075,0.0087500000000000008,26.195169,33.837322000064887,814011.34944500006,814011.34973699995
743,822,8193,1,814011.62800000003,814024.15069599997,814048.60374000005,0.50866699999999998,0.45675000001210719,0.00029200001154094934,0.0099159999517723918,1.8080419999999999,21.885794000000001,0.20533299999999999,2.8253750000000002,0.013417,24.459461000000001,36.975740000023507,814024.653238,814024.65353000001
744,823,8193,1,814019.95600000001,814034.67140600004,814063.68057500001,0.54425000000000001,0.48504099994897842,0.00029199989512562752,0.056292000110261142,1.9328749999999999,26.245336000000002,0.20999999999999999,2.976458,0.017500000000000002,29.020835999999999,43.724575000000186,814035.20369700005,814035.20398899994
745,824,8193,1,814028.29299999995,814037.23923900002,814063.72607500001,0.51800100000000004,0.45616699999663979,0.00058300001546740532,0.067666999995708466,1.8628750000000001,23.652711,0.19220799999999999,2.9254169999999999,0.0049579999999999997,26.499960999999999,35.43307500006631,814037.743823,814037.74440600001
746,825,8193,1,814036.63600000006,814048.70057400002,814072.86632599996,0.57545800000000003,0.50749999994877726,0.00029200001154094934,0.013124999939464033,1.8229169999999999,21.452085,0.202125,2.8583340000000002,0.015458,24.175377000000001,36.230325999902561,814049.26640700002,814049.26669900003
747,827,8193,1,814053.30299999996,814063.88824200002,814089.59749399999,0.502834,0.40862500004004687,0.00029100000392645597,0.052499999990686774,1.855,23.099710000000002,0.214083,2.9029579999999999,0.016625000000000001,25.760293999999998,36.294494000030681,814064.34003399999,814064.340325
748,828,8193,1,814061.59400000004,814069.03761700005,814094.73199500004,5.1802919999999997,0.44770899997092783,0.00029100000392645597,0.059208999969996512,1.9495009999999999,22.895544000000001,0.20941699999999999,3.175376,0.017208000000000001,30.382335999999999,33.137994999997318,814069.529951,814069.53024200001
749,829,8193,1,814069.96600000001,814077.36732600001,814105.00099600002,4.9484170000000001,0.44916700001340359,0.00087500002700835466,2.7130830000387505,1.847709,22.316586000000001,0.216417,2.669333,0.016916,32.089461,35.034996000002138,814077.85965999996,814077.86053499999
750,830,8193,1,814078.29000000004,814089.64882799995,814116.09687200002,0.52266599999999996,0.46637500007636845,0.00029200001154094934,0.053375000017695129,1.873667,23.762086,0.21116699999999999,3.1114999999999999,0.01575,26.459419,37.80687199998647,814090.16011900001,814090.16041100002
751,831,8193,1,814086.59400000004,814094.78391200001,814120.63462300005,0.45995799999999998,0.40716599998995662,0.00029200001154094934,0.072333000018261373,1.9238329999999999,23.151627000000001,0.22400100000000001,2.9327079999999999,0.0070000000000000001,25.855961000000001,34.040623000008054,814095.23861999996,814095.23891199997
752,832,8193,1,814094.96400000004,814105.11270399997,814129.63283200003,0.56029200000000001,0.50050000008195639,0.00029200001154094934,0.013415999943390489,1.915375,21.778752000000001,0.23041700000000001,2.7740420000000001,0.014,24.531503000000001,34.668831999995746,814105.66162100004,814105.66191300005
753,833,8193,1,814103.255,814116.15491399996,814142.86458299996,0.54979100000000003,0.49116600002162158,0.00029200001154094934,0.026249999995343387,1.9220839999999999,23.965084999999998,0.215833,2.8557090000000001,0.022166000000000002,26.721043999999999,39.609582999954,814116.69333000004,814116.69362200005
754,834,8193,1,814111.63300000003,814120.69849800004,814151.12516699999,0.45879199999999998,0.40395800000987947,0.00029200001154094934,2.8892500000074506,1.9051659999999999,24.946836000000001,0.21116699999999999,2.8510420000000001,0.0081670000000000006,30.434837000000002,39.492166999960318,814121.14883099997,814121.14912299998
755,835,8193,1,814119.95999999996,814129.71070699999,814153.75191800005,0.51158300000000001,0.45529099996201694,0.00029200001154094934,0.012833000044338405,1.8611260000000001,21.237127000000001,0.237708,2.777542,0.016625000000000001,24.051127999999999,33.791918000089936,814130.21237299999,814130.212665
756,836,8193,1,814128.29599999997,814142.91824999999,814169.14375199995,0.52820800000000001,0.4695830000564456,0.00058300001546740532,0.02158399997279048,1.906334,23.549168999999999,0.193666,3.0657079999999999,0.020125000000000001,26.235710999999998,40.847751999972388,814143.43595800002,814143.43654100003
757,837,8193,1,814136.63500000001,814151.20595900004,814180.53596200002,0.54249999999999998,0.48095799994189292,0.00029100000392645597,0.054250000044703484,1.878042,26.579003,0.20854200000000001,2.9983330000000001,0.014583,29.342835999999998,43.90096200001426,814151.73562599998,814151.73591699998
758,838,8193,1,814144.94999999995,814153.80470900005,814180.58087900002,0.53637500000000005,0.47979199991095811,0.00029100000392645597,0.018374999985098839,1.926458,20.984252000000001,0.21029100000000001,2.7790010000000001,0.0032079999999999999,26.785211,35.630879000062123,814154.33204300003,814154.33233400004
759,840,8193,1,814161.62399999995,814169.29512699996,814203.59863100003,0.51770799999999995,0.42845900007523596,0.00029199989512562752,2.9505000000353903,1.9279170000000001,28.710502999999999,0.204459,2.9064589999999999,0.017791999999999999,34.346961999999998,41.974631000077352,814169.76937700005,814169.76966899994
760,841,8193,1,814169.94099999999,814180.58146200003,814204.59204799996,0.47308299999999998,0.42349999991711229,0.00029200001154094934,0.0099169999593868852,1.792875,21.504877,0.20533299999999999,2.8285840000000002,0.012833000000000001,24.015836,34.651047999970615,814181.04929500003,814181.04958700004
761,842,8193,1,814178.29000000004,814185.70137899998,814213.88688200002,5.1184580000000004,0.4328329999698326,0.00087500002700835466,0.056875000009313226,1.884458,25.516753000000001,0.208541,2.9866670000000002,0.018665999999999999,32.824753000000001,35.596881999983452,814186.18058699998,814186.18146200001
762,844,8193,1,814194.95900000003,814203.71238100005,814234.26125900005,0.47395799999999999,0.37974999996367842,0.00029200001154094934,0.055125000071711838,1.8109580000000001,28.023045,0.20066700000000001,2.8148749999999998,0.011958,30.599627999999999,39.302259000018239,814204.13558899995,814204.13588099997
763,845,8193,1,814203.26399999997,814210.68934000004,814234.30325899995,6.5505420000000001,0.44712499994784594,0.00029200001154094934,0.012250000028871,1.8599589999999999,20.743044000000001,0.200375,2.8752499999999999,0.0032079999999999999,29.672128000000001,31.039258999982849,814211.18167299998,814211.181965
764,846,8193,1,814211.62600000005,814219.01963200001,814250.79146900005,5.5693760000000001,0.4299170000012964,0.00058300001546740532,0.058624999946914613,1.8990419999999999,29.043295000000001,0.20766599999999999,2.8769999999999998,0.018374999999999999,36.865504000000001,39.165468999999575,814219.49534100003,814219.49592400005
765,847,8193,1,814219.96200000006,814234.30384199996,814258.14147000003,0.44479200000000002,0.39375000004656613,0.00058300001546740532,0.0093329999363049865,1.8103750000000001,21.286418999999999,0.20999999999999999,2.8653330000000001,0.015167,23.842293999999999,38.179469999973662,814234.74367600004,814234.74425900006
766,848,8193,1,814228.27800000005,814235.68021699996,814263.55976199999,1.341083,0.37479200004599988,0.00029200001154094934,0.058915999950841069,1.920625,25.250170000000001,0.20066600000000001,2.8408340000000001,0.016333,28.803836,35.2817619999405,814236.09700900002,814236.09730100003
767,849,8193,1,814236.62899999996,814250.83813599998,814277.80359699996,0.47687499999999999,0.42670800001360476,0.00087500002700835466,0.064750000019557774,1.901667,24.263461,0.201542,3.0006659999999998,0.041125000000000002,26.970127999999999,41.174597000004724,814251.31005199999,814251.31092700001
768,850,8193,1,814244.93500000006,814258.20067799999,814287.58084800001,0.54220800000000002,0.48970799997914582,0.00029200001154094934,0.010207999963313341,1.8334170000000001,26.717252999999999,0.202708,2.8679579999999998,0.01925,29.386586000000001,42.645847999956459,814258.73617799999,814258.73647
769,851,8193,1,814253.31000000006,814263.66417899996,814289.76864000002,0.48708400000000002,0.42262500000651926,0.00029100000392645597,0.10354199993889779,1.887667,23.395168999999999,0.20854200000000001,2.8312089999999999,0.01575,26.117294999999999,36.458639999968,814264.13842900004,814264.13872000005
770,853,8193,1,814269.95900000003,814277.90188799996,814304.08655799995,0.59675,0.49933400005102158,0.00087500002700835466,0.065624999930150807,1.8649169999999999,23.461960999999999,0.203875,2.8679589999999999,0.024208,26.236585999999999,34.1275579999201,814278.44701300003,814278.44788800005
771,854,8193,1,814278.30599999998,814287.63043100003,814313.788267,0.49962499999999999,0.44916700001340359,0.00029200001154094934,0.012249999912455678,1.8552919999999999,23.509502999999999,0.20766699999999999,3.336084,0.01575,26.162794000000002,35.482267000013962,814288.12480600004,814288.12509800005
772,855,8193,1,814286.59400000004,814294.026098,814320.11714300001,4.6780419999999996,0.417083999956958,0.00058300001546740532,0.054832999943755567,1.9145000000000001,23.394877000000001,0.22633300000000001,2.9402919999999999,0.021291999999999998,30.308253000000001,33.523142999969423,814294.48693200003,814294.48751500004
773,856,8193,1,814294.96600000001,814304.15305800003,814330.03439399996,0.51887499999999998,0.45383299991954118,0.00058300001546740532,0.066792000085115433,1.849167,23.165044000000002,0.223417,2.9362089999999998,0.0093329999999999993,25.897378,35.06839399994351,814304.65589099994,814304.65647399996
774,857,8193,1,814303.26699999999,814313.90201700001,814337.89014399995,0.57604200000000005,0.51595799997448921,0.00029200001154094934,0.013999999966472387,1.9042920000000001,21.252002000000001,0.204458,2.9980419999999999,0.016041,24.001543999999999,34.623143999953754,814314.46464200004,814314.46493400005
775,858,8193,1,814311.60999999999,814320.17051800003,814346.50772899995,0.487958,0.4340000000083819,0.00029200001154094934,0.054833000060170889,1.911292,23.648627000000001,0.207958,3.1698330000000001,0.016917000000000001,26.344503,34.897728999960236,814320.65118399996,814320.65147599997
776,859,8193,1,814319.95999999996,814330.08718499995,814356.28789599997,0.50487499999999996,0.4503340000519529,0.00029100000392645597,0.011083999997936189,1.9174169999999999,23.499585,0.22720899999999999,3.080292,0.033833000000000002,26.210626999999999,36.327896000002511,814330.58214399999,814330.58243499999
777,860,8193,1,814328.29099999997,814337.94235300005,814364.22677199997,0.53229199999999999,0.47395799995865673,0.00058300001546740532,0.020416999934241176,1.915084,23.542460999999999,0.205042,3.0429590000000002,0.018374999999999999,26.293752999999999,35.935771999997087,814338.46531100001,814338.46589400002
778,861,8193,1,814336.63399999996,814346.56576999999,814372.611898,0.50895800000000002,0.44945900002494454,0.00029200001154094934,0.05162499996367842,1.855583,23.389627000000001,0.21087500000000001,3.0210840000000001,0.020708000000000001,26.056626999999999,35.977898000041023,814347.063937,814347.06422900001
779,862,8193,1,814344.95900000003,814356.33777099999,814384.78169099998,0.54949999999999999,0.49991700006648898,0.00029199989512562752,0.051042000064626336,1.883875,25.715085999999999,0.21379200000000001,2.8096260000000002,0.017791999999999999,28.448585999999999,39.822690999950282,814356.88289600005,814356.88318799995
780,863,8193,1,814353.28000000003,814364.38514699996,814388.41673299996,0.48008299999999998,0.42466700007207692,0.00029200001154094934,0.016624999931082129,1.854417,21.398417999999999,0.20300000000000001,2.8434590000000002,0.016042000000000001,24.042669,35.136732999933884,814364.85414700001,814364.85443900002
781,864,8193,1,814361.63300000003,814372.66906500002,814398.125734,0.52558400000000005,0.47074999997857958,0.00058300001546740532,0.024791999952867627,1.931416,22.672711,0.23333300000000001,3.033334,0.014291999999999999,25.466878000000001,36.492733999970369,814373.18443999998,814373.185023
782,865,8193,1,814369.95900000003,814384.83914900001,814411.16702699999,0.55795899999999998,0.50049999996554106,0.00058299989905208349,0.05775000003632158,1.9369590000000001,23.506001999999999,0.19775000000000001,3.2678340000000001,0.016625000000000001,26.337795,41.208026999956928,814385.38719100005,814385.38777399994
783,866,8193,1,814378.29399999999,814388.47098300001,814413.15211000002,0.50020799999999999,0.44537500001024455,0,0.0081660000141710043,1.869875,22.076836,0.20241700000000001,3.2523749999999998,0.018083999999999999,24.690752,34.858110000030138,814388.96185800002,814388.96185800002
784,867,8193,1,814386.61800000002,814398.17706699995,814424.04819500004,0.48416700000000001,0.43020800000522286,0.00029100000392645597,0.062999999965541065,1.9185840000000001,23.105543999999998,0.21262500000000001,2.972083,0.020417000000000001,25.879003000000001,37.43019500002265,814398.65335899999,814398.65364999999
785,869,8193,1,814403.29200000002,814411.32248500001,814437.16911300004,0.55970799999999998,0.46520800003781915,0.00058400002308189869,0.054540999932214618,1.873667,23.151627999999999,0.217,3.1354169999999999,0.025083999999999999,25.897378,33.87711300002411,814411.831443,814411.83202700003
786,870,8193,1,814411.62899999996,814419.03036099998,814442.89482199994,6.3160420000000004,0.4375,0.00029200001154094934,0.011082999990321696,1.9005000000000001,21.240335999999999,0.203875,3.1823760000000001,0.0099170000000000005,29.698378000000002,31.265821999986656,814419.51248599996,814419.51277799997
787,871,8193,1,814419.96499999997,814427.35248700005,814453.37061400001,3.6974589999999998,0.40395799989346415,0.00029200001154094934,0.056290999986231327,1.892334,23.381169,0.20649999999999999,3.0216669999999999,0.018083999999999999,29.267878,33.405614000046626,814427.80019500002,814427.80048700003
788,872,8193,1,814428.299,814437.29861299996,814463.80353200005,0.54716699999999996,0.48825000005308539,0.00029100000392645597,0.059791999985463917,1.967292,23.629669,0.215833,2.9449589999999999,0.011083000000000001,26.515419000000001,35.504532000049949,814437.83498799999,814437.83527899999
789,873,8193,1,814436.58499999996,814443.994405,814468.04319899995,1.52075,0.45004200004041195,0.00029200001154094934,0.012540999916382134,1.914209,21.349418,0.205041,3.3136260000000002,0.014291,25.074293999999998,31.458198999986053,814444.48965500004,814444.48994700005
790,874,8193,1,814444.93700000003,814453.47619800002,814479.60865900002,0.45733299999999999,0.40425000002142042,0.00029200001154094934,0.071750000002793968,1.925875,23.442126999999999,0.207375,3.0158339999999999,0.018082999999999998,26.141503,34.671658999985084,814453.924489,814453.92478100001
791,875,8193,1,814453.29099999997,814463.85311499995,814489.79891000001,0.51479200000000003,0.45645900000818074,0.00058300001546740532,0.055416999966837466,1.9524170000000001,23.166793999999999,0.216417,3.3591250000000001,0.032083,25.956878,36.507910000043921,814464.35653200001,814464.35711500002
792,876,8193,1,814461.62600000005,814469.04740799998,814495.89882700006,1.4822500000000001,0.4660830000648275,0.00029200001154094934,0.012833000044338405,1.8771659999999999,24.205711000000001,0.20241700000000001,2.9977499999999999,0.014291,27.812460999999999,34.272827000007965,814469.56832399999,814469.568616
793,877,8193,1,814469.98199999996,814479.67194999999,814505.83882800001,0.52995800000000004,0.47279200004413724,0.00029199989512562752,0.055708000087179244,1.8649169999999999,23.480626999999998,0.207958,2.7825000000000002,0.020125000000000001,26.177669000000002,35.856828000047244,814480.19082500006,814480.19111699995
794,878,8193,1,814478.26500000001,814489.85170100001,814516.09266199998,0.52149999999999996,0.46900000004097819,0.00029200001154094934,0.065332999918609858,1.8970009999999999,23.524377000000001,0.21495800000000001,3.1094590000000002,0.011084,26.249711000000001,37.827661999966949,814490.36474300001,814490.36503500002
795,879,8193,1,814486.62600000005,814495.97086899995,814520.10103799996,0.6895,0.62883300008252263,0.00029100000392645597,0.0090419999323785305,1.9089590000000001,21.304501999999999,0.21670800000000001,2.9662500000000001,0.0037919999999999998,24.141544,33.475037999916822,814496.64899400005,814496.64928500005
796,880,8193,1,814494.92799999996,814505.89220300002,814532.40003899997,0.450042,0.39170799998100847,0.00058300001546740532,0.016333000035956502,1.907208,23.907043999999999,0.21962499999999999,4.9242090000000003,0.0043750000000000004,26.519210999999999,37.472039000014775,814506.33086999995,814506.33145299996
797,881,8193,1,814503.25600000005,814516.13582900004,814544.26679000002,0.52704099999999998,0.46345799998380244,0.00029200001154094934,2.9353340000379831,1.9273340000000001,22.506169,0.20533299999999999,2.8472499999999998,0.01925,28.140001999999999,41.010789999971166,814516.65353699995,814516.65382899996
798,882,8193,1,814511.59900000005,814520.23578800005,814544.36449800001,0.51829199999999997,0.45908299996517599,0.00029200001154094934,0.008750000037252903,1.906625,21.400752000000001,0.221083,2.811375,0.0090419999999999997,24.137169,32.765497999964282,814520.74562099995,814520.74591299996
799,883,8193,1,814519.96499999997,814532.43912200001,814558.42108300002,0.53112499999999996,0.47250000003259629,0.00058300001546740532,0.026249999995343387,1.9290830000000001,23.246418999999999,0.22691700000000001,3.0143759999999999,0.016334000000000001,25.993335999999999,38.456083000055514,814532.959164,814532.95974700002
800,885,8193,1,814536.58799999999,814544.45783199999,814570.26362600003,0.51129100000000005,0.41066599998157471,0.00058400002308189869,0.057458000024780631,1.8663749999999999,23.188669000000001,0.21145800000000001,2.795334,0.0096249999999999999,25.860043999999998,33.675626000040211,814544.914873,814544.91545700002
801,886,8193,1,814544.93599999999,814552.37016599998,814576.35275199998,7.9802920000000004,0.4777500000782311,0.00087500002700835466,0.0090419999323785305,1.901084,21.304794000000001,0.19629199999999999,3.094875,0.017208000000000001,31.423003000000001,31.416751999990083,814552.90974899998,814552.91062400001
802,887,8193,1,814553.31000000006,814560.69550000003,814586.82154399995,2.5905830000000001,0.36808299995027483,0.00029200001154094934,0.069125000038184226,1.9197500000000001,23.424627000000001,0.21379100000000001,3.0878749999999999,0.014584,28.303044,33.511543999891728,814561.10908299999,814561.109375
803,888,8193,1,814561.61199999996,814570.35491800006,814598.93387900002,0.49437500000000001,0.43516599992290139,0.00029200001154094934,0.058333000051788986,1.896709,25.896211000000001,0.20854200000000001,3.2692920000000001,0.01575,28.589169999999999,37.321879000053741,814570.83937599999,814570.839668
804,889,8193,1,814569.95900000003,814577.35870999994,814603.70058800001,1.4099170000000001,0.40950000006705523,0.00029200001154094934,0.011375000001862645,1.8477079999999999,23.741961,0.21437500000000001,2.97675,0.010500000000000001,27.295044999999998,33.741587999975309,814577.81545999995,814577.81575199997
805,890,8193,1,814578.30500000005,814586.87316900003,814612.72446399997,0.48912499999999998,0.43983399996068329,0.00029200001154094934,0.062416000058874488,1.855,23.193044,0.21875,2.8148749999999998,0.016042000000000001,25.85567,34.419463999918662,814587.35821099998,814587.358503
806,891,8193,1,814586.60800000001,814598.98258700001,814625.23463199998,0.53025,0.48124999995343387,0.00058399990666657686,0.019541000016033649,1.9197500000000001,23.552669999999999,0.207375,3.3366669999999998,0.0087500000000000008,26.256710999999999,38.626631999970414,814599.50846200006,814599.50904599996
807,892,8193,1,814594.95799999998,814603.78750400001,814628.02354800003,0.55095899999999998,0.48854199994821101,0.00029100000392645597,0.01720900007057935,1.98275,21.387336000000001,0.23275000000000001,2.9510839999999998,0.015459000000000001,24.245377999999999,33.065548000042327,814604.32883799996,814604.32912899996
808,893,8193,1,814603.31499999994,814612.78133899998,814638.19513300003,0.44683299999999998,0.39141599996946752,0.00029200001154094934,0.019541000016033649,1.902542,22.804544,0.21233399999999999,2.9805419999999998,0.018082999999999998,25.423418999999999,34.880133000086062,814613.21854699997,814613.21883899998
809,894,8193,1,814611.59999999998,814625.28713199997,814651.737509,0.53549999999999998,0.47279100003652275,0.00087500002700835466,0.065916999941691756,1.882125,23.732336,0.207375,3.1949169999999998,0.010208,26.464669000000001,40.137509000021964,814625.80833999999,814625.80921500002
810,895,8193,1,814619.95600000001,814628.07225700002,814651.96238399995,0.52470799999999995,0.46724999998696148,0.00058300001546740532,0.006124999956227839,1.908666,21.185794000000001,0.20824999999999999,3.3104170000000002,0.0064159999999999998,23.898876999999999,32.006383999949321,814628.58850700001,814628.58909000002
811,896,8193,1,814628.30200000003,814638.24996599997,814664.76713599998,0.49875000000000003,0.44304200005717576,0.00029200001154094934,0.076999999932013452,1.9395830000000001,23.709876999999999,0.21145900000000001,2.9437920000000002,0.017791999999999999,26.527670000000001,36.465135999955237,814638.73821600003,814638.73850800004
812,897,8193,1,814636.61300000001,814651.97463399998,814683.07592900004,0.44595899999999999,0.38733399996999651,0.026540999999269843,5.6189589999848977,1.9754590000000001,22.807459999999999,0.202125,2.8032089999999998,0.017500000000000002,31.113544999999998,46.462929000030272,814652.40834299999,814652.43488399999
813,898,8193,1,814644.96999999997,814652.44625899999,814683.119679,0.50691699999999995,0.45558399998117238,0.00029100000392645597,0.0078750000102445483,1.835167,24.109753000000001,0.20766699999999999,2.7766670000000002,0.0026250000000000002,30.679545000000001,38.149679000023752,814652.94734299998,814652.94763399998
814,899,8193,1,814653.29500000004,814664.82196900004,814690.99322099995,0.50837500000000002,0.46083299990277737,0.00029100000392645597,0.059791999985463917,1.8287500000000001,23.542169000000001,0.200375,2.9779170000000001,0.019833,26.176210000000001,37.698220999911427,814665.32538599998,814665.32567699999
815,901,8193,1,814669.93700000003,814683.17917899997,814709.69197299995,0.55562500000000004,0.44712500006426126,0.00029100000392645597,0.017208999954164028,1.859083,23.898586000000002,0.207958,2.9306670000000001,0.018959,26.575502,39.754972999915481,814683.67209600005,814683.67238700006
816,902,8193,1,814678.29299999995,814685.71638799994,814712.212849,2.5179589999999998,0.4415830000070855,0.00058299989905208349,0.56408400007057935,1.9798340000000001,23.107002000000001,0.28175,2.9846249999999999,0.022166000000000002,28.527920000000002,33.919849000056274,814686.20259600005,814686.20317899995
817,903,8193,1,814686.63300000003,814694.04551299999,814720.51018300001,3.4256259999999998,0.41650100005790591,0.00058300001546740532,0.067666999995708466,1.8660829999999999,23.831211,0.20883299999999999,2.8580420000000002,0.0078750000000000001,29.425961999999998,33.877182999975048,814694.50984700001,814694.51043000002
818,904,8193,1,814694.96900000004,814709.81039,814733.974392,0.47337499999999999,0.41737499996088445,0.00058300001546740532,0.011082999990321696,1.859667,21.538709999999998,0.21670800000000001,2.900042,0.015458,24.175084999999999,39.00539199996274,814710.27268199995,814710.27326499997
819,905,8193,1,814703.30299999996,814712.32776500005,814737.888851,0.513042,0.45354199991561472,0.00029100000392645597,0.013999999966472387,1.969042,22.831085999999999,0.206791,3.0356670000000001,0.016334000000000001,25.571294000000002,34.585851000039838,814712.83059899998,814712.83088999998
820,906,8193,1,814711.62600000005,814720.58426599996,814746.83310199995,0.48125099999999998,0.42204199999105185,0.00029100000392645597,0.059791999985463917,1.897875,23.527877,0.21729100000000001,2.8886669999999999,0.0096249999999999999,26.260503,35.207101999898441,814721.05385000003,814721.05414100003
821,907,8193,1,814719.97199999995,814734.07764200005,814758.52252,0.49700100000000003,0.44187599990982562,0.00058300001546740532,0.013417000067420304,1.8964160000000001,21.801210999999999,0.21495800000000001,2.9169589999999999,0.015167,24.454502999999999,38.550520000047982,814734.56501799996,814734.56560099998
822,908,8193,1,814728.29299999995,814737.93931000005,814764.05047899997,0.52733300000000005,0.46695799997542053,0.00087500002700835466,0.013124999939464033,1.939875,23.422294000000001,0.20125000000000001,3.3690419999999999,0.0043750000000000004,26.123418999999998,35.757479000021704,814738.45439299999,814738.45526800002
823,909,8193,1,814736.63199999998,814746.87393500004,814772.15764600004,0.49466700000000002,0.44449999998323619,0.00029200001154094934,0.053666000021621585,1.895834,22.568294000000002,0.20066700000000001,2.9572090000000002,0.0078750000000000001,25.28867,35.525646000052802,814747.36335200001,814747.36364400003
824,910,8193,1,814744.96200000006,814758.61526999995,814785.69185599999,0.49875000000000003,0.43954200006555766,0.00029200001154094934,0.015750000020489097,1.9057500000000001,24.421253,0.214667,3.2535419999999999,0.01575,27.088253000000002,40.729855999932624,814759.10264499998,814759.10293699999
825,911,8193,1,814753.30299999996,814764.08839499997,814789.85393999994,0.47862500000000002,0.42437600006815046,0.00029200001154094934,0.059207999962382019,1.927333,23.083086000000002,0.202125,3.3069169999999999,0.0084580000000000002,25.774585999999999,36.55093999998644,814764.55797900003,814764.55827100005
826,912,8193,1,814761.62800000003,814772.19702099997,814797.98035700002,0.53404200000000002,0.48562499997206032,0.00058300001546740532,0.057458000024780631,1.825834,23.133835999999999,0.20008300000000001,2.9265840000000001,0.01925,25.788294,36.352356999996118,814772.72610500001,814772.72668800002
827,914,8193,1,814778.304,814785.79189800005,814812.46277500002,0.54979199999999995,0.45733299991115928,0.00029200001154094934,0.013415999943390489,1.968459,23.952836000000001,0.199792,3.3967499999999999,0.017208999999999999,26.720461,34.158775000018068,814786.29210600001,814786.29239800002
828,915,8193,1,814786.64300000004,814794.03556500003,814822.48006800003,4.6185429999999998,0.44741699995938689,0.00058300001546740532,0.058625000063329935,1.897,25.740461,0.22195799999999999,2.881084,0.015167,32.571587000000001,35.837067999993451,814794.52702399995,814794.52760699997
829,916,8193,1,814794.96299999999,814802.411066,814828.56627700001,4.7678750000000001,0.39608299999963492,0.00029200001154094934,0.058041000040248036,1.854417,23.559669,0.201542,2.9306670000000001,0.0090410000000000004,30.482961,33.603277000016533,814802.85119099997,814802.85148299998
830,917,8193,1,814803.30000000005,814812.52198399999,814837.37694500003,0.53141700000000003,0.47250000003259629,0.00058300001546740532,0.024791999952867627,1.870458,22.154126999999999,0.19687499999999999,2.9592499999999999,0.016333,24.864003,34.076944999978878,814813.04406700004,814813.04465000005
831,918,8193,1,814811.62100000004,814822.53840099997,814848.547487,0.56495799999999996,0.50400000007357448,0.00029200001154094934,0.018666999996639788,1.9363760000000001,23.208210999999999,0.21670900000000001,3.0902080000000001,0.041417000000000002,26.021628,36.926486999960616,814823.09052600001,814823.09081800003
832,919,8193,1,814819.97499999998,814828.61177700001,814854.87578,0.50429199999999996,0.44770799996331334,0.00029200001154094934,0.064458000008016825,1.9080839999999999,23.514752999999999,0.199209,3.0569579999999998,0.010208,26.275670000000002,34.900780000025406,814829.10440199997,814829.10469399998
833,920,8193,1,814828.26899999997,814837.47873600002,814862.00411400001,0.547458,0.47950000001583248,0.00029200001154094934,0.019833000027574599,1.902833,21.757460999999999,0.22195799999999999,3.094001,0.019542,24.535585999999999,33.735114000039175,814838.01598599995,814838.01627799997
834,921,8193,1,814836.58999999997,814848.649279,814875.65382300003,0.55679199999999995,0.49379199999384582,0.00029100000392645597,0.053375000017695129,1.9751669999999999,24.187626999999999,0.207958,2.890126,0.014291,27.015044,39.063823000062257,814849.19557099999,814849.19586199999
835,922,8193,1,814844.94499999995,814854.92186300003,814881.09953200002,0.62620799999999999,0.56583300000056624,0.00058300001546740532,0.07437499996740371,1.924417,23.309127,0.21320900000000001,2.9977499999999999,0.025666000000000001,26.188752000000001,36.154532000073232,814855.53698800004,814855.53757100005
836,923,8193,1,814853.26199999999,814862.06565500004,814886.26524099999,0.46637499999999998,0.41154199989978224,0.00087499991059303284,0.016334000043570995,1.8754169999999999,21.618627,0.207375,2.963625,0.010792,24.209211,33.003240999998525,814862.52240500005,814862.52327999996
837,924,8193,1,814861.61100000003,814875.70953200001,814901.81457599998,0.470167,0.41241600003559142,0.00029100000392645597,0.030917000025510788,1.927333,23.429586,0.20941599999999999,2.9691670000000001,0.026540999999999999,26.115836000000002,40.203575999941677,814876.16890699998,814876.16919799999
838,925,8193,1,814869.96299999999,814881.196949,814906.35932599998,0.50954200000000005,0.449750000028871,0.00029100000392645597,0.073792000068351626,1.9226669999999999,22.40671,0.22195799999999999,2.9624579999999998,0.017791999999999999,25.172001999999999,36.396325999987312,814881.69686599995,814881.69715699996
839,926,8193,1,814878.25899999996,814886.38540799997,814911.63032700005,0.51800000000000002,0.4585000000661239,0.00029200001154094934,0.016916000051423907,1.9232499999999999,22.552251999999999,0.20183300000000001,2.9324159999999999,0.016916,25.257169000000001,33.371327000088058,814886.89115799998,814886.89145
840,927,8193,1,814886.64599999995,814901.89040899999,814928.17570400005,0.504,0.44537500001024455,0.00058400002308189869,0.054540999932214618,1.957959,23.527002,0.208541,3.103917,0.024208,26.29842,41.529704000102356,814902.381284,814902.38186800003
841,928,8193,1,814894.96200000006,814906.41240999999,814932.78812100005,0.53404200000000002,0.47512499999720603,0.00029200001154094934,0.026540999999269843,1.8914580000000001,23.689461000000001,0.21204200000000001,2.892458,0.011375,26.385628000000001,37.826120999990962,814906.93653499999,814906.936827
842,929,8193,1,814903.29500000004,814911.72803500004,814935.41778799996,0.46345799999999998,0.4094999999506399,0.00029200001154094934,0.01779099996201694,1.906917,21.099460000000001,0.19833300000000001,2.9437920000000002,0.0032079999999999999,23.698502000000001,32.122787999920547,814912.18245199998,814912.18274399999
843,931,8193,1,814919.95999999996,814928.34224499995,814953.45124800003,0.61833300000000002,0.51916700007859617,0.00058300001546740532,0.059208999969996512,1.896417,22.287710000000001,0.214667,3.143583,0.014874999999999999,25.162669000000001,33.491248000063933,814928.90691200003,814928.90749500005
844,932,8193,1,814928.26199999999,814935.69778799999,814961.96295700001,3.2940839999999998,0.39608299999963492,0.00058300001546740532,0.056582999997772276,1.8340000000000001,23.644544,0.21729200000000001,2.8857499999999998,0.028000000000000001,29.118252999999999,33.700957000022754,814936.13878799998,814936.139371
845,933,8193,1,814936.63399999996,814944.01553900004,814968.63133300003,8.3113349999999997,0.40337499999441206,0.00087499991059303284,0.014000000082887709,1.951541,21.970085999999998,0.206792,2.9779170000000001,0.0078750000000000001,32.478254,31.997333000064828,814944.46441400005,814944.46528899996
846,934,8193,1,814944.98199999996,814953.50870600005,814982.67245900002,0.467833,0.41154199989978224,0.00029200001154094934,0.059499999973922968,1.96875,26.431419000000002,0.2135,3.0321669999999998,0.015458,29.173086000000001,37.690459000063129,814953.967206,814953.96749800001
847,935,8193,1,814953.27500000002,814962.02012400003,814986.51837599999,0.52908299999999997,0.47424999997019768,0.00029200001154094934,0.055999999982304871,1.8503339999999999,21.830085,0.203292,2.9099590000000002,0.018083999999999999,24.507294000000002,33.24337599996943,814962.54016500001,814962.54045700002
848,936,8193,1,814961.63300000003,814968.98279100005,814992.16883500002,0.82308400000000004,0.46491699991747737,0.00029100000392645597,0.011083999997936189,1.897875,20.546752000000001,0.19541600000000001,3.2897090000000002,0.0078750000000000001,23.501044,30.535834999987856,814969.49058300001,814969.49087400001
849,937,8193,1,814969.96499999997,814982.71650099999,815008.71683699999,0.50691699999999995,0.45470800006296486,0.00029100000392645597,0.02304200001526624,1.946,23.269753000000001,0.21904199999999999,3.077375,0.025375000000000002,26.009086,38.751837000017986,814983.214668,814983.214959
850,938,8193,1,814978.26100000006,814986.57233500003,815012.60941999999,0.55854199999999998,0.49670799996238202,0.00029100000392645597,0.064750000019557774,1.9608749999999999,23.235043999999998,0.20824999999999999,2.8597920000000001,0.0075830000000000003,26.048752,34.348419999936596,814987.11921000003,814987.11950100004
851,939,8193,1,814986.58400000003,814994.01158499997,815020.90325500001,2.2397089999999999,0.45908399997279048,0.00029100000392645597,2.7935840000864118,1.87425,21.478335999999999,0.20824999999999999,2.7547920000000001,0.012541,28.626795000000001,34.31925499998033,814994.51616899995,814994.51645999996
852,940,8193,1,814994.97499999998,815008.77575300005,815037.66942299996,0.52820800000000001,0.47658399993088096,0.00029200001154094934,0.062125000054948032,1.896417,26.163668999999999,0.20912500000000001,3.541417,0.022457999999999999,28.900960999999999,42.694422999978997,815009.29666999995,815009.29696199996
853,941,8193,1,815003.29299999995,815012.64004500001,815038.79263100005,0.52383400000000002,0.47250100004021078,0.00029200001154094934,0.007582999998703599,1.9906250000000001,23.411210000000001,0.20474999999999999,2.957792,0.0072919999999999999,26.157836,35.499631000100635,815013.15862899995,815013.15892099997
854,942,8193,1,815011.62800000003,815021.02575499995,815047.83400699997,0.55504200000000004,0.49495800002478063,0.00029100000392645597,0.015459000016562641,1.8514999999999999,24.104210999999999,0.217,2.777542,0.017208999999999999,26.819918999999999,36.206006999942474,815021.56912999996,815021.56942099996
855,944,8193,1,815028.25699999998,815037.76042299997,815063.27863399999,0.53345799999999999,0.44070799998007715,0.00029200001154094934,0.061250000027939677,1.8558760000000001,22.827586,0.22750000000000001,3.257917,0.037040999999999998,25.564585999999998,35.021634000004269,815038.247798,815038.24809000001
856,945,8193,1,815036.62899999996,815044.03300699999,815070.28796800005,5.7172499999999999,0.4608330000191927,0.00029200001154094934,0.05629199999384582,1.8748339999999999,23.503086,0.21554100000000001,2.8664999999999998,0.020708000000000001,31.467628000000001,33.658968000090681,815044.53758999996,815044.53788199998
857,946,8193,1,815044.97199999995,815052.34988300002,815077.15934400004,4.8775430000000002,0.41095799999311566,0.00029100000392645597,0.014000000082887709,1.904291,22.153835999999998,0.204458,2.7486670000000002,0.018957999999999999,29.232586999999999,32.187344000092708,815052.80429999996,815052.80459099996
858,947,8193,1,815053.299,815063.34367600002,815089.30667800002,0.51391600000000004,0.4573330000275746,0.00029200001154094934,0.076124999905005097,1.9075,23.225711,0.21262600000000001,3.0187499999999998,0.016042000000000001,25.974086,36.007678000023589,815063.84621700004,815063.84650900005
859,948,8193,1,815061.62,815070.34338500001,815096.81388699997,0.57750000000000001,0.52354099997319281,0.00029100000392645597,0.069417000049725175,1.9092499999999999,23.684794,0.20970800000000001,2.8875000000000002,0.010500000000000001,26.476627000000001,35.193886999972165,815070.91475999996,815070.91505099996
860,949,8193,1,815069.96600000001,815077.37109399994,815101.50476299995,0.61687499999999995,0.45120800007134676,0.00029100000392645597,0.016624999931082129,1.912458,21.476002000000001,0.20824999999999999,2.8810829999999998,0.0096249999999999999,24.254418999999999,31.53876299993135,815077.86721900001,815077.86751000001
861,950,8193,1,815078.304,815089.36413700006,815115.82180599996,0.51887499999999998,0.45529099996201694,0.00058300001546740532,0.010208000079728663,1.94075,23.760335999999999,0.205042,3.1342500000000002,0.01575,26.470502,37.517805999959819,815089.86988699995,815089.87046999997
862,951,8193,1,815086.59499999997,815096.89817900001,815123.02801500005,0.47716700000000001,0.42466699995566159,0.00029100000392645597,0.06708399998024106,1.8762920000000001,23.473627,0.20416599999999999,2.989001,0.020125000000000001,26.138586,36.433015000075102,815097.36659600004,815097.36688700004
863,952,8193,1,815094.92500000005,815102.37392899999,815128.23047399998,1.2565010000000001,0.44916700001340359,0.00058300001546740532,0.017500000074505806,1.883291,23.225128000000002,0.21087500000000001,3.0356670000000001,0.0078750000000000001,26.61692,33.305473999935202,815102.87005499995,815102.87063799996
864,953,8193,1,815103.30500000005,815115.87722300005,815142.32643400005,0.55737499999999995,0.49991599994245917,0.00058300001546740532,0.011083999997936189,1.9098329999999999,23.703752000000001,0.20941699999999999,2.9782090000000001,0.019834000000000001,26.458252999999999,39.02143399999477,815116.42555599997,815116.42613899999
865,954,8193,1,815111.63100000005,815123.08197299996,815149.58660100005,0.484458,0.42670900002121925,0.00029200001154094934,0.069125000038184226,1.8421670000000001,23.865627,0.21116699999999999,2.9306670000000001,0.018374999999999999,26.514544000000001,37.955600999994203,815123.55651499995,815123.55680699996
866,955,8193,1,815119.978,815128.33897399995,815155.29860099999,0.48125000000000001,0.42262500000651926,0,0.013415999943390489,1.897,24.291461000000002,0.19891700000000001,3.047625,0.014874999999999999,26.971003,35.32060099998489,815128.80884900002,815128.80884900002
867,956,8193,1,815128.29399999999,815142.39322500001,815167.98464399995,0.61045799999999995,0.5433750000083819,0.00058300001546740532,0.011959000024944544,1.8302080000000001,22.881252,0.19804099999999999,2.9662500000000001,0.013125,25.606584999999999,39.690643999958411,815142.98851699999,815142.98910000001
868,957,8193,1,815136.61100000003,815149.64989300002,815175.64381200005,0.54658399999999996,0.48737500002607703,0.00029200001154094934,0.026833000010810792,1.887958,23.298044000000001,0.20912500000000001,2.9163749999999999,0.017500000000000002,26.002085999999998,39.032812000019476,815150.18830899999,815150.188601
869,958,8193,1,815144.96499999997,815155.35839299997,815179.526771,0.53112599999999999,0.46754199999850243,0.00058300001546740532,0.025957999983802438,1.8672500000000001,21.467835999999998,0.20708399999999999,2.8577499999999998,0.010792,24.180045,34.56177100003697,815155.87785199995,815155.87843499996
870,959,8193,1,815153.30099999998,815168.04501899995,815196.50848099997,0.49145800000000001,0.4345840000314638,0.00029100000392645597,0.058333999942988157,1.9031260000000001,25.743376999999999,0.230125,3.0706669999999998,0.023625,28.473378,43.207480999990366,815168.52685300005,815168.52714400005
871,960,8193,1,815161.63699999999,815175.70039500005,815201.82060600002,0.50049999999999994,0.44187499990221113,0.00029200001154094934,0.054832999943755567,1.892042,23.436878,0.21058299999999999,2.8775840000000001,0.014874999999999999,26.131001999999999,40.18360600003507,815176.18981200003,815176.19010400004
872,961,8193,1,815169.96200000006,815179.57839599997,815205.71289800003,0.54220800000000002,0.48475000006146729,0.00029100000392645597,0.01049999997485429,1.9185840000000001,23.433961,0.21320900000000001,3.1826669999999999,0.0099170000000000005,26.145002000000002,35.750897999969311,815180.11039599997,815180.11068699998
873,963,8193,1,815186.60699999996,815196.61552200001,815227.80227500002,0.63466699999999998,0.5235419999808073,0.00058300001546740532,0.075249999994412065,1.8765829999999999,28.411545,0.20474999999999999,2.962167,0.027709000000000001,31.248586,41.195275000063702,815197.188356,815197.18893900001
874,964,8193,1,815194.95700000005,815202.35610600002,815228.44539999997,0.89249999999999996,0.39812499994877726,0.00058299989905208349,0.035875000059604645,1.9042920000000001,23.418209999999998,0.26074999999999998,2.756542,0.0099170000000000005,26.536127,33.488399999914691,815202.80177300004,815202.80235599994
875,965,8193,1,815203.299,815210.69981500006,815239.57277700002,5.4378339999999996,0.44129199988674372,0.00058299989905208349,0.012542000040411949,1.815625,26.318252999999999,0.21174999999999999,2.8568760000000002,0.014874999999999999,33.824587000000001,36.273777000023983,815211.18602400005,815211.18660699995
876,967,8193,1,815219.96200000006,815227.918359,815253.71773599996,0.56583399999999995,0.46345799998380244,0.014000000082887709,0.16420799994375557,1.84975,23.021836,0.20766699999999999,2.6967500000000002,0.018374999999999999,25.857710999999998,33.755735999904573,815228.42585899995,815228.43985900003
877,968,8193,1,815228.30200000003,815235.69390099996,815261.47461200005,7.6063749999999999,0.43137500004377216,0.00058300001546740532,0.063291999977082014,1.8412919999999999,23.164752,0.20912500000000001,2.881958,0.0093329999999999993,32.911085999999997,33.172612000023946,815236.170193,815236.17077600001
878,969,8193,1,815236.63500000001,815244.03323499998,815270.53698800004,4.8929999999999998,0.44858399999793619,0.00029200001154094934,0.011667000013403594,1.84975,23.895669000000002,0.21029100000000001,3.409875,0.014291,30.905878000000001,33.901988000026904,815244.52411,815244.52440200001
879,970,8193,1,815244.97699999996,815253.81748600001,815280.24686399999,0.49525000000000002,0.44129200000315905,0.00058400002308189869,0.087208000011742115,1.936083,23.656210999999999,0.20824999999999999,3.0452919999999999,0.033250000000000002,26.438127999999999,35.269864000030793,815254.30398600001,815254.30457000004
880,971,8193,1,815253.25800000003,815261.53469500004,815287.93315599998,0.54600099999999996,0.48212599998805672,0.00087500002700835466,0.059790999977849424,1.8517920000000001,23.667002,0.214667,2.8723329999999998,0.0090410000000000004,26.411586,34.675155999953859,815262.06757099996,815262.06844599999
881,972,8193,1,815261.64199999999,815270.64490499999,815295.24903199996,0.54454199999999997,0.48533299996051937,0.00029100000392645597,0.016333999927155674,1.9658340000000001,21.809669,0.203875,3.0913750000000002,0.014291999999999999,24.615794000000001,33.607031999970786,815271.17778000003,815271.17807100003
882,973,8193,1,815269.91899999999,815280.29994699999,815305.79832499998,0.46870899999999999,0.41066699998918921,0.00058299989905208349,0.051042000064626336,1.911292,22.827586,0.21174999999999999,3.2701669999999998,0.018082999999999998,25.508586000000001,35.879324999987148,815280.75815600005,815280.75873899995
883,974,8193,1,815278.26399999997,815287.98040600005,815313.95624199999,0.45762599999999998,0.40104199992492795,0.00029100000392645597,0.054250000044703484,1.943667,23.301544,0.20474999999999999,3.0237080000000001,0.0075839999999999996,25.986336000000001,35.692242000019178,815288.427532,815288.42782300001
884,975,8193,1,815286.63199999998,815295.30007400003,815319.00178499997,0.49729099999999998,0.44624999992083758,0.00029200001154094934,0.01633299991954118,1.8719170000000001,21.075251999999999,0.215833,2.93825,0.021000000000000001,23.708127000000001,32.369784999988042,815295.79065700003,815295.79094900005
885,976,8193,1,815294.95999999996,815305.85607500002,815332.60016100004,0.64166699999999999,0.58070799999404699,0.00029200001154094934,0.013124999939464033,1.9495,23.906461,0.20649999999999999,3.133375,0.018374999999999999,26.755461,37.64016100007575,815306.48607500002,815306.48636700003
886,977,8193,1,815303.30500000005,815314.00845099997,815340.10532800003,0.49904199999999999,0.43604100006632507,0.00058299989905208349,0.067666999995708466,1.896709,23.391376999999999,0.21262500000000001,2.9417499999999999,0.021291999999999998,26.106794000000001,36.800327999982983,815314.49757600005,815314.49815899995
887,978,8193,1,815311.62600000005,815319.06857600005,815345.27745399997,0.47570800000000002,0.41474999999627471,0.00058400002308189869,0.013415999943390489,1.9223749999999999,23.556169000000001,0.21262500000000001,2.9764590000000002,0.021000000000000001,26.218793999999999,33.651453999918886,815319.53407599998,815319.53466
888,979,8193,1,815319.929,815332.66870299994,815357.44024699996,0.47220800000000002,0.41445800010114908,0.00058300001546740532,0.010208999970927835,1.93025,22.117084999999999,0.206208,3.18675,0.025083000000000001,24.781752000000001,37.51124699995853,815333.13041099999,815333.13099400001
889,980,8193,1,815328.29399999999,815340.15578699997,815366.79078899999,0.50720799999999999,0.4538330000359565,0.00058300001546740532,0.060375000000931323,1.8614170000000001,23.916086,0.223417,2.9064580000000002,0.0099159999999999995,26.642876999999999,38.496788999997079,815340.65512000001,815340.65570300003
890,981,8193,1,815336.63500000001,815345.33432899998,815369.430956,0.53112499999999996,0.47658300003968179,0.00058300001546740532,0.024791999952867627,1.893208,21.355543999999998,0.25695800000000002,3.2068759999999998,0.026249999999999999,24.103335000000001,32.7959559999872,815345.85874599998,815345.859329
891,982,8193,1,815344.93299999996,815357.55662199995,815383.64766599995,0.53783300000000001,0.47366700007114559,0.00058400002308189869,0.067665999988093972,1.969625,23.280836000000001,0.201541,3.0289579999999998,0.024791000000000001,26.102419000000001,38.7146659999853,815358.08308000001,815358.08366400003
892,983,8193,1,815353.30700000003,815366.83833099995,815393.01950000005,0.495834,0.43837500002700835,0.00058400002308189869,0.059790999977849424,1.8797919999999999,23.506001999999999,0.22195799999999999,3.0931259999999998,0.0081670000000000006,26.191669999999998,39.712500000023283,815367.32366400003,815367.32424800005
893,984,8193,1,815361.62800000003,815369.55083099997,815393.61945899995,0.53258300000000003,0.46958400006406009,0.00058400002308189869,0.011957999900914729,1.9731259999999999,21.315877,0.21554200000000001,2.9099590000000002,0.0075839999999999996,24.078835999999999,31.991458999924362,815370.07320600003,815370.07379000005
894,985,8193,1,815369.97199999995,815383.76783300005,815410.08900200005,0.529667,0.46666599996387959,0.00029100000392645597,0.061250000027939677,1.910417,23.601085999999999,0.20183300000000001,3.0972089999999999,0.014,26.333711000000001,40.117002000100911,815384.28495799995,815384.28524899995
895,986,8193,1,815378.28399999999,815393.06499999994,815419.40541999997,0.48795899999999998,0.42116700008045882,0.00087500002700835466,0.028000000049360096,1.925875,23.680419000000001,0.19483300000000001,2.9892919999999998,0.0096249999999999999,26.35267,41.121419999981299,815393.54070899996,815393.54158399999
896,987,8193,1,815386.61800000002,815394.00883399998,815419.44246100006,0.75629199999999996,0.40629100007936358,0.00029199989512562752,0.010792000102810562,1.9480409999999999,21.276503000000002,0.21875,2.876417,0.003209,25.739001999999999,32.824461000040174,815394.46004200005,815394.46033399994
897,988,8193,1,815394.924,815410.18962700001,815436.13512999995,0.47541699999999998,0.41445799998473376,0.00058300001546740532,0.061541999923065305,1.957667,23.216961000000001,0.20970800000000001,3.0942919999999998,0.016334000000000001,25.956295000000001,41.211129999952391,815410.65425200004,815410.65483500005
898,990,8193,1,815411.63800000004,815419.49467000004,815445.91704700002,0.49670799999999998,0.38850000000093132,0.00058400002308189869,0.011666000005789101,1.84975,23.858626999999998,0.22604199999999999,2.941459,0.015459000000000001,26.476918999999999,34.279046999989077,815419.93683599995,815419.93741999997
899,991,8193,1,815419.96600000001,815427.34429499996,815455.34954800003,7.8674169999999997,0.42554200009908527,0.001167000038549304,0.067957999999634922,1.8622920000000001,25.325710999999998,0.233042,2.9601250000000001,0.023333,35.401628000000002,35.383548000012524,815427.81533699995,815427.81650399999
900,992,8193,1,815428.27000000002,815436.18354600004,815462.42159100005,0.51041700000000001,0.46054199989885092,0.00029199989512562752,0.054250000044703484,1.904876,23.522044000000001,0.20970800000000001,2.886333,0.010208999999999999,26.243003000000002,34.151591000030749,815436.68929600006,815436.68958799995
901,993,8193,1,815436.603,815445.97129699995,815470.60896600003,0.57954099999999997,0.52091700001619756,0.00058399990666657686,0.010500000091269612,1.859667,21.911168,0.21029200000000001,2.8624170000000002,0.01575,24.64846,34.005966000026092,815446.54004700005,815446.54063099995
902,994,8193,1,815444.94299999997,815455.40554800001,815481.556384,0.46958299999999997,0.41445899999234825,0.00029200001154094934,0.055417000083252788,1.9640839999999999,23.432501999999999,0.20066700000000001,3.2124169999999999,0.020125000000000001,26.161919000000001,36.61338400002569,815455.86404799996,815455.86433999997
903,995,8193,1,815453.29700000002,815462.48342399998,815489.37246800005,0.48533399999999999,0.4264170000096783,0.00029100000392645597,0.061541999923065305,1.9226669999999999,24.188794000000001,0.215833,3.0709590000000002,0.010208,26.900711000000001,36.075468000024557,815462.95709100005,815462.95738200005
904,996,8193,1,815461.63800000004,815470.71046600002,815495.00688600005,0.43516700000000003,0.38062599999830127,0.00029100000392645597,0.017791999969631433,1.903708,21.669668999999999,0.203875,2.905875,0.015167,24.304586,33.368886000011116,815471.13746700005,815471.13775800006
905,997,8193,1,815469.97199999995,815481.66313400003,815508.397887,0.44187500000000002,0.38441699999384582,0.00029200001154094934,0.077292000059969723,1.9322919999999999,24.050253000000001,0.207375,3.080292,0.015458,26.744085999999999,38.425887000048533,815482.09538399999,815482.095676
906,998,8193,1,815478.29500000004,815489.42788500001,815518.30113799998,0.53637500000000005,0.45966699998825788,0.00029100000392645597,0.053667000029236078,1.8958330000000001,26.16892,0.206208,2.9204590000000001,0.0099170000000000005,28.886085999999999,40.006137999938801,815489.95142699999,815489.951718
907,999,8193,1,815486.62899999996,815495.122386,815519.07842999999,0.49437500000000001,0.43604099994990975,0.00058300001546740532,0.0081670000217854977,1.891167,21.343585999999998,0.20591699999999999,3.1243340000000002,0.011083000000000001,23.967419,32.449430000036955,815495.605094,815495.60567700001
908,1000,8193,1,815494.96400000004,815508.44542899996,815535.60018099996,0.58887500000000004,0.52908300003036857,0.00058300001546740532,0.057167000020854175,1.8538330000000001,24.420086000000001,0.214666,2.8562919999999998,0.014291,27.164961000000002,40.636180999921635,815509.02438700001,815509.02497000003
909,1001,8193,1,815503.29000000004,815518.39797100006,815547.29893299995,0.451208,0.392583999899216,0.00058399990666657686,0.059791000094264746,1.9139170000000001,26.248543999999999,0.207375,2.8043749999999998,0.010208,28.911169999999998,44.008932999917306,815518.83897100005,815518.83955499995
910,1002,8193,1,815511.63300000003,815520.96259699995,815547.34997400001,0.52616700000000005,0.46112500003073364,0.00058300001546740532,0.012250000028871,1.902542,21.384709999999998,0.19570799999999999,2.9009170000000002,0.0029160000000000002,26.399044,35.716973999980837,815521.477097,815521.47768000001
911,1003,8193,1,815519.929,815535.65005599998,815567.545851,0.43312499999999998,0.37916700006462634,0.00029100000392645597,0.038499999907799065,1.862876,29.329712000000001,0.199209,2.8145829999999998,0.021583999999999999,31.905128000000001,47.61685099999886,815536.07414000004,815536.07443100004
912,1005,8193,1,815536.603,815547.46226599999,815570.87143499998,0.47541600000000001,0.38150000001769513,0.00029200001154094934,0.013124999939464033,1.7890839999999999,20.911044,0.198042,2.9020839999999999,0.010791,23.461376999999999,34.268434999976307,815547.88547400001,815547.88576600002
913,1006,8193,1,815544.97100000002,815552.37159999995,815581.33060300001,4.9539580000000001,0.43370799999684095,0.00029200001154094934,0.05308300000615418,1.873667,26.304252999999999,0.20883299999999999,2.9694590000000001,0.020709000000000002,33.433169999999997,36.359602999989875,815552.85168299999,815552.851975
914,1007,8193,1,815553.304,815567.58930999995,815593.74860399996,0.51566699999999999,0.46695800009183586,0.00029100000392645597,0.052792000002227724,1.8675409999999999,23.444168999999999,0.205625,2.8612500000000001,0.014,26.164252999999999,40.444603999960236,815568.10031000001,815568.10060100001
915,1008,8193,1,815561.63600000006,815570.91110200004,815598.32281299995,0.50924999999999998,0.45704100001603365,0.00029100000392645597,0.008459000033326447,1.8774580000000001,24.770669000000002,0.205042,3.071542,0.014584,27.416961000000001,36.686812999891117,815571.415102,815571.415393
916,1009,8193,1,815569.98499999999,815581.43501899997,815608.14789699996,0.51654199999999995,0.46054200001526624,0.00029100000392645597,0.080500000040046871,1.8751249999999999,23.968001999999998,0.20241600000000001,2.7396250000000002,0.013416000000000001,26.723960999999999,38.162896999972872,815581.94047799997,815581.94076899998
917,1010,8193,1,815578.29599999997,815593.80314600002,815626.00869000005,0.56729200000000002,0.51449999993201345,0.00058300001546740532,2.9405839999672025,1.946291,26.52242,0.19658400000000001,2.8411249999999999,0.020709000000000002,32.211086999999999,47.712690000073053,815594.364604,815594.36518700002
918,1011,8193,1,815586.62600000005,815598.42052100005,815626.105232,0.42875000000000002,0.37508299993351102,0.00029200001154094934,0.011082999990321696,1.9051670000000001,21.126002,0.2135,3.0490840000000001,0.0067080000000000004,27.693753000000001,39.479231999954209,815598.84022899996,815598.84052099998
919,1012,8193,1,815594.96299999999,815608.202147,815633.810191,0.53141700000000003,0.47512499999720603,0.00029199989512562752,0.058333000051788986,1.863459,22.916834999999999,0.21116699999999999,2.9041250000000001,0.021291999999999998,25.617668999999999,38.847191000008024,815608.72423000005,815608.72452199995
920,1014,8193,1,815611.62899999996,815626.15335699997,815650.39290099998,0.50254100000000002,0.39549999998416752,0.00029200001154094934,0.078749999986030161,1.8865000000000001,21.541627999999999,0.20912500000000001,2.9414579999999999,0.014291999999999999,24.291461000000002,38.763901000027545,815626.60369000002,815626.60398200003
921,1015,8193,1,815619.95400000003,815627.35239899997,815658.57298499998,1.225875,0.45295800000894815,0.00029200001154094934,4.5902500000083819,1.902833,23.932711000000001,0.20912500000000001,2.7848329999999999,0.018667,31.950627999999998,38.618984999950044,815627.84823200002,815627.84852400003
922,1016,8193,1,815628.27099999995,815635.69640000002,815661.21519400005,2.341208,0.45908299996517599,0,0.065916999941691756,1.9842089999999999,22.580544,0.27504099999999998,2.9922089999999999,0.014583,27.357461000000001,32.944194000097923,815636.19894100004,815636.19894100004
923,1017,8193,1,815636.63899999997,815650.49323499994,815675.05886200001,0.45441700000000002,0.39725000003818423,0.00029100000392645597,0.016042000032030046,1.9483330000000001,21.883752999999999,0.20125000000000001,2.8927499999999999,0.017208000000000001,24.576419000000001,38.419862000038847,815650.93686000002,815650.93715100002
924,1018,8193,1,815644.94299999997,815658.63277699996,815684.41203000001,0.47687499999999999,0.41650000005029142,0.00058400002308189869,0.062999999965541065,1.880376,23.130044000000002,0.20591699999999999,3.0143759999999999,0.015458,25.790044999999999,39.469030000036582,815659.09886000003,815659.09944400005
925,1019,8193,1,815653.29700000002,815661.31581900001,815687.87702999997,0.53433399999999998,0.47658300003968179,0.00029200001154094934,0.13474999996833503,1.9556249999999999,23.642502,0.21379100000000001,2.8749579999999999,0.0099159999999999995,26.572002999999999,34.580029999953695,815661.839652,815661.83994400001
926,1020,8193,1,815661.64500000002,815675.16706999997,815699.85782300006,0.448291,0.39054200006648898,0.00058399990666657686,0.016625000047497451,1.9217919999999999,22.073336000000001,0.20533399999999999,2.9983339999999998,0.018082999999999998,24.702418999999999,38.212823000038043,815675.60369500006,815675.60427899996
927,1021,8193,1,815669.92099999997,815684.52986300003,815712.83028200001,0.53958300000000003,0.47950000001583248,0.00029200001154094934,0.061832999926991761,1.9658329999999999,25.493418999999999,0.21495800000000001,3.0540419999999999,0.018959,28.312669,42.90928200003691,815685.05719600001,815685.05748800002
928,1022,8193,1,815678.25899999996,815687.92340500001,815713.85286600003,0.47775000000000001,0.41620800003875047,0.00029200001154094934,0.058040999923832715,1.9524170000000001,22.544377000000001,0.20358299999999999,2.8977080000000002,0.0078750000000000001,25.942585999999999,35.593866000068374,815688.38803000003,815688.38832200004
929,1023,8193,1,815686.61399999994,815699.93249000004,815729.145242,0.55445800000000001,0.49874999991152436,0.00029200001154094934,0.0099169999593868852,1.840708,26.577544,0.20416699999999999,2.8548330000000002,0.015167,29.221502999999998,42.531242000055499,815700.47790599999,815700.478198
930,1025,8193,1,815703.30200000003,815713.23103300005,815739.67703499994,0.50837500000000002,0.41154100000858307,0.00058300001546740532,0.1977499999338761,1.816792,23.734378,0.20708399999999999,2.6605829999999999,0.014874999999999999,26.498794,36.375034999917261,815713.68661600002,815713.68719900004
931,1026,8193,1,815711.63300000003,815719.01536600001,815745.20703599998,5.6032089999999997,0.42408399994019419,0.00087500002700835466,0.067082999972626567,1.871041,23.545086000000001,0.21495800000000001,2.8595000000000002,0.0075830000000000003,31.325295000000001,33.574035999947228,815719.48494999995,815719.48582499998
932,1027,8193,1,815719.97100000002,815729.20765899995,815754.47503700003,0.49408400000000002,0.43925000005401671,0.00029100000392645597,0.0084589999169111252,1.8608340000000001,22.632752,0.206208,2.975292,0.014584,25.279627999999999,34.504037000006065,815729.68949300004,815729.68978400005
933,1028,8193,1,815728.29799999995,815739.73070199997,815766.22103799996,0.53229199999999999,0.47395800007507205,0.00029200001154094934,0.081082999939098954,1.9512499999999999,23.679544,0.21087600000000001,2.9566249999999998,0.026832999999999999,26.500253000000001,37.923038000008091,815740.25307700003,815740.25336900004
934,1029,8193,1,815736.63899999997,815745.27761899994,815771.11199699994,0.46375,0.41066700010560453,0.00029200001154094934,0.060375000000931323,1.943667,23.121585,0.21875,2.9598330000000002,0.017208000000000001,25.843419999999998,34.472996999975294,815745.73232700001,815745.73261900002
935,1030,8193,1,815744.97100000002,815754.53657800006,815781.24945600005,0.47512500000000002,0.41737499996088445,0.00029199989512562752,0.018666999996639788,1.88825,24.046461000000001,0.20999999999999999,2.896833,0.01925,26.724253000000001,36.278456000029109,815755.00032800005,815755.00061999995
936,1031,8193,1,815753.29599999997,815766.28957999998,815794.67954100005,0.59412500000000001,0.53666600002907217,0.00029200001154094934,0.067957999999634922,1.8532500000000001,25.598419,0.20824999999999999,2.8580420000000002,0.015458,28.401627999999999,41.383541000075638,815766.87203800003,815766.87233000004
937,1032,8193,1,815761.63,815771.16187199997,815797.37337399996,0.51508299999999996,0.46345799998380244,0.00029100000392645597,0.05804200004786253,1.8514999999999999,23.409168999999999,0.29020800000000002,2.853084,0.01925,26.216752,35.743373999954201,815771.671997,815771.672288
938,1033,8193,1,815769.95900000003,815781.34453899995,815805.96091699996,0.48475000000000001,0.43020900001283735,0.00029200001154094934,0.017499999958090484,1.920042,21.910876999999999,0.21087500000000001,2.8729170000000002,0.017500000000000002,24.626878000000001,36.001916999928653,815781.81878900004,815781.81908100005
939,1035,8193,1,815786.62800000003,815794.78483200003,815823.46120999998,0.50137500000000002,0.400749999913387,0.00029200001154094934,0.06358299998100847,1.9188750000000001,25.991002999999999,0.22254199999999999,2.9058760000000001,0.018665999999999999,28.733253000000001,36.833209999953397,815795.22962400003,815795.22991600004
940,1036,8193,1,815794.96900000004,815802.36670799996,815827.88637700002,5.4203340000000004,0.42379200004506856,0.00029200001154094934,0.055999999982304871,1.8614170000000001,22.908085,0.20358299999999999,2.8921670000000002,0.0070000000000000001,30.471003,32.917376999976113,815802.835708,815802.83600000001
941,1037,8193,1,815803.30299999996,815810.65616699995,815837.69396199996,5.1417919999999997,0.4509170000674203,0.00029200001154094934,2.7174580000573769,1.8722080000000001,21.680751999999998,0.19570799999999999,2.678083,0.01225,31.681419999999999,34.390962000004947,815811.15433399996,815811.15462599997
942,1038,8193,1,815811.61499999999,815823.54083499999,815849.40992100001,0.53170799999999996,0.46724999998696148,0.00029199989512562752,0.067083000089041889,1.883,23.160378000000001,0.20999999999999999,3.1330840000000002,0.018083999999999999,25.889503000000001,37.794921000022441,815824.05183500005,815824.05212699994
943,1039,8193,1,815819.96200000006,815827.96366899996,815854.30000499997,0.51100000000000001,0.45004200004041195,0.00029200001154094934,0.065042000031098723,1.9556260000000001,23.563168999999998,0.21116599999999999,2.8510420000000001,0.011958,26.349169,34.338004999910481,815828.46212699998,815828.46241899999
944,1040,8193,1,815828.30599999998,815837.78466999996,815862.02771399997,0.44566600000000001,0.38587500003632158,0.00029199989512562752,0.017208000062964857,1.880959,21.623584999999999,0.21670800000000001,2.853958,0.014,24.255877000000002,33.721713999984786,815838.21750300005,815838.21779499995
945,1041,8193,1,815836.58999999997,815849.47058800003,815879.40171600005,0.61424999999999996,0.54833299992606044,0.00058300001546740532,0.01049999997485429,1.8911659999999999,27.186837000000001,0.20358399999999999,3.0368339999999998,0.017791000000000001,29.943377999999999,42.811716000083834,815850.07258799998,815850.073171
946,1042,8193,1,815844.96699999995,815854.35192199994,815879.44517399999,0.46841699999999997,0.41154100000858307,0.00029100000392645597,0.062708999961614609,1.873958,21.656251999999999,0.21029100000000001,2.8382079999999998,0.0029169999999999999,25.102003,34.478174000047147,815854.81129700004,815854.81158800004
947,1043,8193,1,815853.26399999997,815862.18871400005,815890.90913399996,0.47279199999999999,0.42029199993703514,0.00029199989512562752,0.01341600005980581,1.826416,26.121378,0.21962499999999999,2.84375,0.014291999999999999,28.72917,37.645133999991231,815862.65275600005,815862.65304799995
948,1045,8193,1,815869.92200000002,815879.49563300004,815905.40584400005,0.55941700000000005,0.46258299995679408,0.018958000000566244,0.066208999953232706,1.837791,23.229210999999999,0.21379200000000001,2.6877089999999999,0.019833,25.961545000000001,35.48384400003124,815880.00371600001,815880.02267400001
949,1046,8193,1,815878.26699999999,815885.70025800006,815914.69280299998,6.1092510000000004,0.44566699990537018,0.00058300001546740532,0.07000000006519258,1.8701669999999999,26.302211,0.20941699999999999,2.9201670000000002,0.028583000000000001,34.610629000000003,36.425802999990992,815886.19142499997,815886.19200799998
950,1047,8193,1,815886.63699999999,815894.04630100005,815921.46442800004,3.6146250000000002,0.47658299992326647,0.00029200001154094934,0.01195800001733005,1.8267089999999999,24.778835999999998,0.198625,2.9082080000000001,0.021291000000000001,30.511835999999999,34.827428000047803,815894.56721699995,815894.56750899996
951,1048,8193,1,815894.97699999996,815905.45280199999,815931.87138799997,0.53929199999999999,0.48795800004154444,0.00058300001546740532,0.059499999973922968,1.868708,23.702877000000001,0.20854200000000001,3.0155419999999999,0.025083999999999999,26.423252999999999,36.894388000015169,815905.98771899997,815905.98830199998
952,1049,8193,1,815903.30599999998,815914.757553,815946.85984799999,0.50779200000000002,0.44829099997878075,0,0.064750000019557774,1.9217919999999999,29.397669,0.190167,3.0622090000000002,0.010500000000000001,32.113379000000002,43.553848000010476,815915.25426099997,815915.25426099997
953,1050,8193,1,815911.63100000005,815921.56592800003,815946.89543100004,0.51916700000000005,0.46200099994894117,0.00058300001546740532,0.016916999942623079,1.8229169999999999,21.371585,0.20999999999999999,2.9691670000000001,0.0026250000000000002,25.340585999999998,35.26443099998869,815922.074012,815922.07459500001
954,1051,8193,1,815919.93700000003,815931.91951299994,815957.56576499995,0.53520800000000002,0.47950000001583248,0.00058400002308189869,0.05162499996367842,1.892625,22.917127000000001,0.21029100000000001,2.862708,0.026249999999999999,25.655877,37.628764999913983,815932.44509599998,815932.44568
955,1053,8193,1,815936.63399999996,815946.93888899998,815970.82172500005,0.49320900000000001,0.40220899996347725,0.00029100000392645597,0.01079199998639524,1.8030839999999999,21.381502000000001,0.19570799999999999,2.8898329999999999,0.010792,23.930085999999999,34.187725000083447,815947.38484800002,815947.38513900002
956,1054,8193,1,815944.96299999999,815952.36913999997,815981.70351799997,5.4480420000000001,0.42729200003668666,0.00087500002700835466,0.071750000002793968,1.9314169999999999,26.555085999999999,0.21174999999999999,3.019625,0.015458,34.309044999999998,36.740517999976873,815952.84251500003,815952.84339000005
957,1055,8193,1,815953.31599999999,815960.69564100006,815986.84239300003,3.5160420000000001,0.43954099994152784,0.00029100000392645597,0.013999999966472387,1.9180010000000001,23.46021,0.21670800000000001,2.8513329999999999,0.035874999999999997,29.178044,33.526393000036478,815961.180391,815961.18068200001
958,1056,8193,1,815961.63600000006,815970.91243300005,815995.23422800004,0.45616600000000002,0.39958399999886751,0.00058400002308189869,0.01049999997485429,1.820875,21.783418999999999,0.21320800000000001,2.8072919999999999,0.010500000000000001,24.331710999999999,33.598227999988012,815971.35868299997,815971.35926699999
959,1057,8193,1,815969.96799999999,815981.76389299997,816012.92527100001,0.466667,0.40658300009090453,0.00029200001154094934,0.074665999971330166,1.929959,28.469003000000001,0.19804099999999999,3.0175839999999998,0.014291999999999999,31.173919999999999,42.957271000021137,815982.21801800001,815982.21831000003
960,1058,8193,1,815978.30500000005,815986.89168500004,816012.96756300004,0.504,0.44916700001340359,0.00029100000392645597,0.053666999912820756,1.8663749999999999,22.915669000000001,0.215833,2.9548749999999999,0.003209,26.086086000000002,34.662562999990769,815987.38547700003,815987.38576800004
961,1059,8193,1,815986.63,815995.32522799994,816018.42873000004,0.44216699999999998,0.38791600009426475,0.00029200001154094934,0.013124999939464033,1.8334170000000001,20.551127000000001,0.200375,3.0152510000000001,0.014583,23.113710999999999,31.798730000038631,815995.757186,815995.75747800001
962,1061,8193,1,816003.30200000003,816013.01831299998,816040.62806500006,0.52879200000000004,0.43370799999684095,0.00029200001154094934,0.049875000026077032,1.8375010000000001,24.981252999999999,0.22487499999999999,2.8478340000000002,0.015166000000000001,27.659336,37.326065000030212,816013.49752099998,816013.49781299999
963,1062,8193,1,816011.625,816019.03335499996,816046.128608,5.980334,0.40979200007859617,0.00029100000392645597,0.059208999969996512,1.8153330000000001,24.533836000000001,0.20591599999999999,2.8565830000000001,0.011375,32.622045,34.503607999999076,816019.486897,816019.487188
964,1063,8193,1,816019.97199999995,816027.37123100006,816053.72302499996,8.3369999999999997,0.41999999992549419,0.00058400002308189869,0.017499999958090484,1.87775,23.720085999999998,0.20854200000000001,2.9747089999999998,0.0078750000000000001,34.225628,33.751025000005029,816027.83439700003,816027.83498100005
965,1064,8193,1,816028.26000000001,816040.68989899999,816065.20040099998,0.54249999999999998,0.48562499997206032,0.00029200001154094934,0.05308300000615418,1.877459,21.757169000000001,0.20649999999999999,2.9122919999999999,0.018959,24.521001999999999,36.940400999970734,816041.22219,816041.22248200001
966,1065,8193,1,816036.63300000003,816046.17352399998,816075.23373600002,0.54045799999999999,0.47891700000036508,0.00029200001154094934,0.011375000001862645,1.881542,26.396419999999999,0.20241600000000001,2.8075830000000002,0.021583000000000001,29.070128,38.600735999993049,816046.70406599995,816046.70435799996
967,1066,8193,1,816044.973,816053.8149,816077.91240300005,0.49991600000000003,0.44333299994468689,0.00029200001154094934,0.010790999978780746,1.8865000000000001,21.399877,0.24354200000000001,3.1255000000000002,0.010500000000000001,24.106544,32.939403000054881,816054.30577500002,816054.30606700003
968,1067,8193,1,816053.25399999996,816065.25494300004,816091.70969599998,0.53725000000000001,0.47162500000558794,0.00058300001546740532,0.060959000024013221,1.8564579999999999,23.746335999999999,0.21029200000000001,3.0735830000000002,0.033833000000000002,26.465253000000001,38.455696000019088,816065.781693,816065.78227600001
969,1068,8193,1,816061.58999999997,816075.29119400005,816107.81144700001,0.53433299999999995,0.48241699999198318,0.00029200001154094934,0.053666999912820756,1.8757079999999999,29.839252999999999,0.19775000000000001,2.9020839999999999,0.0093340000000000003,32.527253000000002,46.221447000047192,816075.81852700002,816075.81881900004
970,1069,8193,1,816069.96299999999,816077.95119399996,816107.90857199999,0.56058300000000005,0.51187500008381903,0.00029200001154094934,0.016915999935008585,1.901375,21.073793999999999,0.214667,2.7690830000000002,0.0072909999999999997,29.962336000000001,37.945571999996901,816078.50711100001,816078.50740300003
971,1070,8193,1,816078.30700000003,816091.75986200001,816120.23382299999,0.455291,0.40075000002980232,0.00058399990666657686,0.082832999993115664,1.8485830000000001,25.851877000000002,0.20824999999999999,2.9283329999999999,0.018083999999999999,28.483001999999999,41.926822999957949,816092.20611200004,816092.20669599995
972,1072,8193,1,816094.93000000005,816107.90040599997,816131.74299099995,0.49408400000000002,0.39929099997971207,0.00029100000392645597,0.0099169999593868852,1.812125,21.339794000000001,0.20591599999999999,2.7326250000000001,0.013708,23.890419000000001,36.812990999897011,816108.34665600001,816108.34694700001
973,1073,8193,1,816103.29700000002,816110.69428099995,816137.05044999998,2.790959,0.41037500009406358,0.00145800004247576,0.13445899996440858,2.0081250000000002,23.513586,0.200959,3.0747499999999999,0.014874999999999999,28.690377999999999,33.753449999960139,816111.15103099996,816111.152489
974,1074,8193,1,816111.63800000004,816120.28078200005,816146.50424299994,0.49145800000000001,0.44362499995622784,0.00029200001154094934,0.055416000075638294,1.90225,23.538084999999999,0.206791,2.8338329999999998,0.015167,26.227544000000002,34.866242999909446,816120.76786499994,816120.76815699995
975,1075,8193,1,816119.96600000001,816131.83078299998,816158.37711899995,0.51537500000000003,0.46054200001526624,0.00058300001546740532,0.013999999966472387,1.8908750000000001,23.898295000000001,0.20591699999999999,3.1389170000000002,0.016042000000000001,26.555961,38.411118999938481,816132.33653299999,816132.33711600001
976,1076,8193,1,816128.29700000002,816137.10703299998,816166.18591100001,0.51829199999999997,0.45908399997279048,0.00029200001154094934,0.072916000033728778,1.9229590000000001,26.317086,0.22195899999999999,2.8268339999999998,0.017208999999999999,29.089086999999999,37.888910999987274,816137.61511699995,816137.61540899996
977,1077,8193,1,816136.64199999999,816146.56432600005,816174.01482899999,0.49670799999999998,0.44683299993630499,0.00029200001154094934,0.057458000024780631,1.891751,24.751709999999999,0.21729200000000001,2.7868750000000002,0.025375000000000002,27.455753000000001,37.372828999999911,816147.05578399997,816147.05607599998
978,1078,8193,1,816144.92599999998,816158.43574400002,816184.99637199997,0.50516700000000003,0.45704200002364814,0.00029200001154094934,0.012250000028871,1.8418749999999999,23.930085999999999,0.200959,3.0062090000000001,0.011083000000000001,26.56617,40.070371999987401,816158.93536899996,816158.93566099997
979,1079,8193,1,816153.304,816166.245995,816195.80378900003,0.55154099999999995,0.50020799995400012,0.00029200001154094934,0.060666000004857779,1.8926259999999999,26.759252,0.215833,2.8300420000000002,0.017500000000000002,29.563918999999999,42.499789000023156,816166.79170299997,816166.79199499998
980,1080,8193,1,816161.59100000001,816174.128287,816199.25537300005,0.45937499999999998,0.40308399999048561,0.00029200001154094934,0.067957999999634922,1.9223749999999999,22.447253,0.20941699999999999,2.9295,0.01575,25.136419,37.664373000035994,816174.57832900004,816174.57862100005
981,1081,8193,1,816169.95400000003,816185.05762199999,816209.20324900001,0.53054199999999996,0.47220800002105534,0.00058300001546740532,0.018666999996639788,1.8514999999999999,21.515961000000001,0.21379100000000001,2.9111250000000002,0.011958,24.156711000000001,39.249248999985866,816185.57707999996,816185.57766299997
982,1083,8193,1,816186.59699999995,816195.89945599996,816225.02908400004,0.55358399999999996,0.46345800010021776,0.00058300001546740532,0.012541999923996627,1.9241250000000001,26.389126999999998,0.20358299999999999,2.8408340000000001,0.019833,29.176295,38.432084000087343,816196.40637300001,816196.40695600002
983,1084,8193,1,816194.96299999999,816202.417915,816228.47716799995,3.688126,0.5188749999506399,0.00029100000392645597,0.016333999927155674,1.9051670000000001,23.258669000000001,0.21029100000000001,3.1240420000000002,0.020417000000000001,29.180962000000001,33.514167999965139,816202.98433200002,816202.98462300003
984,1085,8193,1,816203.30200000003,816210.70649899996,816235.35291799996,1.939292,0.4380840000230819,0.00029100000392645597,0.013708999962545931,1.8800840000000001,21.991669000000002,0.20999999999999999,3.028375,0.014874999999999999,26.101835999999999,32.050917999935336,816211.19008299999,816211.190374
985,1086,8193,1,816211.60400000005,816225.08712599997,816254.56967,0.47745900000000002,0.42204099998343736,0.00029100000392645597,0.074958999990485609,1.8940840000000001,26.808544000000001,0.20358299999999999,2.942917,0.016334000000000001,29.491878,42.96566999994684,816225.55525099998,816225.55554199999
986,1087,8193,1,816219.97400000005,816228.59762599994,816254.61312899995,0.54512499999999997,0.49029200000222772,0.00029100000392645597,0.058334000059403479,1.9031260000000001,23.146377000000001,0.20591599999999999,3.0712510000000002,0.0029169999999999999,26.021628,34.639128999901004,816229.13691799995,816229.13720899995
987,1088,8193,1,816228.27000000002,816235.70204300003,816259.77562900004,0.71750000000000003,0.41445899999234825,0.00029200001154094934,0.012540999916382134,1.8290420000000001,21.557086000000002,0.199792,2.8863340000000002,0.0032079999999999999,24.331419,31.505629000021145,816236.16171000001,816236.16200200003
988,1090,8193,1,816244.96699999995,816254.663879,816282.05371500005,0.51624999999999999,0.42408300004899502,0.076708000036887825,0.023916999925859272,1.867251,24.703876999999999,0.20591599999999999,2.8396669999999999,0.026249999999999999,27.437961000000001,37.086715000099503,816255.13200400001,816255.20871200005
989,1091,8193,1,816253.30000000005,816260.71129600005,816289.34538199997,5.9456249999999997,0.40745800000149757,0.00058400002308189869,0.055415999959222972,1.807458,26.034461,0.204458,2.7900839999999998,0.010208,34.125878,36.045381999923848,816261.16512899997,816261.16571299999
990,1092,8193,1,816261.63500000001,816269.02437999996,816293.08629899996,8.3938760000000006,0.50050000008195639,0.00058299989905208349,0.0096250000642612576,1.8783339999999999,21.375668000000001,0.20591699999999999,2.7927089999999999,0.016041,31.909503000000001,31.451298999949358,816269.57038000005,816269.57096299995
991,1093,8193,1,816269.96799999999,816282.11671500001,816311.02934300003,0.58537499999999998,0.52791599999181926,0.00029199989512562752,0.070875000092200935,1.963792,26.056336000000002,0.20358399999999999,3.2614169999999998,0.025958999999999999,28.92342,41.061343000037596,816282.69129800005,816282.69158999994
992,1094,8193,1,816278.27599999995,816289.39408999996,816315.60996799998,0.52091699999999996,0.46462500002235174,0.00029200001154094934,0.062999999965541065,1.8955420000000001,23.511544000000001,0.21087500000000001,3.073,0.0078750000000000001,26.227253000000001,37.333968000020832,816289.90363199997,816289.90392399998
993,1095,8193,1,816286.64599999995,816294.04471599997,816318.01446800004,1.4139999999999999,0.4509170000674203,0.00029199989512562752,0.01195800001733005,1.840708,21.401627000000001,0.20125000000000001,3.0114580000000002,0.0078750000000000001,24.887043999999999,31.368468000087887,816294.54142400005,816294.54171599995
994,1097,8193,1,816303.28300000005,816311.11655100004,816336.92292899999,0.62183299999999997,0.5270419999724254,0.00087500002700835466,0.058040999923832715,1.9381250000000001,22.989751999999999,0.20358299999999999,3.1992919999999998,0.024500000000000001,25.852753,33.639928999939002,816311.69259300001,816311.69346800004
995,1098,8193,1,816311.63800000004,816319.04434300005,816345.11263800005,3.819083,0.36837499996181577,0.00029200001154094934,0.055707999970763922,1.868709,23.488793999999999,0.207958,2.9303750000000002,0.018957999999999999,29.474378000000002,33.474638000014238,816319.45734299999,816319.457635
996,1099,8193,1,816319.973,816327.34021900001,816354.23363899998,8.3982510000000001,0.48124999995343387,0.00087500002700835466,2.7568339999997988,1.9005000000000001,21.462876999999999,0.21379200000000001,2.716583,0.015458,34.764336999999998,34.260638999985531,816327.86726099998,816327.868136
997,1100,8193,1,816328.304,816336.99409499997,816367.57943200006,0.47599999999999998,0.42554199998266995,0.00058300001546740532,0.051333999959751964,1.927916,27.904045,0.21029100000000001,3.1972499999999999,0.0078750000000000001,30.592044999999999,39.275432000053115,816337.46338700003,816337.46397000004
998,1101,8193,1,816336.59999999998,816345.15959599998,816371.213307,0.49933300000000003,0.44916700001340359,0,0.060082999989390373,1.920917,23.358711,0.202708,2.8382079999999998,0.0049579999999999997,26.058961,34.61330700002145,816345.65397099999,816345.65397099999
999,1102,8193,1,816344.93000000005,816354.36284700001,816378.53472400003,0.56262500000000004,0.48766700003761798,0.00029200001154094934,0.015458000008948147,1.877167,21.507501999999999,0.205042,2.9052920000000002,0.013708,24.198126999999999,33.604723999975249,816354.89922200004,816354.89951400005
1000,1103,8193,1,816353.299,816367.72293199995,816394.74760100001,0.51333300000000004,0.45237500010989606,0.00029200001154094934,1.725499999942258,1.950083,22.606503,0.202709,4.9837090000000002,0.023625,27.038668999999999,41.448601000010967,816368.22226499999,816368.222557
1001,1104,8193,1,816361.63100000005,816371.25180700002,816400.21168499999,0.45966699999999999,0.38587499991990626,0.001167000038549304,0.08779100002720952,2.0218340000000001,26.162794000000002,0.20970800000000001,3.0280830000000001,0.0070000000000000001,28.966878000000001,38.580684999935329,816371.70593199995,816371.70709899999
1002,1105,8193,1,816369.93999999994,816378.58576599997,816402.28631,0.51070800000000005,0.45470800006296486,0.00029200001154094934,0.009041000041179359,1.887667,21.086335999999999,0.19775000000000001,3.129292,0.0084580000000000002,23.710169,32.346310000051744,816379.08714099997,816379.08743299998
1003,1107,8193,1,816386.64199999999,816394.84035099996,816419.93302,0.53870799999999996,0.44420800008811057,0.00029200001154094934,0.063291999977082014,1.9215,22.367626999999999,0.21116599999999999,2.8875000000000002,0.022749999999999999,25.144003000000001,33.29102000000421,816395.32743399998,816395.32772599999
1004,1108,8193,1,816394.97100000002,816402.38022699999,816427.93489599996,2.5284589999999998,0.37187500006984919,0.00029100000392645597,0.018959000008180737,1.8783339999999999,22.953002000000001,0.20358299999999999,2.8460830000000001,0.014,27.666627999999999,32.963895999942906,816402.79672700004,816402.79701800004
1005,1109,8193,1,816403.27599999995,816410.70643599995,816442.06264699996,8.3886260000000004,0.44450000009965152,0.00058400002308189869,2.166791999945417,1.8759999999999999,26.583960999999999,0.19716600000000001,4.7328760000000001,0.018082999999999998,39.252504000000002,38.786647000000812,816411.19876900001,816411.19935300003
1006,1110,8193,1,816411.60499999998,816419.98406199994,816447.40481500002,0.49379200000000001,0.44333300006110221,0.00058300001546740532,0.058916999958455563,1.8768750000000001,24.747920000000001,0.204459,2.8618329999999998,0.027708,27.426877999999999,35.799815000034869,816420.47143699997,816420.47201999999
1007,1111,8193,1,816419.95600000001,816427.98418799997,816457.91648200003,0.52704099999999998,0.4771660000551492,0.00029200001154094934,0.059207999962382019,1.870458,27.236711,0.21058299999999999,2.9111259999999999,0.015167,29.937543999999999,37.960482000024058,816428.50627100002,816428.50656300003
1008,1112,8193,1,816428.31299999997,816442.13031399995,816465.92039999994,0.46491700000000002,0.40862500004004687,0.00029200001154094934,0.014582999981939793,1.874833,21.177043999999999,0.198042,2.9029579999999999,0.01225,23.800878000000001,37.607399999978952,816442.584439,816442.58473100001
1009,1113,8193,1,816436.64500000002,816447.47102299996,816476.07973400003,0.47804200000000002,0.41824999998789281,0.00029200001154094934,0.056874999892897904,1.9045840000000001,25.925377000000001,0.21612500000000001,2.8907080000000001,0.020417000000000001,28.620087000000002,39.434734000009485,816447.93739800004,816447.93769000005
1010,1114,8193,1,816444.96499999997,816457.96694099996,816487.638485,0.49583300000000002,0.44829100009519607,0.00029200001154094934,0.051040999940596521,1.8937919999999999,26.987335999999999,0.21262500000000001,2.8262499999999999,0.017791000000000001,29.675919,42.673485000035726,816458.458399,816458.45869100001
1011,1115,8193,1,816453.30000000005,816465.96473300003,816490.10686099995,0.46725,0.41445899999234825,0.00029200001154094934,0.011375000001862645,1.8993329999999999,21.482710999999998,0.25462499999999999,2.8548339999999999,0.018082999999999998,24.150877999999999,36.80686099990271,816466.42352499999,816466.423817
1012,1116,8193,1,816461.63899999997,816476.14244299999,816504.84827900003,0.45324999999999999,0.39462499995715916,0.00029200001154094934,0.061542000039480627,1.8765829999999999,26.024836000000001,0.21320800000000001,2.775792,0.017791999999999999,28.718961,43.209279000060633,816476.58285899996,816476.58315099997
1013,1118,8193,1,816478.304,816487.73881899996,816514.07836299995,0.53258399999999995,0.43866600003093481,0.00029100000392645597,0.052500000107102096,1.8844590000000001,23.667003000000001,0.20708399999999999,2.7924169999999999,0.025666000000000001,26.390003,35.774362999945879,816488.22094399994,816488.22123499995
1014,1119,8193,1,816486.62399999995,816494.04844399996,816521.12823899998,4.3825830000000003,0.45062500005587935,0.001167000038549304,0.013999999966472387,1.867251,24.409585,0.21845800000000001,2.8414169999999999,0.010500000000000001,30.963628,34.504239000030793,816494.54719399998,816494.54836100002
1015,1120,8193,1,816494.98199999996,816504.89698700001,816531.52557299996,0.51129100000000005,0.46258299995679408,0.00029200001154094934,0.058916999958455563,1.9048750000000001,23.906752000000001,0.21262500000000001,2.8551250000000001,0.022166999999999999,26.633544000000001,36.543573000002652,816505.40332000004,816505.40361200005
1016,1121,8193,1,816503.31299999997,816514.17782099999,816540.38349100004,0.47395799999999999,0.4211669999640435,0.00029200001154094934,0.067374999984167516,1.930542,23.485294,0.22312499999999999,2.7897919999999998,0.017500000000000002,26.214418999999999,37.070491000078619,816514.64273800002,816514.64303000004
1017,1122,8193,1,816511.59499999997,816521.18073899997,816548.10974099999,0.529667,0.46579100005328655,0.00029200001154094934,0.013707999954931438,1.8754169999999999,24.244502000000001,0.21174999999999999,2.844042,0.0099159999999999995,26.941544,36.514741000020877,816521.69815499999,816521.698447
1018,1123,8193,1,816519.96499999997,816531.62328099995,816558.04420100001,0.50166599999999995,0.4415840000147,0.00029199989512562752,0.081083000055514276,1.8800840000000001,23.718043999999999,0.20241600000000001,2.793876,0.028000000000000001,26.432586000000001,38.079201000044122,816532.11328100006,816532.11357299995
1019,1124,8193,1,816528.30099999998,816540.48965700006,816568.74253499997,0.44712499999999999,0.38937499991152436,0.00029100000392645597,0.062999999965541065,1.905751,25.611252,0.21174999999999999,2.9863749999999998,0.0078750000000000001,28.263669,40.441534999990836,816540.92599100003,816540.92628200003
1020,1125,8193,1,816536.63100000005,816548.19840800005,816571.60203499999,0.44916699999999998,0.39345799991860986,0.00029200001154094934,0.012250000028871,1.887084,20.788252,0.20008300000000001,3.0592920000000001,0.016041,23.413544000000002,34.971034999936819,816548.63765799999,816548.63795
1021,1126,8193,1,816544.96699999995,816558.10486700002,816587.01107899996,0.47862500000000002,0.41854199999943376,0.00029100000392645597,0.05658400000538677,1.8812500000000001,26.256419000000001,0.20941599999999999,2.8691249999999999,0.018374999999999999,28.918752999999999,42.04407900001388,816558.57095099997,816558.57124199998
1022,1127,8193,1,816553.26399999997,816568.78395199997,816598.11891299998,0.54162500000000002,0.48737500002607703,0.00029200001154094934,0.051041000057011843,1.8707499999999999,26.652794,0.20008300000000001,2.9131670000000001,0.010208,29.344586,44.854913000017405,816569.31595199998,816569.31624399999
1023,1128,8193,1,816561.62199999997,816571.65015999996,816598.16995500005,0.49058299999999999,0.43633400008548051,0.00087500002700835466,0.0075840000063180923,1.9095420000000001,21.336877000000001,0.207375,3.095459,0.006417,26.525628000000001,36.54795500007458,816572.13491000002,816572.13578500005
1024,1130,8193,1,816578.31700000004,816587.10178699996,816615.36779000005,0.504,0.41329200007021427,0.00058399990666657686,0.051041000057011843,1.881542,25.584419,0.24120900000000001,3.0502500000000001,0.029458000000000002,28.310919999999999,37.050790000008419,816587.56087000004,816587.56145399995
1025,1131,8193,1,816586.63800000004,816598.17491299997,816622.071749,0.47775000000000001,0.42087500006891787,0.00029200001154094934,0.017791999969631433,1.8512090000000001,21.315293,0.21233399999999999,2.8291659999999998,0.016042000000000001,23.906752999999998,35.433748999959789,816598.64274599997,816598.64303799998
1026,1132,8193,1,816594.96600000001,816602.37083000003,816631.48675000004,4.2204170000000003,0.45616699999663979,0.00058300001546740532,0.056875000009313226,1.882417,26.418293999999999,0.21029100000000001,2.8708749999999998,0.025666999999999999,32.834378000000001,36.520750000025146,816602.87249700003,816602.87308000005
1027,1133,8193,1,816603.30599999998,816615.42933199997,816646.963751,0.573708,0.52295800007414073,0.00029200001154094934,0.062999999965541065,1.8725000000000001,28.792169000000001,0.203292,2.9773339999999999,0.023333,31.540835999999999,43.657751000020653,816615.99604,816615.99633200001
1028,1134,8193,1,816611.64099999995,816622.12279099994,816647.02208499995,0.52791699999999997,0.47687500005122274,0.00029100000392645597,0.012834000051952899,1.850625,21.414459999999998,0.20970900000000001,2.9481670000000002,0.0067089999999999997,24.904836,35.381085000000894,816622.645166,816622.64545700001
1029,1135,8193,1,816619.93299999996,816631.53925000003,816660.18062799994,0.51129199999999997,0.46170799992978573,0.00029200001154094934,0.053082999889738858,1.9104159999999999,25.872878,0.217,2.8250839999999999,0.014,28.646628,40.247627999982797,816632.04500000004,816632.04529200005
1030,1137,8193,1,816636.603,816647.06000099995,816670.91454499995,0.48854199999999998,0.39841700007673353,0.00029200001154094934,0.0096250000642612576,1.797542,21.322002000000001,0.19658300000000001,2.8650419999999999,0.01925,23.900918999999998,34.311544999945909,816647.50216799998,816647.50245999999
1031,1138,8193,1,816644.96499999997,816652.34412699996,816678.07787899999,5.300459,0.42729200003668666,0.00058300001546740532,0.062417000066488981,1.9334579999999999,23.030002,0.19570799999999999,3.2920419999999999,0.018957999999999999,30.562586,33.112879000022076,816652.81575199997,816652.81633499998
1032,1139,8193,1,816653.30900000001,816660.703003,816686.60796399997,0.96308300000000002,0.44275000004563481,0.00029200001154094934,0.056290999986231327,1.883292,23.184585999999999,0.20183400000000001,3.1409579999999999,0.012541999999999999,26.381836,33.298963999957778,816661.18921099999,816661.189503
1033,1140,8193,1,816661.63399999996,816670.98104500002,816694.91696499998,0.57137499999999997,0.514208999928087,0.00058400002308189869,0.010790999978780746,1.9378329999999999,21.146419000000002,0.19950000000000001,2.9910420000000002,0.018667,23.946128000000002,33.28296500002034,816671.54191999999,816671.54250400001
1034,1141,8193,1,816669.95299999998,816678.12600399996,816703.59900699998,0.52354199999999995,0.46754199999850243,0.00029200001154094934,0.058333000051788986,1.958833,22.660169,0.21437500000000001,3.3970419999999999,0.022749999999999999,25.482627999999998,33.64600700000301,816678.63992099999,816678.64021300001
1035,1142,8193,1,816678.26300000004,816686.65113000001,816712.49367500003,0.51129199999999997,0.46083400002680719,0.00029200001154094934,0.055999999982304871,1.9215009999999999,23.076377000000001,0.21233299999999999,3.103917,0.0078750000000000001,25.848669999999998,34.230674999998882,816687.15629700001,816687.15658900002
1036,1143,8193,1,816686.63500000001,816695.01117299998,816719.63134199998,0.473667,0.42000000004190952,0.00058300001546740532,0.008750000037252903,1.911875,21.996627,0.207958,2.9831669999999999,0.013708,24.629794,32.996341999969445,816695.47521499998,816695.475798
1037,1144,8193,1,816694.96699999995,816703.65092399996,816729.45992599998,0.45091700000000001,0.39520800008904189,0.00029100000392645597,0.05775000003632158,1.935792,23.129752,0.206791,3.3780839999999999,0.017500000000000002,25.818919000000001,34.492926000035368,816704.09192399995,816704.09221499995
1038,1145,8193,1,816703.31000000006,816712.53684099996,816739.26751100004,0.53958300000000003,0.48416700004599988,0.00029200001154094934,0.024499999941326678,1.9124589999999999,24.010586,0.219333,2.9405839999999999,0.014291999999999999,26.740003000000002,35.957510999985971,816713.06709100003,816713.06738300005
1039,1146,8193,1,816711.59499999997,816719.68996700004,816744.04530300002,0.53987499999999999,0.47483299998566508,0.00029100000392645597,0.017208999954164028,1.891751,21.629418000000001,0.22079199999999999,2.9082089999999998,0.010792,24.368169000000002,32.450303000048734,816720.21700900001,816720.21730000002
1040,1147,8193,1,816719.97900000005,816729.52817599999,816755.35876199999,0.51887499999999998,0.45675000001210719,0.00029100000392645597,0.011666999896988273,1.8865000000000001,23.129752,0.215833,3.0584169999999999,0.016042000000000001,25.841961000000001,35.379761999938637,816730.03538500005,816730.03567600006
1041,1148,8193,1,816728.29799999995,816739.31330200005,816764.95313799998,0.47570800000000002,0.42029199993703514,0.00029199989512562752,0.008750000037252903,1.9217919999999999,23.006377000000001,0.19687499999999999,3.1225839999999998,0.023040999999999999,25.648002000000002,36.655138000031002,816739.78084400005,816739.78113599995
1042,1149,8193,1,816736.598,816744.08555299998,816768.117722,0.521208,0.46695799997542053,0.00029200001154094934,0.0067079999716952443,1.9115839999999999,21.319669000000001,0.20474999999999999,3.0222500000000001,0.011665999999999999,24.039169000000001,31.519721999997273,816744.59976100002,816744.60005300003
1043,1150,8193,1,816744.96999999997,816755.41272100003,816786.107724,0.52324999999999999,0.47074999997857958,0.00029200001154094934,0.062125000054948032,1.911,27.962085999999999,0.19804099999999999,3.2229169999999998,0.023334000000000001,30.699670000000001,41.137724000029266,816755.93130399997,816755.93159599998
1044,1151,8193,1,816753.28300000005,816764.99543000001,816791.37172399997,0.49612499999999998,0.44304199994076043,0.00058399990666657686,0.051916000084020197,1.8789169999999999,23.704044,0.20416599999999999,2.895375,0.017500000000000002,26.380669999999999,38.088723999913782,816765.48688800004,816765.48747199995
1045,1152,8193,1,816761.63699999999,816769.00292999996,816796.56776600005,1.3740410000000001,0.48212500009685755,0.00029200001154094934,0.0090420000487938523,1.8611249999999999,24.197835999999999,0.20241600000000001,2.8510420000000001,0.016333,28.413876999999999,34.930766000063159,816769.52792999998,816769.52822199999
1046,1154,8193,1,816778.29799999995,816786.20309900003,816814.73801800003,0.65537500000000004,0.55912499991245568,0.00029200001154094934,0.066207999945618212,1.8745419999999999,25.734627,0.20824999999999999,2.914625,0.024792000000000002,28.583335999999999,36.440018000081182,816786.81005700002,816786.81034900004
1047,1155,8193,1,816786.64599999995,816794.02909900004,816820.18839400006,3.1164589999999999,0.46579199994448572,0.00058300001546740532,0.057749999919906259,1.878625,23.405086000000001,0.22779099999999999,2.6422089999999998,0.010500000000000001,28.763003000000001,33.54239400010556,816794.54185000004,816794.54243300005
1048,1156,8193,1,816794.93599999999,816802.38214200002,816826.92093599995,6.2897930000000004,0.48037499992642552,0.00087499991059303284,0.013125000055879354,1.848292,21.868002000000001,0.21087500000000001,2.8361670000000001,0.015458,30.303294999999999,31.984935999964364,816802.90743400005,816802.90830899996
1049,1157,8193,1,816803.30799999996,816814.84681000002,816840.55868699995,0.51770799999999995,0.45558299997355789,0.017208999954164028,0.070291000069119036,1.9862500000000001,22.876003000000001,0.21437500000000001,2.9032499999999999,0.025083000000000001,25.725002,37.250686999992467,816815.35139299999,816815.36860199994
1050,1158,8193,1,816811.61699999997,816820.23797699995,816846.49789600004,0.51100000000000001,0.4538330000359565,0.00058400002308189869,0.065333000035025179,1.9232499999999999,23.541001999999999,0.20241700000000001,2.9478759999999999,0.0099159999999999995,26.271585999999999,34.880896000075154,816820.73731,816820.73789400002
1051,1159,8193,1,816819.97100000002,816827.37214400002,816854.50385600002,0.85866699999999996,0.46520899992901832,0.00029100000392645597,2.9082090000156313,1.868125,21.562919000000001,0.21058299999999999,2.8732090000000001,0.014874999999999999,27.480253000000001,34.532856000005268,816827.88226999994,816827.88256099995
1052,1160,8193,1,816828.31099999999,816840.60447899997,816867.78606499999,0.53666700000000001,0.48708400002215058,0.00029200001154094934,0.053667000029236078,1.901958,24.448086,0.207375,3.213584,0.022166000000000002,27.186253000000001,39.475065000005998,816841.13647899998,816841.13677099999
1053,1161,8193,1,816836.63199999998,816846.60377100005,816872.60148199997,0.44566600000000001,0.39141699997708201,0.00029200001154094934,0.068832999910227954,1.9740009999999999,23.274127,0.206208,2.8606669999999998,0.017208000000000001,26.006751999999999,35.969481999985874,816847.04039600003,816847.04068800004
1054,1162,8193,1,816844.97499999998,816854.61060599994,816881.54048299999,0.45150000000000001,0.3922910001128912,0.00029100000392645597,0.013416999951004982,1.8794999999999999,24.311294,0.21058399999999999,3.2599589999999998,0.011084,26.940669,36.565483000013046,816855.05160600005,816855.05189700006
1055,1163,8193,1,816853.30099999998,816867.91964900005,816893.66069299995,0.56320800000000004,0.49437500000931323,0.00058300001546740532,0.067959000007249415,1.8792089999999999,22.988294,0.21787500000000001,2.995126,0.021583000000000001,25.756793999999999,40.359692999976687,816868.46710699995,816868.46768999996
1056,1164,8193,1,816861.598,816872.65719099995,816898.58461000002,0.504583,0.44537500001024455,0.001167000038549304,0.028874999959953129,1.9757499999999999,23.188669000000001,0.205042,2.9423339999999998,0.0099159999999999995,25.937626999999999,36.986610000021756,816873.15127399995,816873.15244099998
1057,1165,8193,1,816869.97100000002,816881.64169199998,816905.78206899995,0.56991599999999998,0.49641600006725639,0.00029200001154094934,0.016917000059038401,1.8946670000000001,21.396084999999999,0.202709,2.9942500000000001,0.015458,24.156127000000001,35.811068999930285,816882.19585799996,816882.19614999997
1058,1166,8193,1,816878.304,816893.78085900005,816919.97515399999,0.59208400000000005,0.51654199999757111,0.00029200001154094934,0.063874999992549419,1.9865409999999999,23.319628000000002,0.20824999999999999,2.9627500000000002,0.030041999999999999,26.219670000000001,41.67115399998147,816894.34756799997,816894.34785999998
1059,1167,8193,1,816886.64199999999,816898.65256800002,816925.27123800002,0.53433299999999995,0.46987499995157123,0.00029100000392645597,0.01079199998639524,1.9573750000000001,23.876418999999999,0.21233299999999999,2.9852089999999998,0.023042,26.632961000000002,38.629238000023179,816899.17290200002,816899.17319300002
1060,1168,8193,1,816894.93900000001,816905.83894399996,816935.25673899997,0.44916600000000001,0.39345800003502518,0.00029200001154094934,0.0093329999363049865,1.8663749999999999,26.838294999999999,0.205625,3.0808749999999998,0.018957999999999999,29.426836000000002,40.317738999961875,816906.27877700003,816906.27906900004
1061,1170,8193,1,816911.61499999999,816920.07577899995,816946.03994799999,0.54920899999999995,0.44683300005272031,0.00058299989905208349,0.064167000004090369,1.8803749999999999,23.288419000000001,0.203291,2.886333,0.016041,26.019586,34.424947999999858,816920.56957100006,816920.57015399996
1062,1171,8193,1,816919.93200000003,816927.37707100005,816953.43165699998,2.5404170000000001,0.4287499999627471,0.00029200001154094934,0.061250000027939677,1.8643339999999999,23.345002000000001,0.232458,2.8449170000000001,0.010208,28.121335999999999,33.499656999949366,816927.85073800001,816927.85103000002
1063,1172,8193,1,816928.26599999995,816935.71844700002,816962.39370000002,0.92341600000000001,0.47804199997335672,0.00029200001154094934,0.012249999912455678,1.872792,24.024878000000001,0.20883299999999999,3.2637510000000001,0.015459000000000001,27.077461,34.127700000070035,816936.23965500004,816936.23994700005
1064,1173,8193,1,816936.63800000004,816946.09215599997,816971.99595100002,0.64487499999999998,0.58858400001190603,0.00058399990666657686,0.053375000017695129,1.9527080000000001,23.010753000000001,0.21437500000000001,3.0417920000000001,0.015167,25.909044999999999,35.357950999983586,816946.73178100004,816946.73236499995
1065,1174,8193,1,816944.95400000003,816953.47919900005,816979.44978499995,0.52675000000000005,0.47629199991934001,0.00029200001154094934,0.05920800007879734,1.8585,23.284336,0.21058299999999999,2.85425,0.01925,25.976127999999999,34.495784999919124,816954.00040699996,816954.00069899997
1066,1175,8193,1,816953.30500000005,816962.453783,816986.82603500003,0.56904100000000002,0.49875000002793968,0.00029200001154094934,0.023333000019192696,1.8757079999999999,21.621544,0.219333,2.975292,0.01575,24.384209999999999,33.521034999983385,816963.01115799998,816963.01144999999
1067,1176,8193,1,816961.64000000001,816972.067117,816997.83732799999,0.51566699999999999,0.45820899994578212,0.00029199989512562752,0.0081660000141710043,1.9611670000000001,23.038461000000002,0.217583,3.1847089999999998,0.019834000000000001,25.778960999999999,36.197327999980189,816972.57403400005,816972.57432599994
1068,1177,8193,1,816969.97100000002,816979.50782599999,817005.16107899998,0.46491700000000002,0.38704199995845556,0.00029100000392645597,0.085167000070214272,1.8908750000000001,22.974876999999999,0.20912500000000001,2.9671259999999999,0.021000000000000001,25.662586000000001,35.190078999963589,816979.96340999997,816979.96370099997
1069,1178,8193,1,816978.277,816986.93103600002,817011.25428800005,0.52324999999999999,0.46141599991824478,0.00058300001546740532,0.016624999931082129,1.8669579999999999,21.686878,0.19600000000000001,3.0024169999999999,0.0090410000000000004,24.333752,32.977288000052795,816987.44378600002,816987.44436900003
1070,1179,8193,1,816986.625,816997.89537000004,817026.64408100001,0.496417,0.4375,0.00029200001154094934,0.060375000000931323,1.9547509999999999,25.993627,0.215833,3.0263339999999999,0.021583000000000001,28.760377999999999,40.019081000005826,816998.38011999999,816998.380412
1071,1180,8193,1,816994.96799999999,817005.20949599997,817031.19145699998,0.54220900000000005,0.49116600002162158,0.00029200001154094934,0.053958000033162534,1.8806670000000001,23.256919,0.21495800000000001,2.8119589999999999,0.023333,25.988669999999999,36.223456999985501,817005.74528699997,817005.74557899998
1072,1181,8193,1,817003.321,817011.34441300004,817035.98733200005,0.55854099999999995,0.50195800000801682,0.00058400002308189869,0.013707999954931438,1.8984589999999999,21.896877,0.21525,3.171875,0.0099159999999999995,24.652835,32.666332000051625,817011.89274599997,817011.89332999999
1073,1182,8193,1,817011.65500000003,817026.71904,817052.98537500005,0.47804200000000002,0.41650000005029142,0.00058300001546740532,0.062125000054948032,1.9553339999999999,23.532834999999999,0.20854200000000001,3.103917,0.021291000000000001,26.280919000000001,41.330375000019558,817027.18249799998,817027.183081
1074,1183,8193,1,817019.97900000005,817031.24453999999,817057.56920899998,0.52558300000000002,0.46870800002943724,0.00029200001154094934,0.077874999959021807,1.9512499999999999,23.550044,0.20649999999999999,3.010583,0.010500000000000001,26.336044000000001,37.590208999929018,817031.75874800002,817031.75904000003
1075,1184,8193,1,817028.304,817036.038374,817059.67912600003,0.46141599999999999,0.40249999996740371,0.00029199989512562752,0.015458000008948147,1.9037090000000001,21.045210000000001,0.20300000000000001,3.1295839999999999,0.0058329999999999996,23.651251999999999,31.375126000028104,817036.48929000006,817036.48958199995
1076,1186,8193,1,817044.96900000004,817053.08774999995,817079.32696099998,0.64895899999999995,0.53754200006369501,0.00029100000392645597,0.069999999948777258,1.9419169999999999,23.384086,0.20708299999999999,3.1800419999999998,0.023334000000000001,26.295210999999998,34.357960999943316,817053.68100099999,817053.68129199999
1077,1187,8193,1,817053.31200000003,817060.67779300001,817086.45092099998,3.498542,0.38441699999384582,0.00029200001154094934,0.054249999928288162,1.845375,23.144919000000002,0.21437500000000001,2.8778760000000001,0.016042000000000001,28.841170000000002,33.138920999947004,817061.10829300003,817061.10858500004
1078,1188,8193,1,817061.63699999999,817069.03521,817098.79600500001,8.392417,0.43050000001676381,0.00029200001154094934,0.011666000005789101,1.8783339999999999,27.094669,0.21787500000000001,3.3527079999999998,0.016625000000000001,37.678086999999998,37.159005000023171,817069.51062700001,817069.51091900002
1079,1189,8193,1,817069.96999999997,817079.44741999998,817105.37571399997,0.59179199999999998,0.5392920000012964,0.00058400002308189869,0.050749999936670065,1.8617079999999999,23.156293999999999,0.22370899999999999,2.81575,0.031792000000000001,25.934128000000001,35.405713999993168,817080.03337800002,817080.03396200004
1080,1190,8193,1,817078.304,817086.50517100003,817112.780256,0.51449999999999996,0.46404099999926984,0.00029200001154094934,0.060957999899983406,1.820292,23.593793999999999,0.21029100000000001,2.8478340000000002,0.016333,26.280044,34.476255999994464,817087.01471200003,817087.01500400004
1081,1191,8193,1,817086.64099999995,817098.87679699995,817123.16154899995,0.59733400000000003,0.54016600002069026,0.00029100000392645597,0.014291999978013337,1.9127510000000001,21.520334999999999,0.21845800000000001,3.389167,0.015459000000000001,24.29467,36.520549000008032,817099.46392200002,817099.46421300003
1082,1192,8193,1,817094.96900000004,817105.43317199999,817134.40150899999,0.61687499999999995,0.55854200001340359,0.00029100000392645597,0.057167000020854175,1.8990419999999999,26.117585999999999,0.203292,3.0085419999999998,0.015167,28.979127999999999,39.432508999947459,817106.03925599996,817106.03954699996
1083,1193,8193,1,817103.30500000005,817112.840631,817139.47534300003,0.52179200000000003,0.46491700003389269,0.00029100000392645597,0.05629199999384582,1.8234999999999999,23.990169000000002,0.207375,2.8268339999999998,0.024208,26.644628000000001,36.170342999976128,817113.35250699997,817113.35279799998
1084,1194,8193,1,817111.63600000006,817123.21113299998,817150.15850999998,0.48649999999999999,0.43487500003539026,0.00029200001154094934,0.020999999949708581,1.864042,24.309545,0.204458,2.9694590000000001,0.0075839999999999996,26.953211,38.522509999922477,817123.69209100003,817123.69238300005
1085,1195,8193,1,817119.96999999997,817134.45284200006,817163.41359500005,0.56087500000000001,0.50079199997708201,0.00058300001546740532,0.065333000035025179,1.864625,26.239795000000001,0.21612500000000001,2.9207510000000001,0.0067080000000000004,28.970085999999998,43.443595000077039,817135.00438399997,817135.00496699999
1086,1196,8193,1,817128.30200000003,817139.53221800004,817165.54976199998,0.50983299999999998,0.45120799995493144,0.00029100000392645597,0.082834000000730157,1.9054580000000001,23.291043999999999,0.21058299999999999,2.9822920000000002,0.01575,26.029793999999999,37.247761999955401,817140.03009300004,817140.03038400004
1087,1197,8193,1,817136.63899999997,817150.26292699995,817174.20467899996,0.54979199999999995,0.48766700003761798,0.00029100000392645597,0.028292000060901046,1.8725000000000001,21.217877000000001,0.207375,2.84375,0.016334000000000001,23.952252000000001,37.565678999992087,817150.80221899995,817150.80250999995
1088,1199,8193,1,817153.30900000001,817163.50459499995,817190.68793100002,0.57604100000000003,0.47658300003968179,0.00058300001546740532,0.058333999942988157,1.859375,24.48892,0.212917,3.4521670000000002,0.021291000000000001,27.237293999999999,37.378931000013836,817164.02697000001,817164.02755300002
1089,1200,8193,1,817161.62699999998,817169.03284500004,817195.09501499997,3.9369179999999999,0.44304199994076043,0.00029100000392645597,0.05950000009033829,1.87425,23.328377,0.22079199999999999,2.858625,0.010792,29.511711999999999,33.468014999991283,817169.52022099996,817169.52051199996
1090,1201,8193,1,817169.99300000002,817177.35701299994,817201.88997400005,3.4962089999999999,0.39725000003818423,0.00029100000392645597,0.021292000077664852,1.892042,21.882877000000001,0.21204200000000001,2.9055840000000002,0.016917000000000001,27.588170000000002,31.89697400003206,817177.79830499995,817177.79859599995
1091,1202,8193,1,817178.31499999994,817190.74947299995,817216.69089199998,0.54745900000000003,0.48795800004154444,0.00058300001546740532,0.053375000017695129,1.8830009999999999,23.218710999999999,0.20999999999999999,3.2068750000000001,0.020708000000000001,25.952503,38.375892000040039,817191.28584799997,817191.28643099999
1092,1203,8193,1,817186.60800000001,817195.14022299997,817221.52030900004,0.48329100000000003,0.4299170000012964,0.00029200001154094934,0.062707999954000115,1.9503760000000001,23.658252000000001,0.20066700000000001,2.97675,0.010500000000000001,26.389419,34.912309000035748,817195.61418100004,817195.61447300005
1093,1204,8193,1,817194.97600000002,817202.37297400006,817226.74318500003,0.88608299999999995,0.44566699990537018,0.00029200001154094934,0.0093330000527203083,1.883,21.685127000000001,0.21904199999999999,2.9954170000000002,0.018667,24.765711,31.767185000004247,817202.86355699995,817202.86384899996
1094,1205,8193,1,817203.30700000003,817216.80434999999,817242.46227000002,0.54949999999999999,0.48620899999514222,0.00029200001154094934,0.069125000038184226,1.9051670000000001,22.90371,0.207959,2.9784999999999999,0.014874999999999999,25.671336,39.155269999988377,817217.340142,817217.34043400001
1095,1206,8193,1,817211.64399999997,817221.58826700004,817247.76389499998,0.497583,0.43254199996590614,0.00029200001154094934,0.058332999935373664,1.991792,23.397794000000001,0.218167,2.885167,0.01225,26.191669000000001,36.119895000010729,817222.06980900001,817222.07010100002
1096,1207,8193,1,817219.97199999995,817227.37843499996,817254.61193699995,0.99662499999999998,0.42933300009462982,0.00029100000392645597,2.8227510000579059,1.880959,21.777002,0.205625,2.7967919999999999,0.013708,27.755293999999999,34.639936999999918,817227.85355999996,817227.85385099996
1097,1208,8193,1,817228.30799999996,817242.50922799995,817269.01793900004,0.50866699999999998,0.4585000000661239,0.00058300001546740532,0.013707999954931438,1.911875,23.789794000000001,0.20300000000000001,3.024292,0.020125000000000001,26.513960999999998,40.70993900008034,817243.01264500001,817243.01322800003
1098,1209,8193,1,817236.63500000001,817247.86714500003,817274.01068900002,0.55241700000000005,0.49320799997076392,0.00029200001154094934,0.058333000051788986,1.8987499999999999,23.409752999999998,0.20358399999999999,3.1272509999999998,0.018959,26.154920000000001,37.375689000007696,817248.40789499995,817248.40818699996
1099,1210,8193,1,817244.97600000002,817254.71547900001,817279.84314799996,0.48270800000000003,0.42495799995958805,0.00058300001546740532,0.013416999951004982,1.90225,21.511293999999999,0.20183400000000001,3.028667,0.014,25.138752,34.867147999932058,817255.18710400001,817255.18768700003
1100,1212,8193,1,817261.63800000004,817269.12527199998,817295.31285800005,0.55358399999999996,0.45587499998509884,0.00029100000392645597,0.029166999971494079,1.924709,23.444752000000001,0.21320800000000001,3.104209,0.014291,26.241835999999999,33.674858000013046,817269.62460600003,817269.62489700003
1101,1213,8193,1,817269.98100000003,817277.32868999999,817303.06827599998,3.807709,0.49175000004470348,0.00029100000392645597,0.058625000063329935,1.836625,23.010460999999999,0.199792,2.8195420000000002,0.020417000000000001,29.009170000000001,33.087275999947451,817277.86681499996,817277.86710599996
1102,1214,8193,1,817278.26599999995,817285.71498199995,817309.83056799998,6.2921250000000004,0.41766700008884072,0.00058400002308189869,0.018958000000566244,1.883583,21.453544000000001,0.217,3.3005,0.016041,29.944835999999999,31.564568000030704,817286.17785700003,817286.17844100005
1103,1215,8193,1,817286.63500000001,817295.35952499998,817321.40915199998,0.47687499999999999,0.42554199998266995,0.00029200001154094934,0.050457999925129116,1.94075,23.337710999999999,0.21174999999999999,3.476667,0.018083999999999999,26.053127,34.774151999969035,817295.83290000004,817295.83319200005
1104,1216,8193,1,817294.97100000002,817303.12427599996,817330.09673700004,0.56087500000000001,0.50837500009220093,0.00058300001546740532,0.074957999982871115,1.8897090000000001,24.149127,0.22516700000000001,3.1228750000000001,0.011667,26.978003000000001,35.125737000023946,817303.679901,817303.68048400001
1105,1217,8193,1,817303.32900000003,817310.71840100002,817335.254862,1.2961670000000001,0.412999999942258,0.00058299989905208349,0.0084580000257119536,1.8442080000000001,21.928086,0.21554200000000001,2.8737919999999999,0.017791000000000001,25.375294,31.925861999974586,817311.17573500006,817311.17631799995
1106,1218,8193,1,817311.63199999998,817321.51706900005,817346.50153000001,0.58245899999999995,0.51683399989269674,0,0.053084000013768673,1.9611670000000001,22.137211000000001,0.217,2.9496250000000002,0.018374999999999999,24.993210999999999,34.869530000025406,817322.09106899996,817322.09106899996
1107,1219,8193,1,817319.97600000002,817330.14427799999,817356.09386400005,0.504583,0.44537500001024455,0.00029200001154094934,0.068833000026643276,1.9197500000000001,23.235043999999998,0.203875,3.0788340000000001,0.0096249999999999999,25.959793999999999,36.117864000028931,817330.638653,817330.63894500001
1108,1220,8193,1,817328.28300000005,817335.66173699999,817359.55711499997,0.78545799999999999,0.42758400004822761,0.00029200001154094934,0.016333000035956502,1.887375,21.212918999999999,0.21612500000000001,3.0269170000000001,0.016625000000000001,24.209793999999999,31.27411499992013,817336.13277899998,817336.13307099999
1109,1221,8193,1,817336.61399999994,817346.550238,817371.58049099997,0.54337500000000005,0.48329200001899153,0.00029199989512562752,0.058333000051788986,2.0092919999999999,22.17746,0.203292,2.9936669999999999,0.028875000000000001,25.039878000000002,34.966491000028327,817347.08398800006,817347.08427999995
1110,1222,8193,1,817344.98600000003,817356.144906,817382.51449199999,0.54133399999999998,0.48154199996497482,0.00029200001154094934,0.079041999997571111,1.9028339999999999,23.614794,0.21320800000000001,3.084959,0.011375,26.380085999999999,37.528491999953985,817356.67573899997,817356.67603099998
1111,1223,8193,1,817353.31200000003,817360.67011499999,817385.21532600001,1.555166,0.45120800007134676,0.00058300001546740532,0.011959000024944544,1.9355009999999999,21.798877000000001,0.22545899999999999,2.9682919999999999,0.012541999999999999,25.603961000000002,31.903325999970548,817361.16682299995,817361.16740599996
1112,1224,8193,1,817361.59199999995,817371.70415799995,817400.32336899999,0.58362499999999995,0.52441600000020117,0.00029100000392645597,0.055709000094793737,1.9576659999999999,25.785961,0.21437500000000001,2.9878339999999999,0.01575,28.629711,38.731369000044651,817372.27728299994,817372.27757399995
1113,1225,8193,1,817369.97900000005,817382.56174200005,817408.28616100003,0.56174999999999997,0.4990419999230653,0.00029200001154094934,0.010208000079728663,1.8275840000000001,23.092417999999999,0.2205,2.8726259999999999,0.0078750000000000001,25.734919999999999,38.307160999975167,817383.11299199995,817383.11328399996
1114,1226,8193,1,817378.30900000001,817385.69599200005,817409.63366100006,0.91320800000000002,0.42204199999105185,0.00029100000392645597,0.0099169999593868852,1.906042,21.328710000000001,0.202125,3.1327919999999998,0.0090410000000000004,24.381585000000001,31.324661000049673,817386.165576,817386.165867
1115,1227,8193,1,817386.61199999996,817400.42486899998,817426.497538,0.46754200000000001,0.41300000005867332,0.00029200001154094934,0.016624999931082129,1.9384170000000001,23.419086,0.204458,3.332875,0.016625000000000001,26.082878000000001,39.885538000031374,817400.88220200001,817400.88249400002
1116,1228,8193,1,817394.93700000003,817408.41274499998,817434.71495599998,0.50254100000000002,0.44420799997169524,0.00029200001154094934,0.095958000048995018,1.988,23.481794000000001,0.2135,2.9449589999999999,0.01575,26.311544000000001,39.777955999947153,817408.90595299995,817408.90624499996
1117,1229,8193,1,817403.30700000003,817410.71895300003,817434.76395599998,1.6388750000000001,0.55387499998323619,0.00029100000392645597,0.01079199998639524,1.953875,21.129794,0.20533299999999999,2.9402919999999999,0.0061250000000000002,25.085086,31.456955999950878,817411.31774500001,817411.31803600001
1118,1230,8193,1,817411.63800000004,817426.55382999999,817452.73237400001,0.54249999999999998,0.47891599999275059,0.00029200001154094934,0.055999999982304871,1.9707920000000001,23.373877,0.21233299999999999,3.111208,0.017208000000000001,26.189043999999999,41.094373999978416,817427.086121,817427.08641300001
1119,1231,8193,1,817419.93599999999,817434.82987200003,817460.92208299995,0.480375,0.42291700001806021,0.00029200001154094934,0.011082999990321696,1.8678330000000001,23.463418999999998,0.20241700000000001,5.1199170000000001,0.014583,26.102710999999999,40.986082999967039,817435.30003899999,817435.30033100001
1120,1232,8193,1,817428.26399999997,817435.70516400004,817461.54158299998,0.84991700000000003,0.4211669999640435,0.00029200001154094934,0.010207999963313341,1.916833,23.189836,0.21670800000000001,3.005042,0.024500000000000001,26.222586,33.27758300001733,817436.16891400004,817436.16920600005
1121,1234,8193,1,817444.94099999999,817452.83795700001,817479.49395999999,0.58304199999999995,0.48970899998676032,0.00029100000392645597,0.054250000044703484,1.9092499999999999,23.883711000000002,0.22779199999999999,2.9035419999999998,0.018374999999999999,26.701211000000001,34.552960000000894,817453.37579099997,817453.37608199997
1122,1235,8193,1,817453.31999999995,817461.02504099999,817484.83700199996,0.44741700000000001,0.39112599997315556,0.00029200001154094934,0.016042000032030046,1.9285000000000001,21.144086000000001,0.216416,3.0067919999999999,0.0087500000000000008,23.823336000000001,31.517002000007778,817461.46108299994,817461.46137499996
1123,1236,8193,1,817461.64500000002,817469.07270899997,817495.06021200004,7.8601260000000002,0.38412499998230487,0.00087500002700835466,0.064458000008016825,1.9226669999999999,23.265668999999999,0.203875,2.7985419999999999,0.018959,33.416837000000001,33.415212000021711,817469.503501,817469.50437600003
1124,1237,8193,1,817469.97999999998,817479.54558499996,817505.28633799998,0.52324999999999999,0.46462500002235174,0.00029200001154094934,0.054542000056244433,1.9427920000000001,22.982461000000001,0.20649999999999999,3.2025000000000001,0.023917000000000001,25.750961,35.306337999994867,817480.05891799997,817480.05920999998
1125,1238,8193,1,817478.27599999995,817485.71666899999,817510.30504600005,1.3334999999999999,0.47629200003575534,0.00029200001154094934,0.017499999958090484,1.9544589999999999,21.804127000000001,0.20358399999999999,2.9697499999999999,0.012834,25.390169,32.029046000097878,817486.24837699998,817486.24866899999
1126,1239,8193,1,817486.64300000004,817495.12117000006,817521.55288099998,0.46929199999999999,0.41270799993071705,0.00029100000392645597,0.070291999960318208,1.8579159999999999,23.783086000000001,0.21787500000000001,3.0811670000000002,0.023625,26.441336,34.909880999941379,817495.58083700004,817495.58112800005
1127,1240,8193,1,817494.97199999995,817505.47329600004,817533.99858999997,0.580125,0.50895799999125302,0.00058300001546740532,0.058332999935373664,1.982459,25.688835000000001,0.198625,2.9892919999999998,0.0090419999999999997,28.533752,39.026590000023134,817506.04496299999,817506.04554600001
1128,1241,8193,1,817503.27399999998,817510.66700500005,817537.31250700005,0.76533399999999996,0.43808299989905208,0.00087500002700835466,2.7457500000018626,1.901084,21.284085000000001,0.200958,2.7095829999999999,0.016625000000000001,26.92492,34.038507000077516,817511.15263000003,817511.15350500005
1129,1242,8193,1,817511.62300000002,817521.59808899998,817547.35925800004,0.51508299999999996,0.46637500007636845,0.00029200001154094934,0.055707999970763922,1.87775,23.081918999999999,0.21233299999999999,2.7787090000000001,0.0078750000000000001,25.766127000000001,35.736258000019006,817522.10821400001,817522.10850600002
1130,1243,8193,1,817519.93700000003,817534.08784000005,817560.24392599997,0.56437499999999996,0.50633399991784245,0.00029200001154094934,0.057458000024780631,1.9360839999999999,23.343252,0.24324999999999999,3.30925,0.0084589999999999995,26.168918999999999,40.306925999931991,817534.63938199996,817534.63967399998
1131,1244,8193,1,817528.30299999996,817537.36996599997,817561.59871799999,0.54279200000000005,0.48300000000745058,0.00029200001154094934,0.0099160000681877136,1.8914580000000001,21.573419000000001,0.201541,3.232542,0.0061250000000000002,24.239543999999999,33.295718000037596,817537.90196599998,817537.90225799999
1132,1245,8193,1,817536.59499999997,817547.42605000001,817572.92413599999,0.43720799999999999,0.38208400004077703,0,0.060082999989390373,1.8725000000000001,22.886502,0.205625,2.966542,0.025083000000000001,25.507418999999999,36.329136000014842,817547.85421699996,817547.85421699996
1133,1246,8193,1,817544.94400000002,817560.354468,817588.53588800004,0.54658399999999996,0.49641699995845556,0.00029100000392645597,0.055708999978378415,1.90225,25.409420000000001,0.203291,3.3809999999999998,0.014583,28.188420000000001,43.591888000024483,817560.89405200002,817560.89434300002
1134,1247,8193,1,817553.26199999999,817561.62613500003,817588.58926299994,0.49437500000000001,0.4456670000217855,0.00029100000392645597,0.010208999970927835,1.9556249999999999,21.367211000000001,0.202125,3.1975419999999999,0.0032079999999999999,26.968961,35.327262999955565,817562.11467699998,817562.11496799998
1135,1248,8193,1,817561.60600000003,817572.984803,817598.85505500005,0.59558299999999997,0.53929099999368191,0.00029100000392645597,0.067666999995708466,1.839542,23.109627,0.20125000000000001,2.876709,0.024209000000000001,25.876961000000001,37.249055000022054,817573.57367800002,817573.57396900002
1136,1250,8193,1,817578.26800000004,817588.63417900004,817615.19305700005,0.48970799999999998,0.40220899996347725,0,0.010790999978780746,1.817958,23.972961000000002,0.206208,3.2625839999999999,0.026249999999999999,26.603794000000001,36.925057000014931,817589.07926300005,817589.07926300005
1137,1251,8193,1,817586.63399999996,817594.03934699995,817624.48672499997,5.4699179999999998,0.4730830000480637,0.00058300001546740532,0.062416999950073659,1.8622920000000001,27.753253000000001,0.21174999999999999,2.9295,0.021291000000000001,35.398420999999999,37.852725000004284,817594.55822200002,817594.55880500004
1138,1252,8193,1,817594.973,817602.36555600003,817628.60155799997,3.9637500000000001,0.44974999991245568,0.00058299989905208349,0.058334000059403479,1.882709,23.566376999999999,0.20999999999999999,2.7746249999999999,0.0081670000000000006,29.704794,33.628557999967597,817602.86051400006,817602.86109699996
1139,1253,8193,1,817603.31000000006,817615.26159899996,817639.58601800003,0.61016700000000001,0.55941600003279746,0.00029100000392645597,0.012542000040411949,1.819709,21.65071,0.206208,2.876709,0.013417,24.330836000000001,36.276017999975011,817615.86534899997,817615.86563999997
1140,1254,8193,1,817611.63500000001,817624.53835000005,817650.73643599998,0.546875,0.49612499994691461,0.00029200001154094934,0.055125000071711838,1.978667,23.331585,0.205042,3.489792,0.014583,26.204502999999999,39.101435999968089,817625.07880799996,817625.07909999997
1141,1255,8193,1,817619.951,817628.63189199998,817654.28689400002,0.54016699999999995,0.49116600002162158,0.00029100000392645597,0.059499999973922968,1.8899999999999999,22.867836,0.214667,3.0619170000000002,0.021291000000000001,25.659669000000001,34.335894000018016,817629.16739199997,817629.16768299998
1142,1256,8193,1,817628.27099999995,817639.63268399995,817664.144937,0.53608299999999998,0.48008400003891438,0,0.012250000028871,1.8794999999999999,21.806460999999999,0.205042,3.147376,0.018374999999999999,24.516335999999999,35.873937000054866,817640.16497599997,817640.16497599997
1143,1257,8193,1,817636.61800000002,817650.786311,817677.103688,0.51041700000000001,0.46170800004620105,0.00029100000392645597,0.073791999951936305,1.9430829999999999,23.493461,0.20912500000000001,2.9782090000000001,0.016917000000000001,26.322918999999999,40.485687999986112,817651.29118599999,817651.29147699999
1144,1258,8193,1,817644.97999999998,817654.37439400004,817680.735522,0.50691699999999995,0.44887500000186265,0.00029200001154094934,0.066208000062033534,1.869583,23.641919000000001,0.20883399999999999,3.0406260000000001,0.014583,26.372502999999998,35.755522000021301,817654.86993599997,817654.87022799999
1145,1259,8193,1,817653.32700000005,817664.24964499997,817691.24543999997,0.46054099999999998,0.40687499998603016,0.00029199989512562752,0.011375000001862645,1.8862080000000001,24.355919,0.21233299999999999,3.0619170000000002,0.016917000000000001,27.004543999999999,37.918439999921247,817664.70114500006,817664.70143699995
1146,1260,8193,1,817661.60499999998,817677.16523000004,817703.19648200006,0.48941699999999999,0.43195799994282424,0.00029200001154094934,0.062999999965541065,1.9197500000000001,23.317001999999999,0.21787500000000001,2.9117090000000001,0.018374999999999999,26.041751999999999,41.591482000076212,817677.64443800005,817677.64473000006
1147,1261,8193,1,817669.95200000005,817680.78948000004,817706.54889900004,0.50662499999999999,0.45179199997801334,0.00029200001154094934,0.059791999985463917,1.8305,23.127711000000001,0.217584,2.867083,0.0070000000000000001,25.769044000000001,36.596898999996483,817681.28648000001,817681.28677200002
1148,1262,8193,1,817678.30200000003,817691.37260600005,817715.95164999994,0.47279199999999999,0.4135839999653399,0.00058300001546740532,0.011375000001862645,1.902542,21.948792999999998,0.21875,3.2482920000000002,0.018083999999999999,24.593043999999999,37.649649999919347,817691.83139800001,817691.83198100002
1149,1264,8193,1,817694.97499999998,817703.30877400003,817729.38931799994,0.59645899999999996,0.48854199994821101,0.00029200001154094934,0.05775000003632158,1.9564999999999999,23.286377999999999,0.21262500000000001,2.9919169999999999,0.014,26.142669999999999,34.414317999966443,817703.84281599999,817703.843108
1150,1265,8193,1,817703.30299999996,817710.71389999997,817737.02806899999,4.5975429999999999,0.45500000007450581,0.00058300001546740532,0.067957999999634922,1.8975839999999999,23.607211,0.20183400000000001,2.9400010000000001,0.022166000000000002,30.410920000000001,33.725069000036456,817711.21469199995,817711.21527499997
1151,1266,8193,1,817711.64399999997,817719.05644199997,817746.12252800004,3.5583339999999999,0.47045899997465312,0.00058400002308189869,0.01779099996201694,1.8375010000000001,24.461210000000001,0.20854200000000001,2.8539590000000001,0.0096249999999999999,30.110211,34.478528000065126,817719.57094200002,817719.57152600004
1152,1267,8193,1,817719.98800000001,817729.44065200002,817755.17061300005,0.50370800000000004,0.4369159999769181,0.0014589999336749315,0.082832999993115664,1.8999170000000001,22.983335,0.19570899999999999,2.7769590000000002,0.024208,25.735793999999999,35.182613000040874,817729.93881800002,817729.94027699996
1153,1268,8193,1,817728.30099999998,817737.133653,817762.165072,0.47599999999999998,0.41941600001882762,0.00029200001154094934,0.031208000029437244,1.9614590000000001,22.266418999999999,0.21320900000000001,2.8562919999999998,0.020417000000000001,25.043378000000001,33.864072000025772,817737.597694,817737.59798600001
1154,1269,8193,1,817736.647,817746.18115299998,817768.92648899998,0.54162600000000005,0.47045899997465312,0.00029100000392645597,0.0090420000487938523,1.9340409999999999,20.027002,0.21116699999999999,3.2226249999999999,0.016333,22.754961000000002,32.279488999978639,817746.713154,817746.713445
1155,1270,8193,1,817744.96900000004,817755.23944599996,817780.62844899995,0.59354200000000001,0.52529200003482401,0.00029100000392645597,0.06708399998024106,1.9451259999999999,22.551085,0.202708,3.236917,0.025375000000000002,25.407961,35.659448999911547,817755.813738,817755.814029
1156,1271,8193,1,817753.304,817762.240322,817788.29432400002,0.580125,0.52733299997635186,0.00029200001154094934,0.013707999954931438,1.9142079999999999,23.264503000000001,0.21262500000000001,3.076209,0.013125,26.063918999999999,34.990324000013061,817762.81053000002,817762.81082200003
1157,1272,8193,1,817761.59400000004,817769.04082200001,817793.72545000003,0.61424999999999996,0.49991699995007366,0.00029199989512562752,0.013125000055879354,1.8620000000000001,21.963377000000001,0.21962499999999999,3.3264589999999998,0.016625000000000001,24.754044,32.131449999986216,817769.58536400006,817769.58565599995
1158,1273,8193,1,817769.97499999998,817780.67569900001,817806.54916000005,0.57341600000000004,0.52266599994618446,0.00029200001154094934,0.065916000050492585,1.886792,23.098251999999999,0.20854200000000001,2.947292,0.022457999999999999,25.878710999999999,36.574160000076517,817781.24415699998,817781.24444899999
1159,1274,8193,1,817778.30700000003,817788.33953300002,817814.79311900004,0.52937500000000004,0.47862499998882413,0,0.054541999939829111,1.92675,23.643086,0.21875,3.0234169999999998,0.011083000000000001,26.458545000000001,36.48611900000833,817788.86424100003,817788.86424100003
1160,1275,8193,1,817786.65099999995,817794.04803299997,817823.64141100005,0.623,0.41125000000465661,0,2.8358749999897555,1.8797919999999999,24.136586000000001,0.20358299999999999,2.8078750000000001,0.016334000000000001,29.762253000000001,36.990411000093445,817794.50245000003,817794.50245000003
1161,1276,8193,1,817794.98199999996,817806.60516000004,817832.713995,0.45383299999999999,0.40599999995902181,0.00029200001154094934,0.064458000008016825,1.940167,23.416169,0.20241600000000001,3.3022499999999999,0.016041,26.114377000000001,37.731995000038296,817807.05345100001,817807.05374300003
1162,1277,8193,1,817803.30500000005,817814.83511900005,817840.88008000003,0.54745900000000003,0.49699999997392297,0.00029100000392645597,0.067374999984167516,1.8564590000000001,23.335084999999999,0.205042,2.634042,0.022457999999999999,26.04992,37.575079999980517,817815.37761900004,817815.37791000004
1163,1278,8193,1,817811.63800000004,817823.74349499994,817848.81545500003,0.51391699999999996,0.44741600006818771,0.00029100000392645597,0.019250000012107193,1.929667,22.338751999999999,0.20416699999999999,3.0248750000000002,0.019540999999999999,25.081876999999999,37.177454999997281,817824.24749500002,817824.24778600002
1164,1279,8193,1,817819.92799999996,817832.76911999995,817858.95495599997,0.44537500000000002,0.38995900005102158,0.00058400002308189869,0.033832999994046986,1.9620420000000001,23.513003000000001,0.20241700000000001,3.108876,0.014291,26.195169,39.026956000016071,817833.20516200003,817833.20574600005
1165,1280,8193,1,817828.28200000001,817840.93812099996,817866.87866599998,0.46841699999999997,0.41562500002328306,0.00029200001154094934,0.058332999935373664,1.885626,23.276751999999998,0.22225,2.933875,0.018667,25.947253,38.596665999968536,817841.40012100001,817841.40041300002
1166,1281,8193,1,817836.64099999995,817848.94116399996,817873.18449999997,0.56262500000000004,0.48300000000745058,0.00029100000392645597,0.01079199998639524,1.878042,21.509252,0.21729200000000001,3.0216669999999999,0.011958,24.252960999999999,36.543500000028871,817849.49445600004,817849.49474700005
1167,1282,8193,1,817844.97100000002,817859.00629000005,817885.58675100002,0.50545899999999999,0.45033299992792308,0.00058300001546740532,0.023334000026807189,1.941333,23.865919000000002,0.2135,3.318584,0.020709000000000002,26.589794999999999,40.615751000004821,817859.502415,817859.50299800001
1168,1283,8193,1,817853.29799999995,817866.93437399995,817893.55946000002,0.48008400000000001,0.42408300004899502,0.00029100000392645597,0.077291999943554401,1.8879589999999999,23.954001999999999,0.21204200000000001,2.985792,0.0090419999999999997,26.635878000000002,40.261460000067018,817867.403666,817867.403957
1169,1284,8193,1,817861.63899999997,817873.24137499998,817897.39604400005,0.50866699999999998,0.44245800003409386,0.00058299989905208349,0.011084000114351511,1.94425,21.418544000000001,0.21174999999999999,2.876417,0.010208999999999999,24.171002999999999,35.757044000085443,817873.73370800004,817873.73429099994
1170,1285,8193,1,817869.94799999997,817885.67862599995,817911.82537800004,0.48008400000000001,0.42554200009908527,0.00029200001154094934,0.014000000082887709,1.9337500000000001,23.435419,0.20474999999999999,3.024292,0.017500000000000002,26.155211000000001,41.87737800006289,817886.15025099996,817886.15054299997
1171,1286,8193,1,817878.26500000001,817893.68458500004,817920.26562900003,0.49612499999999998,0.43254199996590614,0.00058300001546740532,0.095084000029601157,1.9092499999999999,23.833252000000002,0.20999999999999999,3.0254590000000001,0.027125,26.591543999999999,42.000629000016488,817894.17021000001,817894.17079300003
1172,1287,8193,1,817886.59900000005,817897.48354399996,817924.36938000005,0.49875000000000003,0.43458300002384931,0.00058300001546740532,0.012250000028871,1.974583,24.135127000000001,0.20125000000000001,3.008251,0.0096249999999999999,26.896336000000002,37.770380000001751,817897.97179400001,817897.97237700003
1173,1289,8193,1,817903.30099999998,817911.93241999997,817940.74296499998,0.52937500000000004,0.43166700005531311,0.00058300001546740532,0.053375000017695129,1.859375,26.103586,0.22720799999999999,2.8915829999999998,0.016042000000000001,28.863336,37.441965000005439,817912.408712,817912.40929500002
1174,1290,8193,1,817911.61499999999,817920.31842100003,817946.796799,0.54600000000000004,0.49495800002478063,0.00029200001154094934,0.054832999943755567,1.880959,23.753627000000002,0.21612500000000001,2.8449170000000001,0.017500000000000002,26.484794999999998,35.181799000012688,817920.85800400004,817920.85829600005
1175,1291,8193,1,817919.97100000002,817927.38112999999,817951.96600699995,3.4297089999999999,0.45995799999218434,0,0.013707999954931438,1.8751260000000001,21.895710000000001,0.217,2.9379590000000002,0.021000000000000001,27.512919,31.99500699993223,817927.882797,817927.882797
1176,1292,8193,1,817928.31499999994,817940.79721500003,817967.25605099997,0.52091699999999996,0.4649160000262782,0.00029100000392645597,0.064167000004090369,1.911292,23.726502,0.20591699999999999,3.1147089999999999,0.020417000000000001,26.468753,38.941051000030711,817941.30821499997,817941.30850599997
1177,1293,8193,1,817936.64399999997,817946.85892399994,817972.08517600002,0.49816700000000003,0.44420800008811057,0.00058299989905208349,0.065917000058107078,1.9217919999999999,22.499168000000001,0.21233399999999999,2.9566249999999998,0.020709000000000002,25.234418999999999,35.4411760000512,817947.34892400005,817947.34950699995
1178,1294,8193,1,817944.978,817952.34488300001,817976.22713500005,0.73441699999999999,0.40891600004397333,0.00029100000392645597,0.013124999939464033,1.9010830000000001,21.284085999999999,0.205041,2.947292,0.0090419999999999997,24.164294000000002,31.249135000049137,817952.79725800001,817952.79754900001
1179,1295,8193,1,817953.30000000005,817967.35959200002,817995.14726200001,0.52762500000000001,0.47045899997465312,0.00058300001546740532,2.7886249999282882,1.982459,22.254460000000002,0.20999999999999999,2.7512919999999998,0.018957999999999999,27.798461,41.847261999966577,817967.87642600003,817967.87700900005
1180,1296,8193,1,817961.64099999995,817972.193676,817998.39292899997,0.63145799999999996,0.56816699996124953,0.00058400002308189869,0.035874999943189323,2.0087079999999999,23.307669000000001,0.21087500000000001,2.990167,0.0046670000000000001,26.211210999999999,36.751929000020027,817972.81317600003,817972.81376000005
1181,1297,8193,1,817969.97400000005,817977.38184299995,818001.30697100004,1.6327499999999999,0.4655000000493601,0.00058400002308189869,0.01195800001733005,1.906917,21.272417999999998,0.202125,3.2007500000000002,0.0081670000000000006,25.047753,31.332970999996178,817977.89196799998,817977.892552
1182,1299,8193,1,817986.60699999996,817995.23709499999,818023.99455599999,0.60783299999999996,0.51537499995902181,0.00029200001154094934,0.011667000013403594,1.947166,25.981960999999998,0.20766699999999999,2.7218339999999999,0.018082999999999998,28.807918999999998,37.3875560000306,817995.79446999996,817995.79476199998
1183,1300,8193,1,817994.96999999997,818002.37038800004,818028.52676499996,4.3758749999999997,0.37770800001453608,0,0.028874999959953129,1.8232090000000001,23.628209999999999,0.216417,2.7719999999999998,0.024792000000000002,30.111086,33.556764999986626,818002.79184600001,818002.79184600001
1184,1301,8193,1,818003.30700000003,818010.73684699996,818034.64739099995,8.4501670000000004,0.46579100005328655,0.00029100000392645597,0.014291999978013337,1.924709,21.168876999999998,0.200958,2.9344579999999998,0.015167,31.836877999999999,31.340390999917872,818011.26097199996,818011.26126299996
1185,1302,8193,1,818011.60499999998,818024.04764,818055.07251800003,0.56495799999999996,0.50662500003818423,0.00058300001546740532,0.057459000032395124,1.892334,28.277668999999999,0.207958,3.1937509999999998,0.018667,31.036252999999999,43.467518000048585,818024.60122299998,818024.60180599999
1186,1303,8193,1,818019.93900000001,818028.580724,818055.12647599995,0.56816699999999998,0.51624999998603016,0.00058300001546740532,0.066499999957159162,1.8961250000000001,23.651253000000001,0.199792,2.8580420000000002,0.0070000000000000001,26.552168999999999,35.187475999933667,818029.14247399999,818029.14305700001
1187,1304,8193,1,818028.31099999999,818035.67055799998,818059.66947700002,1.3664590000000001,0.45091600005980581,0.00029200001154094934,0.011375000001862645,1.8272919999999999,21.419419000000001,0.229542,2.8405420000000001,0.0055420000000000001,24.870419999999999,31.358477000030689,818036.16551600001,818036.16580800002
1188,1306,8193,1,818044.93700000003,818055.16760100005,818080.24306200002,0.51683299999999999,0.42816699994727969,0.00029200001154094934,0.053957999916747212,1.8514999999999999,22.444044000000002,0.21320800000000001,2.8711669999999998,0.022459,25.121544,35.306061999988742,818055.63835100003,818055.63864300004
1189,1307,8193,1,818053.31299999997,818060.69380999997,818088.52697999997,5.4702080000000004,0.38033299997914582,0.00058400002308189869,0.060666000004857779,1.8611249999999999,25.202044999999998,0.20824999999999999,3.049083,0.010208999999999999,32.879294999999999,35.213980000000447,818061.11789300002,818061.11847700004
1190,1308,8193,1,818061.64199999999,818069.056186,818093.81781299994,8.4189589999999992,0.45470799994654953,0.00029200001154094934,0.01633299991954118,1.878625,22.067211,0.219916,3.2704589999999998,0.015167,32.681835999999997,32.175812999950722,818069.55493600003,818069.55522800004
1191,1309,8193,1,818069.96499999997,818080.29264500004,818106.75644000003,0.52616600000000002,0.47833399998489767,0.00029200001154094934,0.064167000004090369,1.8532500000000001,23.767043999999999,0.21233399999999999,2.9096669999999998,0.020417000000000001,26.468169,36.791440000059083,818080.81414499995,818080.81443699996
1192,1310,8193,1,818078.31799999997,818088.57189599995,818114.58244000003,0.55620899999999995,0.50633400003425777,0.00029099988751113415,0.060667000012472272,1.925292,23.160377,0.23275000000000001,2.8793340000000001,0.011667,26.016669,36.26444000005722,818089.12198000005,818089.12227099994
1193,1311,8193,1,818086.64199999999,818094.04677200003,818121.35231600003,0.65595899999999996,0.4316659999312833,0.00029100000392645597,2.7335009999806061,1.843917,21.969501999999999,0.203875,2.709584,0.014874999999999999,27.487252999999999,34.710316000040621,818094.521022,818094.521313
1194,1312,8193,1,818094.94299999997,818106.86173100001,818133.41098399996,0.463167,0.4089169999351725,0.00029099988751113415,0.030625000013969839,1.9194580000000001,23.894501999999999,0.21233299999999999,3.0266259999999998,0.017500000000000002,26.558585999999998,38.467983999988064,818107.31556500006,818107.31585599994
1195,1313,8193,1,818103.30500000005,818114.63114900002,818143.24715199997,0.50312500000000004,0.44391699996776879,0.00029200001154094934,0.059207999962382019,1.9045829999999999,25.922460999999998,0.21145800000000001,3.0012509999999999,0.011084,28.628544999999999,39.94215199991595,818115.12173200003,818115.12202400004
1196,1314,8193,1,818111.63699999999,818121.40510800004,818148.39477699995,0.55387500000000001,0.50020799995400012,0.00029200001154094934,0.020416000043042004,1.870166,24.262585999999999,0.20970800000000001,2.9464169999999998,0.016042000000000001,26.998418999999998,36.757776999962516,818121.95023299998,818121.95052499999
1197,1315,8193,1,818119.93099999998,818133.46640100004,818159.46119499998,0.64604200000000001,0.58158299990464002,0.00058300001546740532,0.062125000054948032,1.8328329999999999,23.206461000000001,0.200959,2.9061669999999999,0.015166000000000001,26.009086,39.530194999999367,818134.09815099998,818134.098734
1198,1316,8193,1,818128.31400000001,818143.30402699998,818172.33652999997,0.50954200000000005,0.4585000000661239,0,0.057166000013239682,1.872209,26.367543999999999,0.199791,2.7425419999999998,0.015167,29.03717,44.022529999958351,818143.80890199996,818143.80890199996
1199,1317,8193,1,818136.64199999999,818148.49569400004,818172.38407100004,0.454125,0.3966669999063015,0.00029200001154094934,0.008750000037252903,1.9007909999999999,20.857961,0.20125000000000001,2.9662500000000001,0.0032079999999999999,23.899169000000001,35.742071000044234,818148.939319,818148.93961100001
1200,1318,8193,1,818144.97600000002,818159.51632000005,818185.52103099995,0.54716699999999996,0.48416699992958456,0.00087500002700835466,0.055124999955296516,1.8526670000000001,23.279086,0.21904199999999999,2.846959,0.026249999999999999,26.015211000000001,40.545030999928713,818160.05298699997,818160.053862
1201,1320,8193,1,818161.63800000004,818172.43132099998,818197.971991,0.54308299999999998,0.44770899997092783,0.02129199996124953,0.0093330000527203083,1.8383750000000001,22.951252,0.201542,3.0312920000000001,0.011375,25.592877999999999,36.333990999963135,818172.922196,818172.94348799996
1202,1321,8193,1,818169.96600000001,818177.37273800001,818203.97915799997,4.8676259999999996,0.40279199997894466,0.00029200001154094934,0.062417000066488981,1.8824160000000001,23.967419,0.20970800000000001,2.8755419999999998,0.021000000000000001,31.027211999999999,34.013157999957912,818177.81986299995,818177.82015499996
1203,1322,8193,1,818178.31700000004,818185.68698899995,818212.02069999999,0.58712500000000001,0.49262500007171184,0.00058300001546740532,0.032958999974653125,1.8695839999999999,23.664086000000001,0.207958,2.8624170000000002,0.0099170000000000005,26.385044000000001,33.703699999954551,818186.22278099996,818186.22336399998
1204,1323,8193,1,818186.59699999995,818198.01311599999,818222.24390999996,0.54833399999999999,0.49058300000615418,0.00029100000392645597,0.01079199998639524,1.88825,21.541627999999999,0.21058399999999999,3.209209,0.012541999999999999,24.239253000000001,35.646910000010394,818198.552991,818198.55328200001
1205,1324,8193,1,818194.973,818204.08357400005,818232.29416100006,0.50283299999999997,0.44595899991691113,0.00029200001154094934,0.019542000023648143,1.9497910000000001,25.499835999999998,0.21145800000000001,3.324417,0.017208000000000001,28.221378000000001,37.321161000058055,818204.57561599999,818204.575908
1206,1325,8193,1,818203.30900000001,818212.06853399996,818238.26020300004,0.513625,0.45908300008159131,0.00058300001546740532,0.055124999955296516,1.866959,23.528752000000001,0.206208,2.7046250000000001,0.011375,26.197210999999999,34.951203000033274,818212.57661700004,818212.57720000006
1207,1326,8193,1,818211.65300000005,818222.32411799999,818249.184871,0.49729099999999998,0.44829199998639524,0.00029200001154094934,2.860958999954164,1.869875,21.399585999999999,0.20533399999999999,2.8224589999999998,0.017208999999999999,26.866586000000002,37.531870999955572,818222.81557600002,818222.81586800003
1208,1327,8193,1,818219.93099999998,818232.34636900004,818263.58357999998,0.55737499999999995,0.5025419999146834,0.00058300001546740532,2.8032090000342578,1.940458,25.694376999999999,0.203875,2.777542,0.030041000000000002,31.246544,43.652579999994487,818232.89441099996,818232.89499399997
1209,1328,8193,1,818228.28500000003,818238.30891100003,818264.57524699997,0.49991600000000003,0.44479199999477714,0.00029200001154094934,0.053958000033162534,1.8617090000000001,23.636085999999999,0.20416699999999999,2.9796670000000001,0.0032079999999999999,26.273627000000001,36.290246999938972,818238.801828,818238.80212000001
1210,1329,8193,1,818236.61399999994,818249.260412,818275.79070699995,0.58975,0.52004199998918921,0.00087500002700835466,0.013125000055879354,1.866959,23.828002000000001,0.21437500000000001,2.8772920000000002,0.016334000000000001,26.544878000000001,39.17670700000599,818249.83557899995,818249.83645399997
1211,1331,8193,1,818253.277,818263.74049700005,818290.06866600004,0.89075099999999996,0.46520899992901832,0.00029200001154094934,0.16187499999068677,1.8468329999999999,23.216086000000001,0.21787500000000001,2.8137080000000001,0.030917,26.385919999999999,36.791666000033729,818264.57349700003,818264.57378900005
1212,1332,8193,1,818261.63899999997,818269.07333100005,818295.69141700002,4.8906669999999997,0.46695799997542053,0.00087500002700835466,0.07583300000987947,1.9355,23.837918999999999,0.219917,3.018459,0.010208,30.995128000000001,34.052417000057176,818269.58695599996,818269.58783099998
1213,1333,8193,1,818269.98300000001,818277.34237299999,818301.42208399996,2.0081250000000002,0.47016699996311218,0.00029200001154094934,0.022165999980643392,1.9232499999999999,21.328126999999999,0.202708,2.7842500000000001,0.014,25.571878000000002,31.439083999954164,818277.85833199997,818277.85862399999
1214,1334,8193,1,818278.31200000003,818290.23112500005,818316.72146100004,0.520625,0.46054199989885092,0.00029199989512562752,0.057458000024780631,1.9349160000000001,23.709002999999999,0.23100000000000001,2.9399999999999999,0.030041999999999999,26.502002999999998,38.409461000002921,818290.74037500005,818290.74066699995
1215,1335,8193,1,818286.63500000001,818295.75645900005,818322.39116999996,0.52091699999999996,0.46199999994132668,0.00058299989905208349,0.014000000082887709,1.9177090000000001,23.911711,0.21145900000000001,2.963625,0.010500000000000001,26.646086,35.756169999949634,818296.26570900006,818296.26629199996
1216,1336,8193,1,818294.97400000005,818302.39187599998,818326.31029499997,1.387167,0.41358300007414073,0.00058400002308189869,0.012250000028871,1.934917,21.219626999999999,0.20941699999999999,2.8554170000000001,0.014291999999999999,24.846793999999999,31.336294999928214,818302.85095899994,818302.85154299997
1217,1337,8193,1,818303.31700000004,818316.82762700005,818344.47646399995,0.49233300000000002,0.43283399997744709,0.00029200001154094934,0.060375000000931323,1.92675,24.926711000000001,0.20591599999999999,2.7959170000000002,0.028292000000000001,27.659628000000001,41.159463999909349,818317.30916900001,818317.30946100003
1218,1338,8193,1,818311.62800000003,818322.43521100003,818348.28825600003,0.52179200000000003,0.45995899999979883,0.00029100000392645597,0.009917000075802207,1.916542,23.181961000000001,0.21058399999999999,2.9306670000000001,0.0096249999999999999,25.864419999999999,36.660256000002846,818322.94591999997,818322.94621099997
1219,1339,8193,1,818319.97699999996,818327.38887899998,818354.28463100002,1.526292,0.44770800007972866,0.00029200001154094934,2.8323749999981374,1.925584,21.429044000000001,0.19483300000000001,2.7912499999999998,0.0096249999999999999,27.930002999999999,34.307631000061519,818327.88092000003,818327.88121200004
1220,1341,8193,1,818336.647,818344.56308899994,818373.00992500002,0.53754199999999996,0.45120800007134676,0.00029200001154094934,0.052207999979145825,1.9150830000000001,25.720918999999999,0.21670800000000001,3.4504169999999998,0.027708,28.490877999999999,36.362925000023097,818345.05629700003,818345.05658900004
1221,1342,8193,1,818344.97600000002,818352.37596400001,818378.15200899995,4.6068749999999996,0.49875000002793968,0.00058300001546740532,0.060083999997004867,1.843917,23.099126999999999,0.199792,2.7746249999999999,0.010500000000000001,29.836628000000001,33.176008999929763,818352.92225599999,818352.92283900001
1222,1343,8193,1,818353.30799999996,818360.70158999995,818387.78109299997,6.888001,0.46579200006090105,0.00029100000392645597,0.008750000037252903,1.864042,24.418043999999998,0.21145900000000001,2.8980009999999998,0.0099159999999999995,33.458545000000001,34.473093000007793,818361.21054899995,818361.21083999996
1223,1344,8193,1,818361.63399999996,818373.06242500001,818398.84196899994,0.55300000000000005,0.49466700002085418,0.00029200001154094934,0.065625000046566129,1.9433750000000001,22.984501999999999,0.21174999999999999,3.0662919999999998,0.013708,25.790918999999999,37.207968999980949,818373.60404999997,818373.60434199998
1224,1345,8193,1,818369.94799999997,818378.19546700001,818404.02021999995,0.50545899999999999,0.4485829999903217,0.00029100000392645597,0.022167000104673207,1.8751249999999999,23.148126999999999,0.20941699999999999,2.914625,0.0093329999999999993,25.834669999999999,34.072219999972731,818378.69100899994,818378.69129999995
1225,1346,8193,1,818378.326,818387.88725999999,818412.09413700004,0.45295800000000003,0.39783300005365163,0.00029100000392645597,0.015459000016562641,1.9130419999999999,21.547169,0.206208,3.2970000000000002,0.021000000000000001,24.21621,33.768137000035495,818388.33088499994,818388.33117599995
1226,1347,8193,1,818386.60900000005,818398.90030199999,818424.444472,0.483875,0.4334169999929145,0.00029100000392645597,0.0081670000217854977,1.943667,22.854419,0.20649999999999999,3.299042,0.037624999999999999,25.550003,37.835471999947913,818399.37863599998,818399.37892699998
1227,1348,8193,1,818394.99199999997,818404.06163600006,818429.91613899998,0.49233300000000002,0.44274999992921948,0,0.074083999963477254,1.906042,23.143169,0.21495800000000001,3.0884589999999998,0.012833000000000001,25.860336,34.924139000009745,818404.54813600006,818404.54813600006
1228,1349,8193,1,818403.31200000003,818412.14926199999,818436.30363900005,0.52412499999999995,0.46870800002943724,0.00029100000392645597,0.012542000040411949,1.8859170000000001,21.472794,0.23041700000000001,3.2200009999999999,0.018959,24.162835000000001,32.991639000014402,818412.66492899996,818412.66521999997
1229,1350,8193,1,818411.60100000002,818424.54159699997,818449.66255699995,0.504583,0.44683300005272031,0.00029200001154094934,0.061541000031866133,1.97925,22.320084999999999,0.224,2.9557500000000001,0.021000000000000001,25.130585,38.061556999920867,818425.036555,818425.03684700001
1230,1351,8193,1,818419.98100000003,818429.97972199996,818455.90859999997,0.55708299999999999,0.49466700002085418,0.00058399990666657686,0.070583000080659986,1.903708,23.158626999999999,0.206792,3.0482089999999999,0.021874999999999999,25.943460999999999,35.927599999937229,818430.52222200006,818430.52280599996
1231,1352,8193,1,818428.26899999997,818436.36926399998,818461.06818399997,0.59441699999999997,0.53141699999105185,0.00058300001546740532,0.011082999990321696,1.9054580000000001,21.913793999999999,0.20766599999999999,2.9367920000000001,0.0084580000000000002,24.711753000000002,32.799184000003152,818436.95114000002,818436.95172300003
1232,1353,8193,1,818436.60499999998,818449.724391,818477.86906000006,0.50895900000000005,0.44770799996331334,0.00029100000392645597,0.062125000054948032,1.9235420000000001,25.398336,0.21729200000000001,2.8828330000000002,0.024209000000000001,28.157211,41.264060000074096,818450.22080799995,818450.22109899996
1233,1354,8193,1,818444.973,818455.97043300001,818482.19856100006,0.54891699999999999,0.49145800003316253,0,0.028290999936871231,1.9034169999999999,23.508627000000001,0.199209,2.9799579999999999,0.018667,26.237753000000001,37.225561000057496,818456.51001700002,818456.51001700002
1234,1355,8193,1,818453.31400000001,818461.17901700002,818485.05864399998,0.462584,0.40658299997448921,0.00029100000392645597,0.015750000020489097,1.9142079999999999,21.227793999999999,0.19891700000000001,2.9828749999999999,0.015458,23.890419000000001,31.744643999962136,818461.63080899999,818461.6311
1235,1357,8193,1,818469.973,818477.97697700001,818506.48564700002,0.60958400000000001,0.50604200002271682,0.00058299989905208349,0.061542000039480627,1.9570829999999999,25.683294,0.21087500000000001,3.1135419999999998,0.024500000000000001,28.566420000000001,36.512647000025027,818478.52851900004,818478.52910199994
1236,1358,8193,1,818478.31499999994,818485.68485299998,818511.80039700004,3.8558330000000001,0.37420800002291799,0.00029200001154094934,0.05804200004786253,1.8112509999999999,23.566960000000002,0.21670900000000001,2.7545000000000002,0.0043750000000000004,29.552835999999999,33.485397000098601,818486.10339399998,818486.10368599999
1237,1359,8193,1,818486.64099999995,818494.01981199998,818521.38106499997,8.4037930000000003,0.45237499999348074,0.00058300001546740532,0.0099169999593868852,1.8759999999999999,24.693961000000002,0.19687499999999999,2.9881250000000001,0.016917000000000001,35.267170999999998,34.740065000019968,818494.51768699999,818494.51827
1238,1360,8193,1,818494.96100000001,818506.53931300004,818532.76569100004,0.55358300000000005,0.49466699990443885,0.00029199989512562752,0.062417000066488981,1.9005000000000001,23.478877000000001,0.20300000000000001,2.7871670000000002,0.017208000000000001,26.236294000000001,37.804691000026651,818507.08268800005,818507.08297999995
1239,1361,8193,1,818503.27099999995,818511.88497999997,818538.07081599999,0.49729099999999998,0.44187500001862645,0.00058400002308189869,0.032957999967038631,1.9133340000000001,23.502210999999999,0.21145800000000001,2.7918340000000001,0.018374999999999999,26.196626999999999,34.799816000042483,818512.37147999997,818512.372064
1240,1362,8193,1,818511.64300000004,818521.56773100002,818546.24915100005,0.54949999999999999,0.48649999999906868,0.00058400002308189869,0.01049999997485429,1.911583,21.974751999999999,0.218167,3.1021670000000001,0.011958999999999999,24.693670000000001,34.606151000014506,818522.10498099995,818522.10556499998
1241,1363,8193,1,818519.97600000002,818532.82139900001,818559.21023500001,0.49058400000000002,0.42000000004190952,0.00029100000392645597,0.064167000004090369,1.9197500000000001,23.676044000000001,0.20533399999999999,2.9615840000000002,0.023042,26.400210999999999,39.234234999981709,818533.30060800002,818533.30089900002
1242,1364,8193,1,818528.30900000001,818538.17494099995,818564.90415199997,0.49466700000000002,0.43983400007709861,0.00058299989905208349,0.061250000027939677,1.9416249999999999,23.961877000000001,0.205042,3.0514169999999998,0.010208999999999999,26.737669,36.59515199996531,818538.66115000006,818538.66173299996
1243,1365,8193,1,818536.61499999999,818546.33548400004,818570.71123599994,0.49262499999999998,0.4334169999929145,0.00058300001546740532,0.011082999990321696,1.9390000000000001,21.652460000000001,0.206792,2.8793340000000001,0.017500000000000002,24.385960000000001,34.096235999953933,818546.81790100003,818546.81848400005
1244,1366,8193,1,818544.978,818559.281693,818585.41969600006,0.51537500000000003,0.45675100001972169,0.00029199989512562752,0.012250000028871,1.9492080000000001,23.409168999999999,0.214667,2.9064589999999999,0.021874999999999999,26.149961000000001,40.441696000052616,818559.78511000006,818559.78540199995
1245,1367,8193,1,818553.31499999994,818564.95723599999,818593.70302999998,0.49116700000000002,0.42816600005608052,0.00029200001154094934,0.077582999947480857,1.936375,25.986920000000001,0.22225,2.9367920000000001,0.0084589999999999995,28.760086000000001,40.388030000030994,818565.43440200004,818565.43469400005
1246,1368,8193,1,818561.65000000002,818570.83519500005,818594.97907200002,0.49875000000000003,0.4415830000070855,0.00058300001546740532,0.013125000055879354,1.962334,21.465502000000001,0.19104099999999999,2.8717510000000002,0.0096249999999999999,24.155252000000001,33.329071999993175,818571.32256999996,818571.32315299998
1247,1369,8193,1,818569.978,818585.47511300002,818615.88924100006,0.48941699999999999,0.42962499998975545,0.00058299989905208349,0.053084000013768673,1.888833,27.749461,0.207375,2.8734999999999999,0.019540999999999999,30.427253,45.911241000052541,818585.95111300005,818585.95169599995
1248,1370,8193,1,818578.27399999998,818593.74298900005,818619.168741,0.54774999999999996,0.49408299999777228,0.00029200001154094934,0.053375000017695129,1.847709,22.704502000000002,0.199792,2.8455010000000001,0.015458,25.432168999999998,40.894741000025533,818594.28432199999,818594.284614
1249,1371,8193,1,818586.64099999995,818595.01436399994,818620.92865799996,0.44041599999999997,0.39112500008195639,0.00029200001154094934,0.0099169999593868852,1.8993340000000001,23.341794,0.20066700000000001,2.8694169999999999,0.013708,25.919252,34.287658000015654,818595.44952999998,818595.449822
1250,1373,8193,1,818603.27399999998,818615.99132399994,818641.88578500005,0.60754200000000003,0.50691700004972517,0.00029199989512562752,0.01195800001733005,1.8695839999999999,23.166502999999999,0.20824999999999999,3.0245839999999999,0.016333,25.947835999999999,38.611785000073723,818616.54549100006,818616.54578299995
1251,1374,8193,1,818611.59600000002,818619.22561600001,818645.18482700002,0.462584,0.40629199997056276,0,0.022166999988257885,1.9063330000000001,23.335377999999999,0.21145900000000001,4.7439580000000001,0.01575,25.968836,33.588826999999583,818619.67886600003,818619.67886600003
1252,1375,8193,1,818619.97600000002,818627.37478399999,818651.40870300005,6.8433760000000001,0.4334159999853,0.00087499991059303284,0.012250000028871,1.8987499999999999,21.350002,0.217,3.0353750000000002,0.012541999999999999,30.40042,31.432703000027686,818627.85165900004,818627.85253399995
1253,1376,8193,1,818628.27800000005,818641.95520199998,818668.25332899997,0.51712599999999997,0.45587499998509884,0.00058300001546740532,0.05629199999384582,1.901959,23.590585000000001,0.19775000000000001,5.5743340000000003,0.026249999999999999,26.310960999999999,39.975328999920748,818642.45949399995,818642.46007699997
1254,1377,8193,1,818636.60100000002,818645.23615999997,818671.49957999995,0.56962500000000005,0.51420900004450232,0.00058300001546740532,0.0096250000642612576,1.9328749999999999,23.514461000000001,0.21116599999999999,2.9971670000000001,0.0090419999999999997,26.268377999999998,34.898579999920912,818645.80111899995,818645.80170199997
1255,1378,8193,1,818644.978,818652.38753599999,818676.39083000005,1.387167,0.40483400004450232,0.00058300001546740532,0.01079199998639524,1.882417,21.429627,0.206791,3.037709,0.010208999999999999,24.941293999999999,31.412830000044778,818652.83670300001,818652.83728600002
1256,1379,8193,1,818653.31999999995,818668.36182899994,818694.34058199998,0.49845800000000001,0.43720900011248887,0.00058400002308189869,0.057166000013239682,1.9941249999999999,23.159503000000001,0.200375,2.8842919999999999,0.016041,25.990418999999999,41.020582000026479,818668.84862099995,818668.84920499998
1257,1380,8193,1,818661.65599999996,818671.57162099995,818698.05904099997,0.52470799999999995,0.46170900005381554,0.00058299989905208349,0.058334000059403479,1.918291,23.706669000000002,0.21029200000000001,2.9586670000000002,0.016917000000000001,26.499960999999999,36.403041000012308,818672.08378800005,818672.08437099995
1258,1381,8193,1,818669.98400000005,818677.37666399998,818701.72558299999,1.404083,0.42554099997505546,0.00087500002700835466,0.013125000055879354,1.880376,21.720419,0.19600000000000001,3.0056250000000002,0.0087500000000000008,25.278461,31.741582999937236,818677.85120499996,818677.85207999998
1259,1383,8193,1,818686.61300000001,818694.43916499999,818722.85771000001,0.49729200000000001,0.39987500000279397,0.00058300001546740532,0.057457999908365309,1.9798340000000001,25.690586,0.21379100000000001,2.9108339999999999,0.014583,28.473378,36.244709999999031,818694.88162400003,818694.88220700005
1260,1384,8193,1,818694.95900000003,818702.33458300005,818728.45508500002,4.6783340000000004,0.40745800000149757,0.00058400002308189869,0.052207999979145825,1.801625,23.567544000000002,0.204458,2.8207089999999999,0.0093340000000000003,30.346753,33.496084999991581,818702.78666600003,818702.78725000005
1261,1385,8193,1,818703.30799999996,818710.72525000002,818735.52071099996,8.4303340000000002,0.45791699993424118,0.00029200001154094934,0.008750000037252903,1.8704590000000001,22.184460000000001,0.20008400000000001,2.9260000000000002,0.014,32.722670000000001,32.212711000000127,818711.22837499995,818711.22866699996
1262,1386,8193,1,818711.64099999995,818722.91604299995,818749.23517100001,0.56554199999999999,0.50954200001433492,0.00029200001154094934,0.01195800001733005,1.8967080000000001,23.601960999999999,0.216417,2.9382510000000002,0.016625000000000001,26.328752999999999,37.594171000062488,818723.47196,818723.47225200001
1263,1387,8193,1,818719.94999999995,818728.55396100006,818757.554963,0.53870899999999999,0.48241599998436868,0.00058300001546740532,0.076708000036887825,1.925,26.208003000000001,0.21525,2.8358750000000001,0.015167,29.010919999999999,37.604963000048883,818729.08246099995,818729.08304399997
1264,1388,8193,1,818728.30700000003,818735.71817000001,818759.86058900005,0.59441699999999997,0.46112500003073364,0.00029100000392645597,0.013999999966472387,1.9002079999999999,21.48621,0.202125,2.9204590000000001,0.017791999999999999,24.230211000000001,31.553589000017382,818736.22479500005,818736.22508600005
1265,1389,8193,1,818736.64800000004,818749.30137899995,818775.37433999998,0.55154199999999998,0.49058400001376867,0.00058300001546740532,0.013708999962545931,1.864042,23.361044,0.21058299999999999,2.8737919999999999,0.017208000000000001,26.086960999999999,38.72633999993559,818749.83892100002,818749.83950400003
1266,1390,8193,1,818744.97900000005,818757.60746299999,818786.85404999997,0.53870899999999999,0.48562499997206032,0.00058299989905208349,0.07583300000987947,1.8859170000000001,26.473711000000002,0.206792,3.0969169999999999,0.013708,29.255337000000001,41.875049999915063,818758.13742200006,818758.13800499996
1267,1391,8193,1,818753.31499999994,818760.71400499996,818786.91092499997,1.1342909999999999,0.43662500008940697,0.00029199989512562752,0.010500000091269612,1.8943749999999999,21.391418000000002,0.21029200000000001,2.963625,0.006417,26.849086,33.595925000030547,818761.19613000005,818761.19642199995
1268,1392,8193,1,818761.64599999995,818775.43267400004,818803.59134299995,0.44362499999999999,0.38820799998939037,0.00029200001154094934,0.055125000071711838,1.850042,25.577127000000001,0.21087500000000001,2.8758330000000001,0.015167,28.167711000000001,41.945342999999411,818775.86725699995,818775.86754899996
1269,1394,8193,1,818778.31000000006,818787.06521599996,818810.72901000001,0.45558399999999999,0.36166699999012053,0.00029100000392645597,0.016625000047497451,1.8456669999999999,21.126877,0.20008300000000001,2.9738329999999999,0.0099170000000000005,23.714544,32.419009999954142,818787.47005,818787.47034100001
1270,1395,8193,1,818786.64899999998,818794.07834200002,818821.40751100006,7.056584,0.41183300002012402,0.00087500002700835466,0.071166999987326562,1.8517920000000001,24.652836000000001,0.20854200000000001,2.9198759999999999,0.017208000000000001,33.926670000000001,34.758511000080034,818794.53742499999,818794.53830000001
1271,1396,8193,1,818794.98300000001,818803.64821799996,818829.72584600002,0.484458,0.42845800006762147,0.00029200001154094934,0.018665999989025295,1.9083749999999999,23.429293999999999,0.20708399999999999,3.0482089999999999,0.020125000000000001,26.087835999999999,34.742846000008285,818804.12246800005,818804.12276000006
1272,1397,8193,1,818803.30900000001,818810.82234399999,818837.73384600005,0.450042,0.39229099999647588,0.00058300001546740532,0.008459000033326447,1.857917,24.337544000000001,0.20941599999999999,2.944375,0.015166000000000001,26.923461,34.424846000038087,818811.260427,818811.26101000002
1273,1398,8193,1,818811.65599999996,818821.46701200004,818847.45451399998,0.44829200000000002,0.39170799998100847,0.00029200001154094934,0.063874999992549419,1.9807090000000001,23.213460000000001,0.206791,2.9782090000000001,0.01575,25.996544,35.798514000023715,818821.90596999996,818821.90626199997
1274,1399,8193,1,818819.95900000003,818829.78242900001,818855.79443200002,0.56204100000000001,0.50604200002271682,0.00029200001154094934,0.055707999970763922,1.837208,23.310293999999999,0.21729200000000001,2.8239169999999998,0.018082999999999998,26.021336000000002,35.835431999992579,818830.33542899997,818830.33572099998
1275,1400,8193,1,818828.27800000005,818837.83913800004,818862.09909899998,0.482126,0.42204199999105185,0.00029100000392645597,0.011083999997936189,1.906625,21.638459999999998,0.20300000000000001,3.062792,0.011084,24.271336000000002,33.821098999935202,818838.30959700001,818838.30988800002
1276,1401,8193,1,818836.64099999995,818847.50613899995,818874.37272500002,0.44333400000000001,0.38412500009872019,0.00058300001546740532,0.062999999965541065,1.983333,24.147669,0.20474999999999999,2.870876,0.014291999999999999,26.877378,37.731725000077859,818847.93868100003,818847.93926400004
1277,1402,8193,1,818844.97699999996,818855.84693200001,818884.07180899999,0.48649999999999999,0.4328329999698326,0.00058400002308189869,2.8971250000176951,1.931125,22.690211000000001,0.203875,2.8700000000000001,0.0096249999999999999,28.234210999999998,39.094809000031091,818856.32409799995,818856.32468199998
1278,1403,8193,1,818853.27500000002,818862.15889099997,818886.28731000004,0.45966699999999999,0.40133300004526973,0.00058299989905208349,0.009917000075802207,1.892334,21.553294000000001,0.19425000000000001,3.0283760000000002,0.013417,24.140086,33.012310000020079,818862.60659900005,818862.60718199995
1279,1404,8193,1,818861.65800000005,818874.44243299996,818907.89806200005,0.496417,0.4345840000314638,0.00087500002700835466,1.6893329999875277,1.8894169999999999,29.165794999999999,0.203876,4.8734590000000004,0.0043750000000000004,33.469337000000003,46.240061999997124,818874.92514199996,818874.92601699999
1280,1405,8193,1,818869.98100000003,818884.12314299995,818911.43539600004,0.47833399999999998,0.41737500007729977,0.00058300001546740532,0.066499999957159162,1.9757499999999999,22.944835000000001,0.20649999999999999,2.9122910000000002,0.0032079999999999999,27.324795000000002,41.454396000015549,818884.58893500001,818884.58951800002
1281,1406,8193,1,818878.30900000001,818886.33747599996,818911.47097899998,0.61104199999999997,0.5515420000301674,0.00029199989512562752,0.021291000070050359,1.850042,21.254919000000001,0.19279199999999999,2.7702499999999999,0.006417,25.145752999999999,33.161978999967687,818886.93626800005,818886.93655999994
1282,1408,8193,1,818894.96699999995,818908.02902000002,818940.14968999999,0.61075000000000002,0.50954200001433492,0.00029200001154094934,2.8965420000022277,1.879208,26.551003000000001,0.21174999999999999,2.723875,0.015167,32.179295000000003,45.182690000045113,818908.58143699996,818908.58172899997
1283,1409,8193,1,818903.29700000002,818911.47622900002,818940.21677299996,0.417375,0.36370799993164837,0.00029200001154094934,0.051915999967604876,1.897583,23.252251999999999,0.20125000000000001,2.9939589999999998,0.0064159999999999998,28.750169,36.919772999943234,818911.88397900003,818911.88427100005
1284,1410,8193,1,818911.64399999997,818919.05518799997,818942.79102400003,7.6311669999999996,0.42437500006053597,0.00058300001546740532,0.01079199998639524,1.8657919999999999,21.161002,0.217584,2.8396669999999999,0.0029169999999999999,30.898878,31.147024000063539,818919.52331299998,818919.523896
1285,1412,8193,1,818928.27099999995,818940.25760699995,818969.12327600003,0.50283299999999997,0.40920800005551428,0.00029200001154094934,0.060667000012472272,1.8369169999999999,26.287627000000001,0.19745799999999999,2.9023750000000001,0.015458,28.915835999999999,40.852276000077836,818940.71027299995,818940.71056499996
1286,1413,8193,1,818936.64099999995,818944.03644000005,818969.53511000006,3.7823340000000001,0.41970899992156774,0.00029100000392645597,0.055708999978378415,1.834584,22.936959999999999,0.191917,2.604876,0.0032079999999999999,28.816378,32.894110000110231,818944.50106599997,818944.50135699997
1287,1414,8193,1,818944.978,818952.36848299997,818981.32077800005,8.318918,0.41620800003875047,0.00058300001546740532,0.013125000055879354,1.885626,26.352668999999999,0.21029100000000001,3.191125,0.015167,36.810670999999999,36.342778000049293,818952.82902499998,818952.829608
1288,1416,8193,1,818961.64199999999,818969.21515099995,818994.75057100004,0.84408300000000003,0.74725000001490116,0.00029199989512562752,0.060958000016398728,1.8611260000000001,22.584043999999999,0.201542,2.809917,0.015167,25.584128,33.108571000047959,818970.01052600006,818970.01081799995
1289,1417,8193,1,818969.97699999996,818977.38619400002,819003.68227999995,7.8405839999999998,0.43954199994914234,0.00145800004247576,0.078166999970562756,1.841,23.627627,0.21962499999999999,2.932709,0.018957999999999999,33.651045000000003,33.705279999994673,818977.87181899999,818977.87327700004
1290,1418,8193,1,818978.321,818985.72844500002,819012.51423900004,4.8244590000000001,0.48649999999906868,0.00029200001154094934,0.017791000078432262,1.9626250000000001,24.032461000000001,0.217583,2.8991669999999998,0.0084580000000000002,31.080295,34.193239000043832,818986.25840299996,818986.25869499997
1291,1419,8193,1,818986.60900000005,818994.81502900005,819022.06807299994,0.56087500000000001,0.47833299997728318,0.00058400002308189869,0.062707999954000115,1.919459,24.481335000000001,0.20883299999999999,2.7127919999999999,0.010791,27.265001999999999,35.459072999889031,818995.364237,818995.36482100002
1292,1420,8193,1,818994.97900000005,819003.74965500005,819029.30694899999,0.53316699999999995,0.46374999999534339,0.00087500002700835466,0.056290999986231327,1.9235420000000001,22.823502000000001,0.206208,2.9817079999999998,0.0084580000000000002,25.567793999999999,34.327948999940418,819004.272322,819004.27319700003
1293,1421,8193,1,819003.28000000003,819012.573156,819039.61211700004,0.61512500000000003,0.54775000002700835,0.00058299989905208349,0.011959000024944544,1.872209,24.320043999999999,0.20766699999999999,3.0009589999999999,0.0075839999999999996,27.048877999999998,36.332117000012659,819013.17836400005,819013.17894699995
1294,1422,8193,1,819011.60699999996,819022.16024,819048.032534,0.58887500000000004,0.52674999996088445,0.00029100000392645597,0.059209000086411834,1.8695839999999999,23.111961000000001,0.21204200000000001,3.0359590000000001,0.022166999999999999,25.881627000000002,36.425534000038169,819022.73978199996,819022.74007299996
1295,1423,8193,1,819019.93799999997,819029.35186599998,819055.54178500001,0.50283299999999997,0.44595800002571195,0.00029200001154094934,0.026833000010810792,1.916542,23.467503000000001,0.20766699999999999,3.0753339999999998,0.016625000000000001,26.201294000000001,35.60378500004299,819029.84332400002,819029.84361600003
1296,1424,8193,1,819028.31000000006,819039.66957499995,819066.57174399996,0.48970799999999998,0.43020800000522286,0.00029200001154094934,0.020707999938167632,1.9457089999999999,24.222626999999999,0.200375,2.9537089999999999,0.01575,26.910919,38.261743999901228,819040.15082500002,819040.15111700003
1297,1425,8193,1,819036.64899999998,819048.11303400004,819076.37816199998,0.480375,0.4211669999640435,0.00029200001154094934,0.067957999999634922,1.924417,25.553794,0.20708299999999999,3.0531670000000002,0.026540999999999999,28.277961000000001,39.729162000003271,819048.58057600004,819048.58086800005
1298,1426,8193,1,819044.97400000005,819055.59195200005,819082.09395400004,0.49787500000000001,0.44712499994784594,0.00029100000392645597,0.05950000009033829,1.872792,23.849876999999999,0.202708,2.7291249999999998,0.0090410000000000004,26.509001999999999,37.119953999994323,819056.08282699995,819056.08311799995
1299,1427,8193,1,819053.29099999997,819066.63999399997,819093.35433,0.55241700000000005,0.50079199997708201,0.00029200001154094934,0.01195800001733005,1.831958,24.084961,0.21058299999999999,2.9213330000000002,0.013709000000000001,26.719294000000001,40.063330000033602,819067.18745299999,819067.187745
1300,1428,8193,1,819061.60499999998,819076.43503699999,819107.09154000005,0.54249999999999998,0.48270900000352412,0.00029200001154094934,0.071165999979712069,1.8865000000000001,27.923587000000001,0.21437500000000001,2.8904169999999998,0.0090419999999999997,30.666710999999999,45.486540000070818,819076.96732900001,819076.96762100002
1301,1429,8193,1,819069.97900000005,819082.13216299994,819108.14679000003,0.50575000000000003,0.44595800002571195,0.00087500002700835466,0.067082999972626567,1.865208,23.362501999999999,0.200375,2.7839589999999999,0.0075839999999999996,26.021626999999999,38.167789999977686,819082.63091299997,819082.631788
1302,1430,8193,1,819078.30799999996,819093.48208099999,819120.29908300005,0.57050000000000001,0.50079099996946752,0.00029199989512562752,0.014874999993480742,1.854125,24.092251999999998,0.21437600000000001,2.8329589999999998,0.019833,26.827210999999998,41.991083000088111,819094.04237200005,819094.04266399995
1303,1432,8193,1,819094.97499999998,819107.20937399997,819132.98570900003,0.57604200000000005,0.4614160000346601,0.00029200001154094934,0.054833000060170889,1.870458,23.030002,0.215833,3.290584,0.018957999999999999,25.828544000000001,38.010709000052884,819107.73320699995,819107.73349899997
1304,1433,8193,1,819103.27000000002,819110.67991599999,819136.95820999995,3.0916670000000002,0.54045800003223121,0.00087500002700835466,0.079041999997571111,1.8564579999999999,23.511835999999999,0.20649999999999999,2.8198340000000002,0.020416,28.784295,33.68820999993477,819111.26558200002,819111.26645700005
1305,1434,8193,1,819111.64599999995,819120.36325000005,819147.53812799999,0.52266699999999999,0.46812499989755452,0,0.018375000101514161,1.8943749999999999,24.467336,0.21058299999999999,3.2068750000000001,0.010500000000000001,27.184795000000001,35.892128000035882,819120.87629199994,819120.87629199994
1306,1435,8193,1,819119.973,819133.04375099996,819158.98254500004,0.55300000000000005,0.49408400000538677,0.001167000038549304,0.05716599989682436,1.8713329999999999,23.166793999999999,0.205042,2.8122500000000001,0.01925,25.950752000000001,39.009545000037178,819133.58479300002,819133.58596000005
1307,1436,8193,1,819128.30299999996,819137.07050200005,819163.03000399994,0.54483400000000004,0.48999999999068677,0.00029100000392645597,0.072624999913387001,1.9107080000000001,23.152501999999998,0.205042,2.9248340000000002,0.01575,25.968836,34.727003999985754,819137.60600200004,819137.60629300005
1308,1437,8193,1,819136.64399999997,819147.64166900003,819174.92562999995,0.56641699999999995,0.49729199998546392,0.00029100000392645597,0.013417000067420304,1.915959,24.557168999999998,0.20708299999999999,2.941751,0.017500000000000002,27.295044000000001,38.281629999983124,819148.19700299995,819148.19729399995
1309,1438,8193,1,819144.96100000001,819159.04000399995,819187.44513200002,0.46579100000000001,0.40687500010244548,0.00029200001154094934,0.011667000013403594,2.0122080000000002,25.675711,0.21525,3.0665830000000001,0.020125000000000001,28.417960999999998,42.484132000012323,819159.49266999995,819159.49296199996
1310,1439,8193,1,819153.32799999998,819163.09096199996,819189.20504799997,0.54308400000000001,0.48679200001060963,0.00029200001154094934,0.01633299991954118,1.8862080000000001,23.454961000000001,0.20591699999999999,2.8224589999999998,0.0049589999999999999,26.122836,35.877047999994829,819163.62529600004,819163.62558800005
1311,1440,8193,1,819161.62300000002,819174.99679700006,819201.68779999996,0.54249999999999998,0.47016699996311218,0.00087499991059303284,0.015458000008948147,1.8649169999999999,23.98171,0.219333,2.8697089999999998,0.01575,26.702086000000001,40.064799999934621,819175.52821400005,819175.52908899996
1312,1442,8193,1,819178.31200000003,819187.61867300002,819213.11763400002,0.65800000000000003,0.55299999995622784,0.00029199989512562752,0.05308300000615418,1.892917,22.699252000000001,0.215834,3.1712920000000002,0.021291000000000001,25.556419000000002,34.805633999989368,819188.21921500005,819188.21950699994
1313,1443,8193,1,819186.64300000004,819194.04642399994,819220.03596799995,5.3115420000000002,0.44391700008418411,0.00087500002700835466,0.062999999965541065,1.8940840000000001,23.289294000000002,0.22254199999999999,2.8472499999999998,0.0087500000000000008,30.808461000000001,33.392967999912798,819194.53934100003,819194.54021600005
1314,1444,8193,1,819194.98999999999,819202.38371600001,819227.04355199996,1.0762499999999999,0.43137500004377216,0.00029100000392645597,0.015459000016562641,1.86375,22.020835999999999,0.21437500000000001,3.1176249999999999,0.012834,25.261251999999999,32.053551999968477,819202.85855,819202.85884100001
1315,1445,8193,1,819203.31599999999,819213.173343,819247.29630399996,0.48620799999999997,0.43108300003223121,0.00029199989512562752,2.9668340000789613,1.926458,28.508669999999999,0.20300000000000001,4.9790419999999997,0.022166999999999999,34.131712,43.980303999967873,819213.65050900006,819213.65080099995
1316,1446,8193,1,819211.60800000001,819220.07621800003,819247.350554,0.62533300000000003,0.57224999996833503,0.00029200001154094934,0.057458000024780631,1.8937919999999999,23.250211,0.207959,2.8452090000000001,0.006417,27.281918999999998,35.742553999996744,819220.69396800001,819220.69426000002
1317,1447,8193,1,819219.94400000002,819227.38071900001,819251.05209600006,0.72391700000000003,0.43808300001546741,0.00029200001154094934,0.015750000020489097,1.8097920000000001,21.087793000000001,0.200958,2.852792,0.013125,23.913169,31.10809600003995,819227.86284399999,819227.863136
1318,1449,8193,1,819236.60400000005,819247.38963800005,819272.78388999996,0.497,0.40512499993201345,0.00029200001154094934,0.054832999943755567,1.8856250000000001,22.768086,0.20300099999999999,2.9750000000000001,0.01575,25.443543999999999,36.17988999991212,819247.83734600001,819247.83763800003
1319,1450,8193,1,819244.978,819252.32726299996,819277.81426599994,4.9107919999999998,0.38791700010187924,0.00058400002308189869,0.05162499996367842,1.882417,22.832836,0.205625,2.804084,0.011375,29.967002999999998,32.836265999940224,819252.75776299997,819252.758347
1320,1451,8193,1,819253.26599999995,819260.68759700004,819285.92755799997,8.4070009999999993,0.44216699991375208,0.00029200001154094934,0.012541999923996627,1.8847499999999999,22.613793999999999,0.205626,2.8711669999999998,0.017791000000000001,33.160753,32.661558000021614,819261.17409700004,819261.17438900005
1321,1452,8193,1,819261.62600000005,819272.90639000002,819299.87447599997,0.62824999999999998,0.55066700000315905,0.00029200001154094934,0.056290999986231327,1.9395830000000001,24.108585999999999,0.21145800000000001,2.947292,0.017500000000000002,26.980336000000001,38.248475999920629,819273.52268199995,819273.52297399996
1322,1453,8193,1,819269.973,819277.85714099999,819303.36368499999,0.44974999999999998,0.39666600001510233,0.00058300001546740532,0.059791999985463917,2.0063749999999998,22.748543999999999,0.20970800000000001,3.0773760000000001,0.021874999999999999,25.515585999999999,33.390684999991208,819278.29784899997,819278.29843199998
1323,1454,8193,1,819278.28000000003,819286.00164200005,819312.96476899995,0.52033399999999996,0.46608299994841218,0.00058300001546740532,0.010207999963313341,1.9355,24.259378000000002,0.217583,3.1788759999999998,0.01225,26.972460999999999,34.684768999926746,819286.51264199999,819286.513225
1324,1455,8193,1,819286.66299999994,819299.939518,819326.06264599995,0.52529099999999995,0.46637499995995313,0.00029200001154094934,0.083125000004656613,1.8955420000000001,23.339461,0.206792,2.7297090000000002,0.016917000000000001,26.134211000000001,39.399646000005305,819300.45372600004,819300.45401800005
1325,1456,8193,1,819294.93700000003,819303.46839299996,819329.34506299999,0.49787500000000001,0.43575000006239861,0.00029100000392645597,0.062125000054948032,1.914209,23.168835000000001,0.20854200000000001,2.9653749999999999,0.019542,25.888335999999999,34.408062999951653,819303.95460199995,819303.95489299996
1326,1457,8193,1,819303.31499999994,819313.01172800001,819339.939855,0.61483299999999996,0.55387499998323619,0.00058300001546740532,0.010208999970927835,1.888833,24.168085999999999,0.215833,2.8781669999999999,0.024209000000000001,26.936585999999998,36.624855000060052,819313.61781099997,819313.61839399999
1327,1458,8193,1,819311.647,819326.12885400001,819354.85160699999,0.58420899999999998,0.51858299993909895,0.00029100000392645597,0.072042000014334917,1.8561669999999999,25.987210999999999,0.202125,2.9758749999999998,0.018083999999999999,28.738795,43.204606999992393,819326.69702099997,819326.69731199997
1328,1459,8193,1,819319.97600000002,819329.39697899995,819354.89302299998,0.487958,0.42962499998975545,0.00058300001546740532,0.014583999989554286,1.959125,21.847294000000002,0.215833,3.0237090000000002,0.0029169999999999999,25.506834999999999,34.917022999958135,819329.87414600002,819329.87472900003
1329,1460,8193,1,819328.30700000003,819339.99206399999,819366.73031599994,0.503417,0.45004100003279746,0.00029200001154094934,0.011666000005789101,1.8862080000000001,24.056086000000001,0.20766699999999999,2.8420010000000002,0.015459000000000001,26.743794999999999,38.423315999913029,819340.48964699998,819340.48993899999
1330,1462,8193,1,819344.98400000005,819354.95106500003,819380.58827599999,0.482709,0.38470799999777228,0.00029100000392645597,0.02770900004543364,1.8229169999999999,23.100294000000002,0.21320800000000001,2.8067090000000001,0.028000000000000001,25.691752999999999,35.60427599994,819355.37923199998,819355.37952299998
1331,1463,8193,1,819353.27599999995,819360.75289899996,819389.93677699997,5.9435840000000004,0.53987500001676381,0.00087499991059303284,0.074667000095359981,1.945708,26.319420000000001,0.214084,2.8737919999999999,0.025957999999999998,34.540337000000001,36.660777000011876,819361.34002400003,819361.34089899994
1332,1464,8193,1,819361.65300000005,819369.00444199995,819395.21127700002,2.708126,0.44537500001024455,0.00029200001154094934,0.0099169999593868852,1.883583,23.534586000000001,0.20533399999999999,3.2625839999999999,0.016334000000000001,28.423210999999998,33.558276999974623,819369.496483,819369.49677500001
1333,1465,8193,1,819369.98999999999,819380.66615099995,819405.95773699996,0.59179099999999996,0.53229200001806021,0.00029200001154094934,0.067374999984167516,1.871626,22.529502000000001,0.20912500000000001,2.8834170000000001,0.018374999999999999,25.306169000000001,35.967736999969929,819381.24335899996,819381.24365099997
1334,1466,8193,1,819378.29299999995,819389.98752700002,819418.20569600002,0.50924999999999998,0.45820799993816763,0.00058300001546740532,0.058916999958455563,1.864042,25.524044,0.21875,2.8991669999999998,0.022459,28.222252000000001,39.912696000072174,819390.49269400002,819390.49327700003
1335,1467,8193,1,819386.61300000001,819395.31073599996,819419.21894699999,0.48999999999999999,0.4340000000083819,0.00029100000392645597,0.014583999989554286,1.878625,21.286709999999999,0.22254199999999999,3.348042,0.011375,23.918710999999998,32.605946999974549,819395.79052799998,819395.79081899999
1336,1468,8193,1,819394.978,819406.01957,819430.54873899999,0.50254100000000002,0.44799999997485429,0.00029200001154094934,0.026833000010810792,1.8654999999999999,21.894252999999999,0.20941599999999999,2.9484590000000002,0.021874999999999999,24.537918999999999,35.570738999987952,819406.51306999999,819406.513362
1337,1469,8193,1,819403.32499999995,819418.25732099998,819444.89290700003,0.465501,0.41300100006628782,0.00029100000392645597,0.05775000003632158,1.9215,23.970044000000001,0.19950000000000001,3.2299169999999999,0.0099170000000000005,26.644335999999999,41.567907000076957,819418.714072,819418.71436300001
1338,1470,8193,1,819411.64500000002,819419.25598799996,819444.95386600005,0.47570899999999999,0.4299170000012964,0.00029100000392645597,0.01079199998639524,1.9564999999999999,21.375961,0.229541,3.1555409999999999,0.0072919999999999999,25.702252999999999,33.308866000035778,819419.72732199996,819419.72761299997
1339,1471,8193,1,819419.97600000002,819430.65111400001,819456.33674199996,0.54016699999999995,0.47804199997335672,0.00029100000392645597,0.030917000025510788,1.9089579999999999,22.976044000000002,0.20591599999999999,2.942917,0.017500000000000002,25.697586000000001,36.360741999931633,819431.17932300002,819431.17961400002
1340,1473,8193,1,819436.60999999999,819445.07607399998,819471.25636799994,0.50137500000000002,0.40483400004450232,0.00029200001154094934,0.018374999985098839,1.8561669999999999,23.620335000000001,0.20883299999999999,2.9496250000000002,0.011375,26.234544,34.646367999957874,819445.52319900005,819445.52349100006
1341,1474,8193,1,819444.97499999998,819452.34761699999,819481.27395299997,7.3074170000000001,0.449750000028871,0.001167000038549304,0.072625000029802322,1.9355,26.178836,0.21291599999999999,2.8043749999999998,0.013417,35.737336999999997,36.298952999990433,819452.84432499995,819452.84549199999
1342,1475,8193,1,819453.30799999996,819460.72515900002,819486.80162000004,4.8463339999999997,0.46258299995679408,0.00029100000392645597,0.062416999950073659,1.9086669999999999,23.365711000000001,0.21174999999999999,2.9055840000000002,0.0090419999999999997,30.417919999999999,33.493620000081137,819461.23032600002,819461.23061700002
1343,1476,8193,1,819461.60900000005,819471.356118,819495.23545399995,0.44916699999999998,0.38995900005102158,0.00058299989905208349,0.017500000074505806,1.923834,21.221959999999999,0.202125,2.9015,0.016625000000000001,23.888960999999998,33.626453999895602,819471.79536900006,819471.79595199996
1344,1477,8193,1,819469.94799999997,819481.38216100005,819510.97320600005,0.497,0.44070899998769164,0.00029200001154094934,0.025375000084750354,1.9655419999999999,26.865127999999999,0.20358399999999999,2.951959,0.026832999999999999,29.600670000000001,41.02520600007847,819481.86953599995,819481.86982799997
1345,1478,8193,1,819478.31599999999,819486.85178699996,819515.31524799997,0.52675000000000005,0.47133299999404699,0.00058400002308189869,0.057457999908365309,1.8713340000000001,25.708086000000002,0.20708399999999999,3.0009589999999999,0.014291,28.471045,36.999247999978252,819487.37095300003,819487.37153700006
1346,1479,8193,1,819486.64199999999,819495.34832899994,819519.24458199996,0.458208,0.40133400005288422,0.00029200001154094934,0.0093330000527203083,1.862584,21.271543999999999,0.22370799999999999,2.9939580000000001,0.014874999999999999,23.908211000000001,32.602581999963149,819495.79457899998,819495.79487099999
1347,1481,8193,1,819503.28500000003,819511.11699699995,819539.66650000005,0.57020899999999997,0.47308400005567819,0.00029200001154094934,0.059207999962382019,1.892333,25.809294000000001,0.224,2.9793750000000001,0.023916,28.600252999999999,36.381500000017695,819511.63645600004,819511.63674800005
1348,1482,8193,1,819511.64800000004,819519.00453999999,819544.04412600002,4.1250419999999997,0.4287499999627471,0.00029200001154094934,0.052499999990686774,1.8474159999999999,22.425086,0.21904100000000001,2.765876,0.0087500000000000008,28.692419999999998,32.396125999977812,819519.47704000003,819519.47733200004
1349,1483,8193,1,819519.97400000005,819527.39054099994,819554.71154399996,8.4154590000000002,0.46783300000242889,0.00029200001154094934,2.7209579999325797,1.8666670000000001,21.940919000000001,0.205625,2.6955840000000002,0.013125,35.225171000000003,34.737543999915943,819527.90212400001,819527.90241600003
1350,1484,8193,1,819528.31700000004,819539.71812500001,819570.15966999996,0.49670799999999998,0.44245900004170835,0.00029200001154094934,0.055707999970763922,1.886792,27.764918999999999,0.20474999999999999,3.209209,0.023334000000000001,30.451460999999998,41.84266999992542,819540.20491700002,819540.20520900004
1351,1485,8193,1,819536.64300000004,819544.08029199997,819570.86258700001,0.57079199999999997,0.52150000003166497,0.00029100000392645597,0.052208999986760318,1.8576250000000001,23.360752000000002,0.20300000000000001,2.8892509999999998,0.0078750000000000001,26.787835999999999,34.219586999970488,819544.64554299996,819544.64583399997
1352,1486,8193,1,819544.97699999996,819554.76520999998,819581.47079599998,0.486209,0.43312499998137355,0.00029100000392645597,0.016334000043570995,1.9223749999999999,24.004460999999999,0.20533399999999999,3.0304169999999999,0.017208000000000001,26.713460999999999,36.493796000024304,819555.24354399997,819555.24383499997
1353,1488,8193,1,819561.64899999998,819570.26729500003,819596.90754799999,0.47745799999999999,0.38295799994375557,0.00058300001546740532,0.20008400001097471,1.8132919999999999,23.955169000000001,0.21087500000000001,2.6425000000000001,0.019540999999999999,26.691293999999999,35.258548000012524,819570.69342000003,819570.69400300004
1354,1489,8193,1,819569.97999999998,819577.37287900003,819605.68409,6.956251,0.42729199992027134,0.00087500002700835466,0.06066699989605695,1.925583,25.566918999999999,0.20649999999999999,3.0692089999999999,0.017791999999999999,34.792337000000003,35.704090000013821,819577.84800400003,819577.84887900006
1355,1490,8193,1,819578.32400000002,819585.72125499998,819612.50442400004,4.653251,0.42058300005737692,0.00029100000392645597,0.013999999966472387,1.849167,24.215919,0.20241700000000001,2.8408329999999999,0.017208000000000001,30.972377999999999,34.180424000020139,819586.18529699999,819586.18558799999
1356,1491,8193,1,819586.64500000002,819597.01254799997,819623.53350899997,0.50837500000000002,0.45587499998509884,0.00029100000392645597,0.058625000063329935,1.8894169999999999,23.801752,0.22895799999999999,2.9061669999999999,0.020417000000000001,26.527086000000001,36.888508999953046,819597.51479799999,819597.51508899999
1357,1492,8193,1,819594.97499999998,819605.74621500005,819638.91746899998,0.61395900000000003,0.55474999989382923,0.00029100000392645597,2.8583339999895543,1.969625,27.497461000000001,0.202709,2.8236249999999998,0.016917000000000001,33.182628999999999,43.942469000001438,819606.34879900003,819606.34909000003
1358,1493,8193,1,819603.32200000004,819612.57763299998,819638.95130199997,0.50604099999999996,0.44595800002571195,0.00029200001154094934,0.012541999923996627,1.8526670000000001,21.190752,0.21233399999999999,2.9598339999999999,0.0026250000000000002,26.387668999999999,35.62930199992843,819613.06967400003,819613.06996600004
1359,1494,8193,1,819611.65399999998,819623.58221699996,819650.172303,0.48358400000000001,0.43195800005923957,0.00029100000392645597,0.059791999985463917,1.8512090000000001,23.943501999999999,0.21116599999999999,2.9420419999999998,0.026542,26.595628000000001,38.518303000018932,819624.06025900005,819624.06055000005
1360,1496,8193,1,819628.31099999999,819639.00205200003,819665.49705500004,0.46083400000000002,0.36604200000874698,0.00029100000392645597,0.015458999900147319,1.8445,23.975878000000002,0.22195899999999999,2.8282919999999998,0.0096249999999999999,26.544003,37.186055000056513,819639.41359400004,819639.41388500005
1361,1497,8193,1,819636.64199999999,819644.06392700004,819671.86997200001,5.1239999999999997,0.44012599997222424,0.00058400002308189869,0.062125000054948032,1.8480000000000001,25.179003000000002,0.20766699999999999,2.9248340000000002,0.0058329999999999996,32.442377999999998,35.227972000022419,819644.55159399996,819644.55217799998
1362,1498,8193,1,819644.98199999996,819652.39217799995,819680.91980599996,2.6635,0.4462500000372529,0.00029200001154094934,0.050457999925129116,1.8611249999999999,25.881336000000001,0.218166,2.872042,0.0096249999999999999,30.698211000000001,35.937806000001729,819652.88509500003,819652.88538700005
1363,1499,8193,1,819653.31200000003,819665.58601299999,819689.82730700006,0.52091600000000005,0.46579200006090105,0.00029200001154094934,0.028291999944485724,1.929667,21.524418000000001,0.2135,2.8536670000000002,0.021291999999999998,24.251501999999999,36.515307000023313,819666.09672100004,819666.09701300005
1364,1500,8193,1,819661.652,819671.90555499995,819697.507766,0.52179200000000003,0.46579200006090105,0.00029100000392645597,0.055708999978378415,1.9110009999999999,22.880960999999999,0.20183300000000001,3.3947090000000002,0.020125000000000001,25.611543999999999,35.855765999993309,819672.41801400005,819672.41830500006
1365,1501,8193,1,819669.97199999995,819680.98368099995,819707.45039200003,0.42612499999999998,0.37479200004599988,0.00029100000392645597,0.063000000081956387,1.9229590000000001,23.801169000000002,0.21262500000000001,3.0724170000000002,0.011958,26.474001999999999,37.478392000077292,819681.40251499997,819681.40280599997
1366,1502,8193,1,819678.32299999997,819689.88243200001,819716.93539300002,0.48416599999999999,0.42962499998975545,0.00029199989512562752,2.872042000060901,1.886792,21.537835000000001,0.20008300000000001,2.8367499999999999,0.01575,27.060544,38.612393000046723,819690.35901500005,819690.35930699995
1367,1503,8193,1,819686.65300000005,819697.61247499997,819726.83339399996,0.58829200000000004,0.51274999999441206,0.00029200001154094934,0.066499999957159162,1.878333,26.444544,0.21670800000000001,3.1861670000000002,0.018665999999999999,29.231127999999998,40.180393999908119,819698.190558,819698.19085000001
1368,1504,8193,1,819695.00399999996,819707.547226,819734.28635299997,0.46170899999999998,0.40133300004526973,0.00029100000392645597,0.086333999992348254,1.9223749999999999,24.033335999999998,0.21058299999999999,2.876417,0.022166000000000002,26.752835999999999,39.282353000016883,819707.99522599997,819707.99551699997
1369,1505,8193,1,819703.30900000001,819717.03514299996,819744.10385399999,0.530833,0.46695900009945035,0.00058400002308189869,0.011375000001862645,1.839542,24.427961,0.20416599999999999,2.8420000000000001,0.011665999999999999,27.084168999999999,40.794853999977931,819717.55051800003,819717.55110200006
1370,1506,8193,1,819711.647,819726.93839400006,819753.42231299996,0.53054199999999996,0.46783399989362806,0.00058299989905208349,0.028583000064827502,1.8480000000000001,23.790669000000001,0.202125,2.9490419999999999,0.017500000000000002,26.493836000000002,41.775312999961898,819727.45872800006,819727.45931099996
1371,1507,8193,1,819719.97900000005,819734.39485299995,819760.82248099998,0.51391699999999996,0.44741700007580221,0.00058300001546740532,0.013709000078961253,1.9177090000000001,23.711335999999999,0.20824999999999999,2.8650419999999999,0.014874999999999999,26.443086000000001,40.843480999930762,819734.89301999996,819734.89360299997
1372,1509,8193,1,819736.68200000003,819744.23918799998,819771.41581499996,0.49729099999999998,0.39929099997971207,0.00029200001154094934,0.013415999943390489,1.9235409999999999,24.546085999999999,0.21437500000000001,2.9627500000000002,0.016916,27.231752,34.733814999926835,819744.68164600001,819744.68193800002
1373,1510,8193,1,819744.98100000003,819753.47947999998,819779.54485800001,0.54337500000000005,0.48649999999906868,0.00058299989905208349,0.071458999998867512,1.8961250000000001,23.307960999999999,0.21262500000000001,2.8734999999999999,0.021291999999999998,26.074418999999999,34.563857999979518,819754.01352200005,819754.01410499995
1374,1511,8193,1,819753.277,819760.92689799995,819790.73931700003,0.48941699999999999,0.43575000006239861,0.00058300001546740532,0.066791999968700111,1.8961250000000001,27.135503,0.20708299999999999,2.8755419999999998,0.0093329999999999993,29.820878,37.462317000026815,819761.40785600001,819761.40843900002
1375,1512,8193,1,819761.61100000003,819771.47939899995,819795.42319300002,0.43545800000000001,0.38091600011102855,0.00029199989512562752,0.011083000106737018,1.919751,21.338919000000001,0.221083,2.9257080000000002,0.011083000000000001,23.953126999999999,33.812192999990657,819771.90523200005,819771.90552399994
1376,1513,8193,1,819769.95999999996,819779.60931600002,819810.66919399996,0.52820900000000004,0.47162500000558794,0.00029100000392645597,0.052499999990686774,1.866959,28.359628000000001,0.21116699999999999,2.8726259999999999,0.032959000000000002,31.069503999999998,40.709193999995477,819780.12760799995,819780.12789899996
1377,1514,8193,1,819778.30099999998,819790.77198399999,819819.80856999999,0.53491599999999995,0.48504199995659292,0.00029200001154094934,0.055707999970763922,1.87775,26.340126999999999,0.198042,2.8215840000000001,0.013416000000000001,29.040669000000001,41.507570000016131,819791.30281699996,819791.30310899997
1378,1515,8193,1,819786.64599999995,819795.47890099999,819819.85086200002,0.52149999999999996,0.46870800002943724,0.00029200001154094934,0.0099169999593868852,1.853542,21.007293000000001,0.21058299999999999,2.8942079999999999,0.0032079999999999999,24.380127999999999,33.204862000071444,819795.992234,819795.99252600002
1379,1517,8193,1,819803.32200000004,819810.76544400002,819837.97036399995,0.53841600000000001,0.44770899997092783,0.00029200001154094934,0.058624999946914613,1.864916,24.504086000000001,0.203875,2.9015010000000001,0.017791999999999999,27.252461,34.648363999905996,819811.25631900004,819811.25661100005
1380,1518,8193,1,819811.65399999998,819819.84852799994,819848.85274,0.46899999999999997,0.42145900009199977,0.00029200001154094934,0.010208000079728663,1.8132919999999999,26.436086,0.20241600000000001,2.7518750000000001,0.015167,29.008877999999999,37.198740000021644,819820.31286199996,819820.31315399997
1381,1519,8193,1,819819.93500000006,819827.35836299998,819853.72794899996,7.5387089999999999,0.45558299997355789,0.00087500002700835466,0.069124999921768904,1.8433330000000001,23.704336000000001,0.20183300000000001,2.8685420000000001,0.016625000000000001,33.405169999999998,33.792948999907821,819827.86148800002,819827.86236300005
1382,1520,8193,1,819828.28099999996,819838.01528000005,819864.35511600005,0.481541,0.43166699993889779,0,0.055999999982304871,1.8716250000000001,23.633752000000001,0.214667,2.925125,0.015459000000000001,26.344501999999999,36.074116000090726,819838.492447,819838.492447
1383,1521,8193,1,819836.61100000003,819848.90115599998,819874.00199200003,0.54016600000000004,0.49029200000222772,0.00029200001154094934,0.02275000000372529,1.922083,22.346043999999999,0.19891700000000001,2.935333,0.016041,25.105502000000001,37.390992000000551,819849.43694799999,819849.43724
1384,1522,8193,1,819844.97900000005,819853.78278200002,819885.18741000001,0.46783400000000003,0.41037499997764826,0.00029199989512562752,0.068250000011175871,1.941333,28.697669999999999,0.20649999999999999,2.9300839999999999,0.020125000000000001,31.415420000000001,40.208409999962896,819854.24011500005,819854.24040699995
1385,1523,8193,1,819853.31099999999,819864.40557499998,819890.53541100002,0.45091599999999998,0.39958299999125302,0.00029200001154094934,0.060375000000931323,1.8891249999999999,23.486751999999999,0.20883299999999999,2.795042,0.024208,26.135961000000002,37.224411000031978,819864.85036599997,819864.85065799998
1386,1524,8193,1,819861.64300000004,819874.10290900001,819897.99916100001,0.43545899999999998,0.38033299997914582,0.00029100000392645597,0.017208999954164028,1.8789169999999999,21.316752000000001,0.19570799999999999,2.8320829999999999,0.018957999999999999,23.905294000000001,36.356160999974236,819874.52932600002,819874.52961700002
1387,1525,8193,1,819869.97199999995,819885.24603499996,819917.59158000001,0.51216600000000001,0.45704200002364814,0.00029200001154094934,0.011375000001862645,1.9328749999999999,29.679127999999999,0.19658400000000001,2.9475829999999998,0.0049579999999999997,32.354002999999999,47.619580000056885,819885.74974300002,819885.75003500003
1388,1526,8193,1,819878.31499999994,819890.58411900001,819917.63941299997,0.51916600000000002,0.46637499995995313,0.00058399990666657686,0.057166000013239682,1.862876,23.432794000000001,0.21087500000000001,2.9980419999999999,0.0029169999999999999,27.060251999999998,39.324413000023924,819891.09832700004,819891.09891099995
1389,1527,8193,1,819886.63899999997,819898.09570299997,819925.52812200005,0.45441700000000002,0.40075000002980232,0.00029200001154094934,0.016333000035956502,1.8445009999999999,24.820252,0.22516600000000001,2.9420419999999998,0.014291999999999999,27.441461,38.889122000080533,819898.54107799998,819898.54136999999
1390,1529,8193,1,819903.31299999997,819917.69395500002,819946.30937499995,0.47075,0.37741700001060963,0.00058300001546740532,0.021000000066123903,1.891751,26.009961000000001,0.204458,2.838209,0.01575,28.665877999999999,42.996374999987893,819918.11424699996,819918.11482999998
1391,1530,8193,1,819911.647,819919.03066299995,819946.37412499997,1.3816250000000001,0.43312500009778887,0.00029200001154094934,0.062707999954000115,1.9422090000000001,23.505127000000002,0.21174999999999999,2.7953329999999998,0.0072919999999999999,28.248795000000001,34.727124999975786,819919.50695499999,819919.507247
1392,1531,8193,1,819920.03300000005,819927.38720600004,819956.30683400005,2.3100000000000001,0.45354199991561472,0.00058300001546740532,0.012249999912455678,1.827583,26.341586,0.20708299999999999,2.8536670000000002,0.01925,30.732627999999998,36.273833999992348,819927.88420600002,819927.88478900003
1393,1533,8193,1,819936.61100000003,819946.41729100002,819972.715127,0.51012500000000005,0.42087499995250255,0.00029200001154094934,0.055708000087179244,1.8302080000000001,23.682753000000002,0.228959,2.685959,0.015459000000000001,26.342461,36.104126999969594,819946.88279099995,819946.88308299996
1394,1534,8193,1,819944.97900000005,819952.39033299999,819982.76362800004,5.9972510000000003,0.46345899999141693,0.00029100000392645597,0.069709000061266124,1.8605419999999999,27.699003000000001,0.20533399999999999,2.9309590000000001,0.012833000000000001,35.862462000000001,37.784627999993972,819952.89870899997,819952.89899999998
1395,1535,8193,1,819953.31999999995,819960.73170899996,819986.86971200001,4.8717079999999999,0.46754199999850243,0.00058400002308189869,0.011666000005789101,1.8170839999999999,23.486169,0.217,2.7652920000000001,0.01925,30.499586000000001,33.549712000065483,819961.24183399999,819961.24241800001
1396,1536,8193,1,819961.64899999998,819972.77258600004,819999.41283799999,0.58158299999999996,0.52004099998157471,0.00029200001154094934,0.081666999962180853,1.8771659999999999,23.854253,0.217584,2.856001,0.017500000000000002,26.650169000000002,37.763838000013493,819973.34425199998,819973.34454399999
1397,1537,8193,1,819969.95200000005,819982.81204500003,820007.84113099996,0.60024999999999995,0.54483299993444234,0.00058300001546740532,0.057459000032395124,1.855583,22.282751999999999,0.21554200000000001,2.865917,0.0090419999999999997,25.035211,37.889130999916233,819983.40616999997,819983.40675299999
1398,1538,8193,1,819978.321,819986.97325399995,820010.77179799997,0.57925000000000004,0.52237500005867332,0.00029200001154094934,0.016625000047497451,1.8885419999999999,21.050460000000001,0.199208,3.052,0.014,23.808168999999999,32.450797999976203,819987.54316999996,819987.54346199997
1399,1539,8193,1,819986.64599999995,819999.49683800002,820026.65625799994,0.519459,0.45499999995809048,0.00029200001154094934,0.029166999971494079,2.0019999999999998,24.369043999999999,0.21525,2.8950840000000002,0.018082999999999998,27.174295000000001,40.010257999994792,820000.00171300001,820000.00200500002
1400,1540,8193,1,819994.97900000005,820007.99133899994,820032.85242500005,0.50166699999999997,0.44129200000315905,0.00029199989512562752,0.064750000019557774,1.915667,22.156752999999998,0.207375,2.9446669999999999,0.011083000000000001,24.872752999999999,37.873424999997951,820008.48133900005,820008.48163099994
1401,1541,8193,1,820003.31900000002,820010.87854800001,820034.65171699994,0.46579199999999998,0.40483300003688782,0.00029100000392645597,0.01049999997485429,1.9728330000000001,21.109376999999999,0.19775000000000001,2.947292,0.013417,23.783961000000001,31.332716999924742,820011.33354799997,820011.33383899997
1402,1542,8193,1,820011.63899999997,820026.71196600003,820052.903635,0.47104200000000002,0.41504200000781566,0.00029200001154094934,0.067082999972626567,1.90225,23.497836,0.215834,2.9449580000000002,0.026249999999999999,26.202169999999999,41.264635000028647,820027.17221600004,820027.17250800005
1403,1543,8193,1,820019.96900000004,820032.92213299999,820059.24155300006,0.63729100000000005,0.57691699999850243,0.00058399990666657686,0.080791000043973327,1.897,23.459045,0.207375,2.9994999999999998,0.028583000000000001,26.328461000000001,39.272553000017069,820033.55038300005,820033.55096699996
1404,1544,8193,1,820028.31499999994,820035.75538400002,820064.65226100001,1.5172509999999999,0.45179099997039884,0.00029200001154094934,0.01049999997485429,1.8996249999999999,26.230460999999998,0.20358299999999999,3.0216669999999999,0.01575,29.913627999999999,36.337261000066064,820036.25617499999,820036.256467
1405,1546,8193,1,820044.995,820053.03751000005,820079.47855500004,0.63233399999999995,0.5270419999724254,0.00058300001546740532,0.055999999982304871,1.8757090000000001,23.691210999999999,0.20241600000000001,2.8198340000000002,0.018082999999999998,26.497920000000001,34.483555000042543,820053.61296900001,820053.61355200002
1406,1547,8193,1,820053.31599999999,820060.73138600006,820086.82272199995,1.920625,0.43895799992606044,0.00029100000392645597,0.051917000091634691,1.8392500000000001,23.460502999999999,0.22079199999999999,2.910542,0.020417000000000001,27.528669000000001,33.506721999961883,820061.21467799996,820061.21496899996
1407,1548,8193,1,820061.65300000005,820069.04505399999,820095.73634800001,4.7632089999999998,0.4340000000083819,0.00058300001546740532,0.020125000039115548,1.870458,24.03567,0.21204200000000001,2.9143340000000002,0.011958,30.976461,34.083347999956459,820069.52280399995,820069.52338699996
1408,1549,8193,1,820069.98300000001,820079.54826299998,820109.03109900001,0.60754200000000003,0.54512500006239861,0.00058300001546740532,0.065334000042639673,1.8561669999999999,26.719878000000001,0.20824999999999999,2.7734589999999999,0.020125000000000001,29.494503000000002,39.048099000006914,820080.14413799997,820080.14472099999
1409,1550,8193,1,820078.28000000003,820086.94230500003,820112.85543300002,0.44916699999999998,0.39579199999570847,0.00029200001154094934,0.061249999911524355,1.9620420000000001,23.219584999999999,0.202708,2.9289170000000002,0.0084580000000000002,25.921586000000001,34.57543299999088,820087.38330500002,820087.38359700004
1410,1551,8193,1,820086.64500000002,820095.79380600003,820122.728642,0.49583300000000002,0.4380840000230819,0.00029200001154094934,0.0096250000642612576,1.884458,24.312753000000001,0.21174999999999999,2.7999999999999998,0.014874999999999999,26.946794000000001,36.083641999983229,820096.27797299996,820096.27826499997
1411,1552,8193,1,820094.97699999996,820109.09818299999,820137.54151899996,0.51508299999999996,0.45879099995363504,0.00029200001154094934,0.011375000001862645,1.873375,25.800543999999999,0.216417,2.9169589999999999,0.016917000000000001,28.452378,42.56451900000684,820109.60451600002,820109.60480800003
1412,1553,8193,1,820103.27599999995,820112.89305800002,820140.17818599998,0.57866600000000001,0.51333300000987947,0.00058400002308189869,0.050749999936670065,1.8465419999999999,23.360461000000001,0.20300000000000001,2.9630420000000002,0.0096249999999999999,27.294460999999998,36.902186000021175,820113.46239100001,820113.46297500003
1413,1554,8193,1,820111.64899999998,820122.78085099999,820149.18047799997,0.53462500000000002,0.48095800005830824,0.00058400002308189869,0.011082999990321696,1.8935010000000001,23.724460000000001,0.206792,3.3261669999999999,0.018374999999999999,26.405460999999999,37.531477999989875,820123.30964200001,820123.31022600003
1414,1556,8193,1,820128.31000000006,820137.63135200005,820163.58356299996,0.54366599999999998,0.45295799989253283,0.00029200001154094934,0.054542000056244433,1.864042,23.292794000000001,0.20708299999999999,2.971209,0.019540999999999999,26.000043999999999,35.273562999907881,820138.12718499999,820138.127477
1415,1557,8193,1,820136.65599999996,820144.04568600003,820170.13789699995,4.3557509999999997,0.47249999991618097,0.00029200001154094934,0.069416999933309853,1.892917,23.357835999999999,0.23100000000000001,2.837917,0.0087500000000000008,29.931128000000001,33.481896999990568,820144.56251900003,820144.56281100004
1416,1558,8193,1,820144.97199999995,820152.34856199997,820176.33639800001,3.612584,0.44537500001024455,0.00029200001154094934,0.012249999912455678,1.9147909999999999,21.336877999999999,0.20883399999999999,2.9741249999999999,0.0093340000000000003,27.112169999999999,31.364398000063375,820152.83681200002,820152.83710400003
1417,1559,8193,1,820153.32200000004,820163.69877100002,820190.37606599997,0.56758299999999995,0.50779199996031821,0.00058299989905208349,0.063875000108964741,1.9495,23.836461,0.214084,2.9277510000000002,0.035291999999999997,26.689544000000001,37.054065999924205,820164.25381300005,820164.25439599995
1418,1560,8193,1,820161.65300000005,820170.237647,820198.82827499998,0.59120899999999998,0.53258300002198666,0.00029200001154094934,0.077582999947480857,1.957959,25.685919999999999,0.20970900000000001,2.9513750000000001,0.011958,28.600545,37.175274999928661,820170.81923000002,820170.81952200003
1419,1561,8193,1,820169.98199999996,820177.39252300002,820201.31735799997,1.5102500000000001,0.44449999998323619,0.00058299989905208349,0.013125000055879354,1.8961250000000001,21.233042999999999,0.25170900000000002,2.948458,0.021874999999999999,24.943335999999999,31.335358000011183,820177.88398100005,820177.88456399995
1420,1562,8193,1,820178.32700000005,820190.426232,820218.88035999995,0.54658300000000004,0.49087500001769513,0.00029200001154094934,0.053957999916747212,1.830792,25.791211000000001,0.20241600000000001,3.0076670000000001,0.017500000000000002,28.464044000000001,40.553359999903478,820190.96289900003,820190.96319100005
1421,1563,8193,1,820186.61800000002,820198.86910799996,820224.95461100002,0.54074999999999995,0.49029200000222772,0.00029100000392645597,0.05658400000538677,1.859958,23.382335000000001,0.21029200000000001,2.894501,0.025666000000000001,26.091044,38.336611000006087,820199.40431699995,820199.40460799995
1422,1564,8193,1,820194.97999999998,820202.37319199997,820226.33973600005,1.467959,0.41679200006183237,0.00029200001154094934,0.0081660000141710043,1.8935,21.379752,0.20649999999999999,3.257917,0.0087500000000000008,24.975128000000002,31.35973600007128,820202.83256699995,820202.83285899996
1423,1565,8193,1,820203.31900000002,820218.94248500001,820245.11461299995,0.434,0.37916699994821101,0.00029200001154094934,0.023041000007651746,1.936375,23.532253000000001,0.20824999999999999,3.0312920000000001,0.029749999999999999,26.183211,41.795612999936566,820219.36540200002,820219.36569400004
1424,1566,8193,1,820211.63300000003,820225.06427800003,820250.64665500005,0.58975,0.52412499999627471,0.00029200001154094934,0.058624999946914613,1.9824580000000001,22.729293999999999,0.20533299999999999,3.0493760000000001,0.013125,25.596086,39.013655000017025,820225.64061100001,820225.64090300002
1425,1567,8193,1,820219.97199999995,820227.41161099996,820251.14103000006,1.661626,0.59295800002291799,0.00058400002308189869,0.015750000020489097,1.9179999999999999,20.937002,0.198625,2.8980000000000001,0.0070000000000000001,24.749085999999998,31.169030000106432,820228.05386099999,820228.05444500002
1426,1569,8193,1,820236.60600000003,820245.28669600002,820274.26757400006,0.59704199999999996,0.50079199997708201,0.00058400002308189869,0.075540999998338521,1.945125,26.166876999999999,0.202708,2.829167,0.026832999999999999,29.033961000000001,37.661574000027031,820245.83094599994,820245.83152999997
1427,1570,8193,1,820244.98100000003,820252.37127999996,820277.90874099999,2.1172080000000002,0.38237500004470348,0.00029200001154094934,0.051625000080093741,1.8243750000000001,23.009294000000001,0.20474999999999999,2.8664999999999998,0.0075839999999999996,27.228543999999999,32.927740999963135,820252.79740499996,820252.79769699997
1428,1571,8193,1,820253.30700000003,820260.71528100001,820287.82861700002,8.4233349999999998,0.46987499995157123,0.00058300001546740532,2.8029170000227168,1.8990419999999999,21.651585000000001,0.20649999999999999,2.756542,0.0087500000000000008,35.021586999999997,34.521616999991238,820261.23036499997,820261.23094799998
1429,1572,8193,1,820261.63699999999,820274.37811599998,820300.24924300006,0.49845899999999999,0.44420799997169524,0.00029200001154094934,0.056875000009313226,1.9299580000000001,23.130044000000002,0.22691600000000001,2.9738340000000001,0.021000000000000001,25.882211000000002,38.612243000068702,820274.865491,820274.86578300002
1430,1573,8193,1,820269.96799999999,820277.93849099998,820309.64441099996,0.499917,0.449750000028871,0.00029200001154094934,0.053666999912820756,1.9990829999999999,28.921669000000001,0.20300000000000001,3.2465419999999998,0.016333,31.710003,39.676410999963991,820278.43461600004,820278.43490800005
1431,1574,8193,1,820278.31599999999,820287.87907599995,820311.86137000006,0.56116699999999997,0.50604100001510233,0.00029100000392645597,0.011667000013403594,1.8445,21.347669,0.20970800000000001,2.8446250000000002,0.0035000000000000001,23.993086000000002,33.545370000065304,820288.42945099995,820288.42974199995
1432,1575,8193,1,820286.65800000005,820300.30320199998,820326.111913,0.55854199999999998,0.50633300002664328,0.00029100000392645597,0.053374999901279807,1.839834,23.123044,0.20474999999999999,2.8697089999999998,0.016625000000000001,25.814253000000001,39.453912999946624,820300.85620200005,820300.85649300006
1433,1576,8193,1,820294.97900000005,820309.69341099996,820335.62403900002,0.51275000000000004,0.45616699999663979,0,0.060666000004857779,1.9693339999999999,23.165627000000001,0.203875,3.3142079999999998,0.01225,25.939961,40.645038999966346,820310.19682800001,820310.19682800001
1434,1577,8193,1,820303.31599999999,820311.88732800004,820335.99445500004,0.68920899999999996,0.63845799991395324,0.00029200001154094934,0.012833000044338405,1.931708,21.224876999999999,0.23333300000000001,3.1622509999999999,0.0075839999999999996,24.111794,32.678455000044778,820312.57216099999,820312.572453
1435,1578,8193,1,820311.64500000002,820326.16878800001,820352.83704000001,0.47833399999999998,0.41095799999311566,0.00029100000392645597,0.079041999997571111,1.93025,23.948753,0.207959,2.8924590000000001,0.015167,26.677586000000002,41.192039999994449,820326.63778800005,820326.63807900005
1436,1579,8193,1,820319.95999999996,820335.66574700002,820364.48795800004,0.46899999999999997,0.41474999999627471,0.025958999991416931,0.46258299995679408,2.0451670000000002,25.533669,0.20300000000000001,2.919292,0.016625000000000001,28.830378,44.527958000078797,820336.12658000004,820336.15253900003
1437,1580,8193,1,820328.32700000005,820336.16537199996,820364.53899999999,0.41825000000000001,0.37158300005830824,0.00029200001154094934,0.037041999981738627,2.043126,21.107043000000001,0.24004200000000001,2.8644590000000001,0.0032079999999999999,28.376545,36.211999999941327,820336.58070499997,820336.58099699998
1438,1582,8193,1,820344.94400000002,820352.94466499996,820378.53345999995,0.53666700000000001,0.42904200009070337,0.00029200001154094934,0.063874999992549419,1.8850420000000001,22.867252000000001,0.20591699999999999,2.8285830000000001,0.018083999999999999,25.646545,33.589459999930114,820353.42358199996,820353.42387399997
1439,1583,8193,1,820353.28300000005,820364.53958300001,820387.64746100002,0.44974999999999998,0.40104200004134327,0.021874999976716936,0.014000000082887709,1.8552919999999999,20.463335000000001,0.215834,3.0531670000000002,0.030624999999999999,23.113126999999999,34.364460999961011,820364.98379199998,820365.00566699996
1440,1584,8193,1,820361.652,820369.04612499999,820397.45708700002,4.5205419999999998,0.45208399998955429,0.00029200001154094934,0.067082999972626567,1.974,25.638376999999998,0.20125000000000001,3.4238749999999998,0.016042000000000001,32.434212000000002,35.805087000015192,820369.54312499997,820369.54341699998
1441,1585,8193,1,820369.99300000002,820378.57954299997,820404.641129,0.51624999999999999,0.47045800008345395,0.00029200001154094934,0.073207999928854406,1.924709,23.253128,0.21174999999999999,2.9300830000000002,0.017791000000000001,26.066253,34.648128999979235,820379.09112600004,820379.09141800005
1442,1586,8193,1,820378.27000000002,820387.74866899999,820412.43183799996,0.50983299999999998,0.44333300006110221,0.00029200001154094934,0.011667000013403594,1.9188750000000001,22.001586,0.21291599999999999,2.852792,0.019540999999999999,24.692502000000001,34.161837999941781,820388.24887699995,820388.24916899996
1443,1587,8193,1,820386.62899999996,820397.53379500005,820426.07571400004,0.54833399999999999,0.47687499993480742,0.00058300001546740532,0.062999999965541065,1.9535830000000001,25.743960999999999,0.20970800000000001,3.1890839999999998,0.023625,28.563794999999999,39.446714000077918,820398.059962,820398.06054500001
1444,1588,8193,1,820394.95400000003,820404.69917100004,820430.23867300001,0.487375,0.43020800000522286,0.00029200001154094934,0.07583300000987947,1.9439580000000001,22.749711000000001,0.206792,2.8688340000000001,0.015458,25.550585999999999,35.284672999987379,820405.17546199996,820405.17575399997
1445,1589,8193,1,820403.321,820412.50183800003,820439.22842399997,0.57195799999999997,0.50837499997578561,0.00058400002308189869,0.012250000028871,1.8599589999999999,24.045584999999999,0.21495900000000001,2.8711669999999998,0.016625000000000001,26.737960999999999,35.907423999975435,820413.06242099998,820413.063005
1446,1590,8193,1,820411.64800000004,820426.13754799997,820451.46675899997,0.54658399999999996,0.48416600003838539,0.00029200001154094934,0.012833000044338405,1.9337500000000001,22.588127,0.22195899999999999,2.918126,0.01925,25.340878,39.818758999928832,820426.67246399994,820426.67275599996
1447,1591,8193,1,820419.98100000003,820430.29088099999,820456.85384200001,0.597333,0.53200100001413375,0.00087500002700835466,0.063291999977082014,1.891459,23.795044000000001,0.204459,2.7200829999999998,0.0075839999999999996,26.575502,36.872841999982484,820430.875673,820430.87654800003
1448,1592,8193,1,820428.28399999999,820439.29084100004,820463.84305200004,0.57574999999999998,0.50575000001117587,0.00029100000392645597,0.011667000013403594,1.901375,21.803543000000001,0.205042,2.8904169999999998,0.0099159999999999995,24.565335999999999,35.55905200005509,820439.85346599994,820439.85375699995
1449,1593,8193,1,820436.62300000002,820451.5773,820477.83984499995,0.53666700000000001,0.46025000000372529,0.00058300001546740532,0.063874999992549419,1.936958,23.438336,0.20591699999999999,2.9942500000000001,0.017208999999999999,26.273045,41.21684499992989,820452.10346699995,820452.10404999997
1450,1594,8193,1,820444.97999999998,820456.92442599998,820483.51188699994,0.59704199999999996,0.52529200003482401,0.00058300001546740532,0.069124999921768904,1.9564999999999999,23.690919000000001,0.21233299999999999,2.9499170000000001,0.014874999999999999,26.606127999999998,38.531886999960989,820457.50280100002,820457.50338400004
1451,1595,8193,1,820453.31200000003,820463.939885,820490.52326299995,0.47658299999999998,0.42000000004190952,0.00058400002308189869,0.014000000082887709,1.9133340000000001,23.881961,0.219917,2.9875419999999999,0.026542,26.593878,37.211262999917381,820464.40596799995,820464.40655199997
1452,1597,8193,1,820469.95400000003,820477.94805300003,820505.82176399999,0.54979100000000003,0.44304199994076043,0.00058400002308189869,0.058332999935373664,1.868708,25.202044000000001,0.219917,2.897125,0.020125000000000001,27.937002,35.867763999965973,820478.43426100002,820478.43484500004
1453,1598,8193,1,820478.321,820485.71688700002,820511.23189000005,2.591167,0.4450829999987036,0,0.057167000020854175,1.878042,22.799002000000002,0.20649999999999999,2.8072919999999999,0.021000000000000001,27.61617,32.910890000057407,820486.20688700001,820486.20688700001
1454,1599,8193,1,820486.64399999997,820494.05972100003,820520.77172399999,3.9424589999999999,0.47249999991618097,0,0.010790999978780746,1.8611249999999999,24.033919999999998,0.21379200000000001,3.2004589999999999,0.018374999999999999,30.139669999999999,34.127724000019953,820494.57480499998,820494.57480499998
1455,1600,8193,1,820494.94499999995,820505.88884699997,820532.34739200003,0.55154099999999995,0.49991700006648898,0.00029200001154094934,0.023040999891236424,1.9360839999999999,23.667877000000001,0.20649999999999999,3.1324999999999998,0.017208999999999999,26.464960999999999,37.402392000076361,820506.43426400004,820506.43455600005
1456,1601,8193,1,820503.326,820511.29022299999,820537.75285100006,0.55533299999999997,0.50487499998416752,0.00058299989905208349,0.064459000015631318,1.873667,23.689169,0.203292,2.8358759999999998,0.018667,26.469335999999998,34.426851000054739,820511.83884800004,820511.83943099994
1457,1602,8193,1,820511.65899999999,820520.89859899995,820545.40210099996,0.44537500000000002,0.39025000005494803,0.00029200001154094934,0.011082999990321696,1.900209,21.848752000000001,0.217583,2.919292,0.018374999999999999,24.513127000000001,33.74310099997092,820521.33434900001,820521.33464100002
1458,1603,8193,1,820519.95999999996,820532.42030799994,820558.97976899997,0.57166700000000004,0.51595900009851903,0.00029200001154094934,0.010208000079728663,1.9217919999999999,23.768211000000001,0.21262500000000001,3.039167,0.016625000000000001,26.568795000000001,39.019769000005908,820532.98234999995,820532.98264199996
1459,1604,8193,1,820528.321,820537.81322600006,820564.29422799998,0.479209,0.42262499989010394,0.00029100000392645597,0.060083999997004867,1.925292,23.779585999999998,0.20824999999999999,3.047625,0.022457999999999999,26.492086,35.973227999988012,820538.28135099995,820538.28164199996
1460,1605,8193,1,820536.66099999996,820545.46247599996,820569.68160400004,0.50108399999999997,0.44595900003332645,0.00029200001154094934,0.015750000020489097,1.887375,21.586252000000002,0.20854200000000001,2.8726250000000002,0.0096249999999999999,24.228460999999999,33.020604000077583,820545.954226,820545.95451800001
1461,1606,8193,1,820544.97999999998,820559.03285299998,820589.81885599997,0.48416700000000001,0.42758300004061311,0.00029100000392645597,0.011375000001862645,1.919459,28.086628000000001,0.205626,3.1421250000000001,0.015458,30.795919999999999,44.838855999987572,820559.50710299995,820559.50739399996
1462,1607,8193,1,820553.27300000004,820564.34585299995,820590.325189,0.50049999999999994,0.44712500006426126,0.00029200001154094934,0.053958000033162534,1.863167,23.228919000000001,0.2555,2.909084,0.01575,25.987794000000001,37.052188999950886,820564.837895,820564.83818700002
1463,1608,8193,1,820561.66700000002,820569.72156199999,820595.03443999996,0.53287499999999999,0.48154199996497482,0.00029100000392645597,0.012250000028871,1.825833,22.668627999999998,0.19775000000000001,2.7789999999999999,0.017208999999999999,25.317836,33.367439999943599,820570.249771,820570.25006200001
1464,1610,8193,1,820578.31900000002,820589.91656399996,820615.609192,0.53870899999999999,0.44391700008418411,0.00029100000392645597,0.10966700001154095,1.837791,22.991793999999999,0.20533299999999999,2.7591670000000001,0.023917000000000001,25.739003,37.290191999985836,820590.40889800002,820590.40918900003
1465,1611,8193,1,820586.652,820594.04364799999,820619.41777499998,4.1020000000000003,0.46754199999850243,0.00058299989905208349,0.080500000040046871,1.8322510000000001,22.678252000000001,0.199792,3.2167919999999999,0.0099170000000000005,28.965128,32.765774999978021,820594.55464800005,820594.55523099995
1466,1612,8193,1,820594.98600000003,820602.39289899997,820626.68785999995,7.8195839999999999,0.46025000000372529,0.00058300001546740532,0.013417000067420304,1.8853340000000001,21.602294000000001,0.20970800000000001,3.2275839999999998,0.016917000000000001,31.609378,31.701859999913722,820602.89777399995,820602.89835699997
1467,1613,8193,1,820603.32700000005,820615.66606700001,820643.17898600001,0.49845800000000001,0.45062499993946403,0.00029100000392645597,0.0081670000217854977,1.9427920000000001,24.778252999999999,0.20708299999999999,3.72925,0.016042000000000001,27.517878,39.851985999965109,820616.159567,820616.159858
1468,1614,8193,1,820611.65300000005,820619.45394200005,820646.10469499999,0.61920799999999998,0.56320899992715567,0.00029199989512562752,0.068541000015102327,1.9328749999999999,23.791252,0.20474999999999999,3.0753339999999998,0.019833,26.655711,34.451694999937899,820620.06848400005,820620.06877599994
1469,1615,8193,1,820619.99899999995,820627.38902600005,820650.98894499999,1.0640000000000001,0.41970899992156774,0.00029100000392645597,0.008459000033326447,1.8421670000000001,20.999127000000001,0.2205,2.8119589999999999,0.0090419999999999997,24.201335,30.989945000037551,820627.85161000001,820627.85190100002
1470,1616,8193,1,820628.31999999995,820643.23761099996,820669.31407199998,0.49116700000000002,0.44070899998769164,0.00029100000392645597,0.065625000046566129,1.9115839999999999,23.377669000000001,0.20125000000000001,5.6802089999999996,0.016625000000000001,26.081419,40.994072000030428,820643.72381999996,820643.72411099996
1471,1617,8193,1,820636.64899999998,820646.15515300003,820671.16382200003,0.60141699999999998,0.54162499995436519,0.00029100000392645597,0.014583999989554286,1.9010830000000001,22.275461,0.206792,2.8994580000000001,0.0055420000000000001,25.018001999999999,34.514822000055574,820646.74723700003,820646.74752800004
1472,1618,8193,1,820644.98199999996,820652.380779,820676.32515599998,1.840125,0.43254199996590614,0.00058400002308189869,0.01049999997485429,1.950083,21.238586000000002,0.19891700000000001,3.346876,0.0099159999999999995,25.305294,31.343156000017188,820652.859987,820652.86057100003
1473,1620,8193,1,820661.61199999996,820669.41469699994,820697.82974199997,0.655667,0.56116700009442866,0.00058300001546740532,0.068833999917842448,1.8512090000000001,25.636627000000001,0.19512499999999999,3.3961670000000002,0.035000000000000003,28.460545,36.217742000008002,820670.02486400004,820670.02544700005
1474,1621,8193,1,820669.98699999996,820677.38332300005,820702.78924199997,6.6354170000000003,0.3966669999063015,0.00058400002308189869,0.062999999965541065,1.826125,22.857627000000001,0.19512499999999999,2.708126,0.0087500000000000008,31.601503000000001,32.802242000005208,820677.823156,820677.82374000002
1475,1622,8193,1,820678.31599999999,820685.73140699998,820709.90066000004,8.4233349999999998,0.48475000006146729,0.00029100000392645597,0.025958999991416931,1.870166,21.461711000000001,0.21087500000000001,3.1132499999999999,0.010500000000000001,32.063504000000002,31.584660000051372,820686.26049100002,820686.26078200003
1476,1623,8193,1,820686.64199999999,820697.87436699995,820723.96191099996,0.48562499999999997,0.43691600009333342,0.00029100000392645597,0.063291999977082014,1.9194580000000001,23.323128000000001,0.21029200000000001,3.3013759999999999,0.018082999999999998,26.092794000000001,37.319910999969579,820698.354742,820698.355033
1477,1624,8193,1,820694.98100000003,820702.83211700001,820729.44932799996,0.54804200000000003,0.49145900004077703,0.00029100000392645597,0.031209000037051737,1.9378329999999999,23.860377,0.20999999999999999,2.8463750000000001,0.018959,26.627419,34.468327999929897,820703.36995099997,820703.37024199998
1478,1625,8193,1,820703.32299999997,820710.71674299997,820740.86107900005,1.2235419999999999,0.46229200006928295,0.00029200001154094934,0.010790999978780746,1.896709,27.443794,0.21525,2.9397090000000001,0.014,30.860378000000001,37.538079000078142,820711.22424300003,820711.22453500004
1479,1626,8193,1,820711.64899999998,820724.01936899999,820750.06374699995,0.51624999999999999,0.46433400001842529,0.00029100000392645597,0.05629199999384582,1.8859170000000001,23.297460000000001,0.212917,2.8498760000000001,0.014874999999999999,26.050794,38.414746999973431,820724.52920300001,820724.52949400002
1480,1627,8193,1,820719.94700000004,820729.56453700003,820755.20174699998,0.50370800000000004,0.45412499993108213,0.00029200001154094934,0.065917000058107078,1.851208,22.965544000000001,0.20824999999999999,2.6541670000000002,0.023625,25.641877000000001,35.254746999940835,820730.06357799994,820730.06386999995
1481,1628,8193,1,820728.321,820740.96753799997,820768.03887399996,0.49116700000000002,0.43370799999684095,0.00029100000392645597,0.014291999978013337,1.9457089999999999,24.393836,0.20358299999999999,3.3646669999999999,0.011667,27.082711,39.717873999965377,820741.44703799998,820741.44732899999
1482,1629,8193,1,820736.61899999995,820750.11653899995,820779.38441699999,0.54074999999999995,0.48795800004154444,0.00058300001546740532,0.058916999958455563,1.859667,26.577545000000001,0.21204200000000001,2.895667,0.0072919999999999999,29.272252999999999,42.765417000046,820750.65291399998,820750.65349699999
1483,1630,8193,1,820744.98400000005,820755.32920599997,820783.11220900004,0.55183300000000002,0.49175000004470348,0.00029200001154094934,0.05804200004786253,1.9390000000000001,23.554418999999999,0.205625,2.895375,0.0078750000000000001,27.794377999999998,38.128208999987692,820755.869664,820755.86995600001
1484,1631,8193,1,820753.32200000004,820768.08437399997,820791.73912599997,0.54220800000000002,0.48562500008847564,0.00029100000392645597,0.01049999997485429,1.8377920000000001,20.994751999999998,0.20125000000000001,2.9455420000000001,0.013125,23.665251999999999,38.417125999927521,820768.61637399998,820768.61666499998
1485,1633,8193,1,820769.96600000001,820779.50895799999,820812.70791999996,0.71399999999999997,0.60725000000093132,0.00029100000392645597,2.9309590000193566,1.8657919999999999,27.514669000000001,0.202125,2.6853750000000001,0.01575,33.257877999999998,42.741919999942183,820780.16404199996,820780.16433299996
1486,1634,8193,1,820778.27899999998,820785.72641700006,820812.75546200003,3.0986669999999998,0.46754199999850243,0.00058300001546740532,0.069125000038184226,1.8701669999999999,23.588835,0.20970900000000001,2.8163339999999999,0.0029169999999999999,29.61467,34.476462000049651,820786.23945899995,820786.24004199996
1487,1635,8193,1,820786.65099999995,820794.05845999997,820817.71700399998,2.7941669999999998,0.47512499999720603,0.00058300001546740532,0.01079199998639524,1.8127089999999999,21.057459999999999,0.19075,2.7935840000000001,0.010208999999999999,25.935002999999998,31.066004000022076,820794.576168,820794.57675100002
1488,1637,8193,1,820803.30799999996,820812.80708699999,820838.66713099997,0.49204199999999998,0.39899999997578561,0.036166999954730272,0.066208000062033534,1.8663749999999999,23.191877000000002,0.21670900000000001,2.9169589999999999,0.022166999999999999,25.910502999999999,35.359131000004709,820813.24867,820813.28483699996
1489,1638,8193,1,820811.61399999994,820819.04204600002,820846.54067300004,6.1777920000000002,0.38587500003632158,0.00029200001154094934,0.055999999982304871,1.873958,24.888210999999998,0.20854200000000001,2.7183329999999999,0.025375000000000002,33.246502999999997,34.926673000096343,820819.47225400002,820819.47254600003
1490,1639,8193,1,820819.98999999999,820827.40383800003,820854.32525700005,8.4288749999999997,0.46462500002235174,0.00058399990666657686,2.7253330000676215,1.9524170000000001,21.448585999999999,0.21204100000000001,2.6839170000000001,0.014,34.840170000000001,34.335257000057027,820827.91367100005,820827.91425499995
1491,1640,8193,1,820828.29700000002,820838.71554799995,820865.02884200006,0.50429199999999996,0.45412500004749745,0.00058300001546740532,0.051625000080093741,1.8532500000000001,23.651834999999998,0.20941699999999999,2.9379590000000002,0.020708000000000001,26.319711000000002,36.731842000037432,820839.21342299995,820839.21400599997
1492,1641,8193,1,820836.63500000001,820846.60192299995,820874.632843,0.44070900000000002,0.38616700004786253,0.00029100000392645597,0.068250000011175871,1.953292,25.287503000000001,0.212917,2.867667,0.0084580000000000002,28.041419999999999,37.997842999990098,820847.03213199996,820847.03242299997
1493,1642,8193,1,820844.99100000004,820854.41509100003,820878.67738500005,0.441,0.38383299997076392,0.00058299989905208349,0.017792000086046755,1.8754169999999999,21.644293999999999,0.19658300000000001,3.017001,0.01575,24.272794000000001,33.686385000008158,820854.84559100005,820854.84617399995
1494,1643,8193,1,820853.31499999994,820865.08046700002,820894.54901099997,0.423792,0.36808299995027483,0.00029100000392645597,0.075834000017493963,1.901375,26.818753000000001,0.21145800000000001,2.863,0.015167,29.477878,41.234011000022292,820865.494634,820865.49492500001
1495,1644,8193,1,820861.62300000002,820874.67892600002,820900.00026200002,0.49554199999999998,0.43837500002700835,0.00029100000392645597,0.059791999985463917,1.9360839999999999,22.580252000000002,0.217,2.9073340000000001,0.024208,25.332711,38.377261999994516,820875.16338499996,820875.16367599997
1496,1645,8193,1,820869.98499999999,820878.77946800005,820907.54247099999,0.53141700000000003,0.47658399993088096,0.00029200001154094934,0.01049999997485429,1.91275,26.009961000000001,0.217584,3.0744590000000001,0.018374999999999999,28.772628000000001,37.557471000007354,820879.30125999998,820879.30155199999
1497,1647,8193,1,820886.66899999999,820894.64759499999,820920.81126400002,0.53141700000000003,0.43458300002384931,0.00087500002700835466,0.060667000012472272,1.8862080000000001,23.494627000000001,0.202708,2.857167,0.023916,26.217336,34.142264000023715,820895.12534499995,820895.12621999998
1498,1648,8193,1,820894.96400000004,820902.38434600004,820930.46134799998,2.8245,0.44829099997878075,0.00029200001154094934,0.065625000046566129,1.8946670000000001,25.381710999999999,0.21612500000000001,2.8131249999999999,0.013417,30.409461,35.497347999946214,820902.87667899998,820902.87697099999
1499,1649,8193,1,820903.32200000004,820910.72047099995,820935.79739099997,3.5889579999999999,0.41504200000781566,0.00029200001154094934,0.011666999896988273,1.8170839999999999,22.551085,0.20358299999999999,2.9478759999999999,0.016042000000000001,28.206211,32.475390999927185,820911.17984600004,820911.18013800005
1500,1650,8193,1,820911.66099999996,820920.86172199994,820950.37489199999,0.50662499999999999,0.45529200008604676,0.00058300001546740532,3.0041670000646263,1.9075,23.854544000000001,0.21262500000000001,2.846959,0.015166000000000001,29.517835999999999,38.713892000028864,820921.36368099996,820921.36426399997
1501,1651,8193,1,820919.98100000003,820930.51793199999,820958.63314299996,0.58537499999999998,0.53404100006446242,0.00029200001154094934,0.053666999912820756,1.8427500000000001,25.411753000000001,0.204459,2.9306670000000001,0.0087500000000000008,28.121919999999999,38.652142999926582,820931.09659800003,820931.09689000004
1502,1652,8193,1,820928.31400000001,820935.85397399997,820962.33206000004,0.46229199999999998,0.40891700005158782,0.00029200001154094934,0.006124999956227839,1.920042,23.856003000000001,0.20416699999999999,2.9423339999999998,0.019833,26.487127999999998,34.018060000031255,820936.30722399999,820936.307516
1503,1653,8193,1,820936.66700000002,820950.44226699998,820977.62618599995,0.52645799999999998,0.4579170000506565,0.00029100000392645597,0.055708999978378415,1.805417,24.572044000000002,0.20358299999999999,2.820417,0.021000000000000001,27.205210999999998,40.959185999934562,820950.94743399997,820950.94772499998
1504,1654,8193,1,820944.96799999999,820958.73901799996,820987.44310399995,0.49554199999999998,0.43429200001992285,0.00029100000392645597,0.057459000032395124,1.8867910000000001,26.042919000000001,0.20066700000000001,2.7212499999999999,0.014874999999999999,28.717210999999999,42.475103999953717,820959.22143499996,820959.22172599996
1505,1655,8193,1,820953.32299999997,820962.38689299999,820987.55510400003,0.457625,0.39929199998732656,0.00058300001546740532,0.011082999990321696,1.901376,20.948668000000001,0.22225,3.056667,0.0070000000000000001,25.179877000000001,34.232104000053369,820962.83285200002,820962.83343500004
1506,1657,8193,1,820969.97999999998,820977.73264499998,821006.415148,0.57166700000000004,0.47279200004413724,0.00029200001154094934,0.052207999979145825,1.914792,25.951336000000001,0.214084,2.8236249999999998,0.015458,28.737337,36.435148000018671,820978.24947799998,820978.24976999999
1507,1658,8193,1,820978.299,820987.58718699997,821016.92856499995,0.44916699999999998,0.39754200004972517,0.00029100000392645597,0.010208999970927835,1.7949170000000001,26.854336,0.20824999999999999,2.9184169999999998,0.014874999999999999,29.347794,38.629564999951981,820988.02993800002,820988.03022900003
1508,1659,8193,1,820986.647,820994.05314600002,821020.00039900001,6.509417,0.45791699993424118,0.00087500002700835466,0.061833000043407083,1.8847499999999999,23.243501999999999,0.22604199999999999,2.8595000000000002,0.010208,31.952669,33.353399000014178,820994.55714699998,820994.55802200001
1509,1660,8193,1,820994.98600000003,821006.471731,821036.055192,0.54425000000000001,0.49495800002478063,0.00029100000392645597,0.069125000038184226,1.869875,26.856086000000001,0.206792,2.8420000000000001,0.017500000000000002,29.588128000000001,41.069191999966279,821007.011023,821007.011314
1510,1661,8193,1,821003.32200000004,821017.03764899995,821041.07010999997,0.52295800000000003,0.46725000010337681,0.00029200001154094934,0.015750000020489097,1.8462499999999999,21.429335999999999,0.205625,2.8562919999999998,0.0099170000000000005,24.042377999999999,37.748109999927692,821017.55068999995,821017.55098199996
1511,1662,8193,1,821011.61300000001,821020.03627399995,821047.82306900003,0.480375,0.42845800006762147,0.00058300001546740532,0.10295900003984571,1.942501,25.013627,0.21058299999999999,3.062792,0.026540999999999999,27.791461000000002,36.210069000022486,821020.51139899995,821020.51198199997
1512,1664,8193,1,821028.31099999999,821036.14502599998,821062.70448700001,0.48212500000000003,0.39083300007041544,0.00029200001154094934,0.091875000041909516,1.873375,23.899751999999999,0.222833,2.8802080000000001,0.018082999999999998,26.608753,34.393487000023015,821036.57785899995,821036.57815099997
1513,1665,8193,1,821036.652,821044.05152600002,821067.85648700001,3.4405009999999998,0.45704200002364814,0.00058300001546740532,0.010207999963313341,1.8462499999999999,21.179376999999999,0.202708,2.885459,0.0084589999999999995,26.744085999999999,31.204487000009976,821044.55290200002,821044.55348500004
1514,1666,8193,1,821044.98600000003,821052.34477700002,821077.91286299995,4.9425829999999999,0.41795899998396635,0.00029199989512562752,0.062125000054948032,1.9325840000000001,22.868127000000001,0.20416599999999999,2.7973759999999999,0.022749999999999999,30.049544000000001,32.926862999913283,821052.80590200005,821052.80619399995
1515,1667,8193,1,821053.31900000002,821062.75144499994,821090.26203099999,0.56670799999999999,0.49554200004786253,0.00029200001154094934,0.067957999999634922,1.8797919999999999,24.707086,0.21612500000000001,2.8915839999999999,0.010792,27.516418999999999,36.943030999973416,821063.31232000003,821063.31261200004
1516,1668,8193,1,821061.61600000004,821069.06194599997,821093.15332299995,1.6482079999999999,0.42816600005608052,0.00058299989905208349,0.010500000091269612,1.9223749999999999,21.444793000000001,0.205625,2.957792,0.017208000000000001,25.265626999999999,31.53732299990952,821069.53590400005,821069.53648699995
1517,1669,8193,1,821069.98699999996,821078.02486300003,821104.22149100003,0.45791700000000002,0.39608400000724941,0.00029100000392645597,0.074375000083819032,1.9215,23.506585999999999,0.20999999999999999,2.9735420000000001,0.022457999999999999,26.211794000000001,34.234491000068374,821078.46732199995,821078.46761299996
1518,1670,8193,1,821078.30099999998,821090.30636399996,821117.51624200004,0.58245800000000003,0.52529200003482401,0.00058399990666657686,0.067957999999634922,1.892042,24.432044000000001,0.21787500000000001,2.9420410000000001,0.0099170000000000005,27.219794,39.215242000063881,821090.87890600006,821090.87948999996
1519,1671,8193,1,821086.65300000005,821094.05778200005,821118.37724199996,1.3372919999999999,0.42641600000206381,0.00058299989905208349,0.012250000028871,1.8678330000000001,21.742878000000001,0.200959,2.8635839999999999,0.0096249999999999999,25.185419,31.724241999909282,821094.52940700005,821094.52998999995
1520,1672,8193,1,821094.95499999996,821104.28303299996,821135.48932699999,0.47337499999999999,0.41941600001882762,0.00029200001154094934,0.067374999984167516,1.950375,28.479794999999999,0.207958,3.0155419999999999,0.016625000000000001,31.215043999999999,40.534327000030316,821104.74794899998,821104.74824099999
1521,1673,8193,1,821103.31799999997,821117.57370099996,821146.62778700003,0.50837500000000002,0.4485829999903217,0.00029100000392645597,0.061833999934606254,1.835167,26.416253000000001,0.19279199999999999,2.8781669999999999,0.013125,29.066336,43.309787000063807,821118.06982600002,821118.07011700002
1522,1674,8193,1,821111.61399999994,821119.03582600004,821146.67591200001,1.0470839999999999,0.37187499995343387,0.00029100000392645597,0.0099169999593868852,1.897875,21.287293999999999,0.20999999999999999,2.8562919999999998,0.0067080000000000004,28.27242,35.061912000062875,821119.45057600003,821119.45086700004
1523,1675,8193,1,821119.98600000003,821135.53891100001,821161.701122,0.46287499999999998,0.41504100000020117,0.00058399990666657686,0.015165999997407198,1.871626,23.574835,0.206792,2.8667919999999998,0.021291999999999998,26.167169999999999,41.715121999965049,821135.99682700005,821135.99741099996
1524,1677,8193,1,821136.64099999995,821146.803953,821173.260748,0.44450099999999998,0.35145900002680719,0.00029100000392645597,2.7437089999439195,1.834875,21.228085,0.22079199999999999,2.7031670000000001,0.019833,26.508127999999999,36.619748000055552,821147.19682900002,821147.19712000003
1525,1678,8193,1,821144.94700000004,821152.41241200001,821177.60074799997,5.6702919999999999,0.4223340000025928,0.00087500002700835466,0.066499999957159162,1.9390000000000001,22.422460000000001,0.205042,3.038875,0.018665999999999999,30.391960999999998,32.653747999924235,821152.87907899998,821152.879954
1526,1679,8193,1,821153.31900000002,821161.765288,821193.57970799995,0.499917,0.4415840000147,0.00058300001546740532,2.8944999999366701,1.940167,26.245044,0.205626,2.7413759999999998,0.022166999999999999,31.827252999999999,40.260707999928854,821162.25237200002,821162.25295500003
1527,1680,8193,1,821161.64800000004,821173.35174800002,821196.90266699996,0.471333,0.41912500001490116,0.00029200001154094934,0.013125000055879354,1.859375,20.982209999999998,0.20824999999999999,2.986084,0.011375,23.560544,35.254666999913752,821173.81345599995,821173.81374799996
1528,1681,8193,1,821169.94900000002,821177.66666500003,821207.07016799995,0.51945799999999998,0.45879199996124953,0.00058300001546740532,0.067666999995708466,1.873958,26.695378000000002,0.20416699999999999,2.8743759999999998,0.020125000000000001,29.416043999999999,37.121167999925092,821178.17328999995,821178.17387299996
1529,1682,8193,1,821178.28300000005,821193.63279199996,821219.46746099996,0.50108299999999995,0.44741600006818771,0.00029200001154094934,0.061832999926991761,1.901375,23.141127000000001,0.21087500000000001,2.8787500000000001,0.0090419999999999997,25.843710999999999,41.184460999909788,821194.12512500002,821194.12541700003
1530,1683,8193,1,821186.65700000001,821196.96945900004,821220.81233600003,0.481541,0.42670800001360476,0.00029199989512562752,0.012250000028871,1.9077919999999999,21.231003000000001,0.19658300000000001,2.925125,0.010792,23.852502000000001,34.155336000025272,821197.44137500005,821197.44166699995
1531,1684,8193,1,821194.97999999998,821207.16671000002,821236.40454599995,0.46695799999999998,0.40862499992363155,0.00058300001546740532,0.066499999957159162,1.9241250000000001,26.548669,0.20766699999999999,2.8924590000000001,0.016333,29.249210999999999,41.42454599996563,821207.62229299999,821207.62287600001
1532,1686,8193,1,821211.65500000003,821219.55758599995,821245.05567200005,0.59966699999999995,0.50137499999254942,0.00058299989905208349,0.060083000105805695,1.849459,22.740376999999999,0.21145800000000001,2.790667,0.013417,25.551461,33.400672000017948,821220.10387800005,821220.10446099995
1533,1687,8193,1,821219.99399999995,821227.38562800002,821252.48938100005,7.0029170000000001,0.42495899996720254,0.00058400002308189869,0.0087499999208375812,1.8911659999999999,22.497419000000001,0.204459,3.0219580000000001,0.016042000000000001,31.638545000000001,32.495381000102498,821227.85375300003,821227.85433700006
1534,1688,8193,1,821228.31799999997,821236.50721199997,821263.09554799995,0.45850099999999999,0.40395900001749396,0.00029100000392645597,0.065625000046566129,1.9145000000000001,23.90296,0.21525,3.1234579999999998,0.018374999999999999,26.597961000000002,34.777547999983653,821236.95608799998,821236.95637899998
1535,1689,8193,1,821236.65399999998,821245.10496300005,821273.59875799995,0.48562499999999997,0.43049999990034848,0.00058300001546740532,2.8463759999722242,1.9658329999999999,22.918293999999999,0.20358399999999999,2.8093330000000001,0.015167,28.502253,36.944757999968715,821245.58213,821245.58271300001
1536,1690,8193,1,821244.98499999999,821252.55354700005,821276.81671699998,0.48358400000000001,0.43137499992735684,0.00029100000392645597,0.0093340000603348017,1.9136249999999999,21.577503,0.21845899999999999,3.0219589999999998,0.019834000000000001,24.271045000000001,31.83171699999366,821253.02925599995,821253.02954699995
1537,1691,8193,1,821253.32799999998,821263.16058999998,821289.37530099996,0.50983299999999998,0.44887500000186265,0.00058300001546740532,0.057459000032395124,1.8684160000000001,23.547711,0.20999999999999999,3.0030009999999998,0.015458,26.229876999999998,36.047300999984145,821263.65525700001,821263.65584000002
1538,1692,8193,1,821261.65899999999,821273.65242499998,821302.62805199996,0.49758400000000003,0.4404159999685362,0.00029100000392645597,0.05950000009033829,1.9707920000000001,26.216752,0.20999999999999999,2.897125,0.011084,28.984086000000001,40.969051999971271,821274.14154999994,821274.14184099995
1539,1693,8193,1,821269.973,821277.39188300003,821304.15463600005,0.97679099999999996,0.45499999995809048,0.00029200001154094934,2.7982499999925494,1.939292,21.302168999999999,0.19658300000000001,2.753333,0.0090410000000000004,27.239626999999999,34.181636000052094,821277.89150799997,821277.89179999998
1540,1694,8193,1,821278.321,821289.42225900001,821318.70472100005,0.529084,0.46433400001842529,0.00029100000392645597,0.049875000026077032,1.8412919999999999,26.632086000000001,0.21379100000000001,2.944375,0.0052500000000000003,29.287420000000001,40.383721000049263,821289.94638500002,821289.94667600002
1541,1696,8193,1,821294.98199999996,821302.70884400001,821331.13759699999,0.51100000000000001,0.41737499996088445,0.00029200001154094934,0.037040999974124134,1.869292,25.772252999999999,0.21058299999999999,2.910542,0.014291999999999999,28.479210999999999,36.155597000033595,821303.16938600002,821303.16967800003
1542,1697,8193,1,821303.31999999995,821310.72326200001,821334.73997200001,6.9932920000000003,0.40862500004004687,0.00058400002308189869,0.01049999997485429,1.877459,21.364877,0.206791,2.8650419999999999,0.018667,30.557335999999999,31.419972000061534,821311.17592800001,821311.17651200003
1543,1698,8193,1,821311.65399999998,821319.04597099999,821348.47951500001,0.75979200000000002,0.40308299998287112,0.00029100000392645597,0.054834000067785382,1.892042,26.787544,0.2135,2.8781669999999999,0.01575,29.746210999999999,36.825515000033192,821319.49338799994,821319.49367899995
1544,1699,8193,1,821319.995,821331.18834700005,821359.81193299999,0.50487499999999996,0.45120799995493144,0.00029200001154094934,0.05454100004862994,1.905751,25.933544000000001,0.201542,2.8758330000000001,0.011083000000000001,28.629128000000001,39.816932999994606,821331.68797199999,821331.688264
1545,1700,8193,1,821328.31799999997,821335.68088899995,821359.85101700004,1.3372919999999999,0.40075000002980232,0.00058300001546740532,0.011959000024944544,1.905459,20.994751999999998,0.205625,3.010875,0.0029169999999999999,25.062628,31.533017000067048,821336.12568099995,821336.12626399996
1546,1701,8193,1,821336.66200000001,821348.53668200003,821380.36655999999,0.51770799999999995,0.45820799993816763,0.00029200001154094934,0.050749999936670065,1.8695839999999999,29.152086000000001,0.21029100000000001,2.7792919999999999,0.022459,31.841837000000002,43.704559999983758,821349.04214000003,821349.04243200005
1547,1702,8193,1,821344.96900000004,821359.92393299995,821385.74576900003,0.46141700000000002,0.40629200008697808,0.00029100000392645597,0.011375000001862645,1.834584,23.303585999999999,0.19570799999999999,2.9843329999999999,0.0081659999999999996,25.832044,40.776768999989145,821360.37514200003,821360.37543300004
1548,1703,8193,1,821353.321,821360.69072499999,821385.90910299995,0.74870899999999996,0.39958299999125302,0.00029100000392645597,0.054541999939829111,1.8882509999999999,22.565085,0.252,2.7349589999999999,0.0035000000000000001,25.524045000000001,32.58810299995821,821361.13376700005,821361.13405800005
1549,1705,8193,1,821369.98100000003,821380.46047699999,821409.38827200001,0.562334,0.46754199999850243,0.00029100000392645597,0.063291999977082014,1.867542,26.249711000000001,0.20183300000000001,3.0345,0.016625000000000001,28.979711999999999,39.407271999982186,821380.97089400003,821380.97118500003
1550,1706,8193,1,821378.31400000001,821385.805269,821409.44281299994,0.466084,0.40920899994671345,0.00029200001154094934,0.011666000005789101,1.8678330000000001,20.888877000000001,0.205042,2.8895420000000001,0.0067089999999999997,23.648336,31.128812999930233,821386.26056099997,821386.26085299999
1551,1707,8193,1,821386.66099999996,821394.068478,821421.056981,8.280125,0.43633399996906519,0.001167000038549304,0.068832999910227954,1.8984589999999999,24.278918999999998,0.21495900000000001,2.784834,0.023625,34.785336000000001,34.395981000037864,821394.55147800001,821394.55264500005
1552,1708,8193,1,821394.98499999999,821409.444563,821433.34898200002,0.41999999999999998,0.36458399996627122,0.00029200001154094934,0.021000000066123903,1.8946670000000001,21.286418999999999,0.21729200000000001,2.8638750000000002,0.011375,23.914919000000001,38.363982000038959,821409.85435499996,821409.85464699997
1553,1709,8193,1,821403.27500000002,821410.757063,821437.57464899996,1.3253330000000001,0.39491699996870011,0.00058399990666657686,0.018083000089973211,1.9745839999999999,24.143001999999999,0.20533299999999999,2.954583,0.020709000000000002,27.703669000000001,34.299648999935016,821411.19631300005,821411.19689699996
1554,1710,8193,1,821411.67200000002,821421.12348099996,821452.01098400005,0.51449999999999996,0.45120800007134676,0.00029100000392645597,0.064459000015631318,1.9220839999999999,28.167418999999999,0.20970800000000001,3.008251,0.0093329999999999993,30.903835999999998,40.338984000030905,821421.62164799997,821421.62193899998
1555,1711,8193,1,821419.96200000006,821433.40119100001,821457.30123500002,0.55270799999999998,0.48766600003000349,0.00058400002308189869,0.018374999985098839,1.891751,21.127752000000001,0.237708,2.8475419999999998,0.016625000000000001,23.910836,37.339234999963082,821433.94310699997,821433.94369099999
1556,1712,8193,1,821428.31799999997,821437.64289899997,821464.62002699997,0.55387500000000001,0.49233400006778538,0.00087500002700835466,0.05775000003632158,1.8762920000000001,24.213001999999999,0.207375,2.957792,0.014874999999999999,26.987919000000002,36.302026999997906,821438.18569099996,821438.18656599999
1557,1713,8193,1,821436.64599999995,821452.06815099996,821478.28490299999,0.513042,0.4631670000962913,0.00029200001154094934,0.0078750000102445483,1.9220839999999999,23.532252,0.203875,2.9032499999999999,0.025958999999999999,26.222586,41.638903000042774,821452.57535900001,821452.57565100002
1558,1714,8193,1,821444.98300000001,821457.40944299998,821483.49611199996,0.54366700000000001,0.48008300003129989,0.00029100000392645597,0.015750000020489097,1.901375,23.311751999999998,0.230708,2.9353340000000001,0.018374999999999999,26.100086000000001,38.513111999956891,821457.93998499995,821457.94027599995
1559,1715,8193,1,821453.277,821464.67894400004,821490.10586300003,0.52033300000000005,0.46083299990277737,0.00029200001154094934,0.06854200002271682,1.935792,22.643834999999999,0.22720899999999999,2.904709,0.025957999999999998,25.438586000000001,36.828863000031561,821465.18761000002,821465.18790200003
1560,1717,8193,1,821469.99600000004,821478.38931999996,821504.58711399999,0.55533299999999997,0.46054200001526624,0.00029200001154094934,0.056290999986231327,1.911,23.473627,0.206792,2.8472499999999998,0.027125,26.249127000000001,34.591113999951631,821478.89361200004,821478.89390400006
1561,1718,8193,1,821478.31700000004,821485.70227899996,821515.36886599998,2.5996260000000002,0.45004200004041195,0.00029100000392645597,0.013125000055879354,1.8847499999999999,26.996376999999999,0.200959,2.999209,0.015167,31.771837000000001,37.051865999936126,821486.19636299997,821486.19665399997
1562,1719,8193,1,821486.65300000005,821494.05823800003,821520.40536600002,4.330959,0.4299170000012964,0.00058300001546740532,0.061249999911524355,1.857917,23.704336000000001,0.20883299999999999,2.7825009999999999,0.023042,30.202670000000001,33.752365999971516,821494.53365500004,821494.53423800005
1563,1720,8193,1,821494.95400000003,821504.63407300005,821533.14653400006,0.46170899999999998,0.4124159999191761,0.00029100000392645597,0.057459000032395124,1.89175,25.841961000000001,0.22429099999999999,2.8183760000000002,0.022457999999999999,28.517420000000001,38.192534000030719,821505.09082299995,821505.09111399995
1564,1721,8193,1,821503.31499999994,821515.48057400004,821542.30661800003,0.51100000000000001,0.45762499992270023,0.00029200001154094934,0.010207999963313341,1.8719170000000001,24.137460999999998,0.214083,2.85425,0.021583999999999999,26.835961000000001,38.991618000087328,821515.98194900004,821515.98224100005
1565,1722,8193,1,821511.64099999995,821520.468658,821547.355369,0.49116599999999999,0.43545800005085766,0.00058299989905208349,0.054834000067785382,1.8949579999999999,24.145043999999999,0.20241700000000001,3.0065,0.033542000000000002,26.893711,35.714369000052102,821520.95311600005,821520.95369899995
1566,1723,8193,1,821519.98899999994,821533.21886699996,821558.93599499995,0.59587500000000004,0.52033400000073016,0.00029200001154094934,0.077583000063896179,1.880376,22.941918999999999,0.205042,2.841126,0.01925,25.735503000000001,38.9469950000057,821533.79636699997,821533.79665899999
1567,1724,8193,1,821528.28700000001,821542.37107700005,821568.99032900005,0.46520800000000001,0.40862499992363155,0.00029200001154094934,2.7708329999586567,1.911,21.240335999999999,0.207375,2.743417,0.016042000000000001,26.629752,40.703329000039957,821542.82578499999,821542.82607700001
1568,1725,8193,1,821536.64199999999,821547.50207699998,821574.52558000002,0.51041700000000001,0.4462500000372529,0.00029200001154094934,0.082832999993115664,1.94075,24.240711000000001,0.21670800000000001,2.9939589999999998,0.028875000000000001,27.038378000000002,37.883580000023358,821547.99732700002,821547.99761900003
1569,1726,8193,1,821544.98400000005,821559.04420300003,821587.894998,0.46170800000000001,0.4054169999435544,0.00029200001154094934,0.014290999970398843,1.9355,26.206253,0.207375,2.9079169999999999,0.018959,28.861003,42.910997999948449,821559.495995,821559.49628700002
1570,1728,8193,1,821561.62,821569.10145399999,821595.63904000004,0.53929199999999999,0.44012499996460974,0.00058300001546740532,0.0099169999593868852,1.8669579999999999,23.954001999999999,0.19541700000000001,2.88225,0.010792,26.593294,34.019040000042878,821569.58503800002,821569.58562100003
1571,1729,8193,1,821569.97699999996,821577.38595499995,821604.24729099998,3.2765840000000002,0.41825000010430813,0.00029199989512562752,0.062708000070415437,1.854125,24.242169000000001,0.22020799999999999,2.711042,0.0043750000000000004,29.674752999999999,34.270291000022553,821577.84941300005,821577.84970499994
1572,1730,8193,1,821578.28099999996,821587.943998,821619.74441799999,0.47308299999999998,0.42379200004506856,0,0.057458000024780631,1.941041,29.086462000000001,0.19950000000000001,2.8729170000000002,0.020709000000000002,31.805669999999999,41.463418000028469,821588.41212300002,821588.41212300002
1573,1731,8193,1,821586.64899999998,821595.68278999999,821619.79137600004,0.46725,0.41387499996926636,0.00029200001154094934,0.031207999913021922,1.886209,21.053668999999999,0.19891600000000001,2.9750009999999998,0.0032079999999999999,24.117919000000001,33.142376000061631,821596.14070700004,821596.14099900005
1574,1732,8193,1,821594.98899999994,821604.28724900004,821630.108794,0.480375,0.42699999990873039,0.00058400002308189869,0.052792000002227724,1.8517920000000001,23.179044000000001,0.221083,2.9434999999999998,0.027708,25.827378,35.119794000056572,821604.76149900001,821604.76208300004
1575,1734,8193,1,821611.63300000003,821619.84154299996,821643.60654499999,0.51683400000000002,0.42437500006053597,0.064750000019557774,0.013415999943390489,1.825834,21.119585000000001,0.205042,2.820417,0.011667,23.816336,31.973544999957085,821620.30704300001,821620.37179300003
1576,1735,8193,1,821619.95200000005,821627.40679299994,821653.48092100001,7.5465840000000002,0.474250000086613,0.001167000038549304,0.058624999946914613,1.856751,23.380002000000001,0.22545799999999999,2.8212920000000001,0.014291,33.097752999999997,33.528920999960974,821627.92946000001,821627.93062700005
1577,1736,8193,1,821628.321,821635.75954400003,821665.65071399999,6.0447930000000003,0.39491699996870011,0.00058300001546740532,0.066208000062033534,1.9381250000000001,27.207836,0.20474999999999999,2.8282919999999998,0.015458,35.497003999999997,37.329713999992236,821636.19850299996,821636.19908599998
1578,1737,8193,1,821636.62300000002,821644.06067000004,821670.70179800002,0.83737499999999998,0.42029199993703514,0.00029100000392645597,0.013125000055879354,1.8214589999999999,24.066877000000002,0.193083,2.9306670000000001,0.018082999999999998,27.012419000000001,34.07879800000228,821644.52646199998,821644.52675299998
1579,1738,8193,1,821644.98999999999,821653.54800399998,821681.66321599996,0.45645799999999997,0.39841699996031821,0.00029200001154094934,0.012541000032797456,1.870458,25.547086,0.207375,2.8784589999999999,0.018667,28.127752999999998,36.673215999966487,821653.99192099995,821653.99221299996
1580,1739,8193,1,821653.31700000004,821665.70350599999,821692.65292499994,0.55649999999999999,0.50429099996108562,0.00087500002700835466,0.015458000008948147,1.862584,24.286210000000001,0.20474999999999999,2.866501,0.0096249999999999999,26.954668999999999,39.335924999904819,821666.25475600001,821666.25563100004
1581,1740,8193,1,821661.65800000005,821670.75721399998,821697.519967,0.49612600000000001,0.44595900003332645,0.00029100000392645597,0.019834000035189092,1.874541,24.087586000000002,0.21554200000000001,3.0202089999999999,0.014583,26.767710999999998,35.861966999946162,821671.24809000001,821671.24838100001
1582,1741,8193,1,821670.00399999996,821681.77754899999,821708.06226000004,0.45179200000000003,0.39404200005810708,0.00029100000392645597,0.053084000013768673,1.9512499999999999,23.593211,0.207375,2.9172500000000001,0.016917000000000001,26.295210999999998,38.058260000078008,821682.21884099999,821682.219132
1583,1742,8193,1,821678.29599999997,821692.70105000003,821719.36901100003,0.56933400000000001,0.50166700000409037,0.00058300001546740532,0.089832999976351857,1.8695839999999999,23.905586,0.20912500000000001,2.8236249999999998,0.016042000000000001,26.677878,41.073011000058614,821693.26046699996,821693.26104999997
1584,1743,8193,1,821686.63300000003,821697.61738399998,821727.04334500001,0.51216700000000004,0.45587499998509884,0.00029200001154094934,0.015458000008948147,1.886792,26.744961,0.21029200000000001,3.038875,0.0081670000000000006,29.435002999999998,40.410344999982044,821698.12050900003,821698.12080100004
1585,1744,8193,1,821694.98499999999,821708.17017699999,821736.41051299998,0.53841700000000003,0.48066600004676729,0.00029100000392645597,0.087792000034824014,1.8445,25.536294000000002,0.20358299999999999,2.885459,0.021583000000000001,28.250544999999999,41.42551299999468,821708.69867700001,821708.69896800001
1586,1746,8193,1,821711.65399999998,821719.46788600006,821745.73013899999,0.547458,0.43429199990350753,0.00029200001154094934,0.011375000001862645,1.882708,23.616835999999999,0.20766699999999999,2.7609170000000001,0.014291999999999999,26.319127999999999,34.076139000011608,821719.95846899995,821719.95876099996
1587,1747,8193,1,821719.97400000005,821727.38401200005,821754.23776499997,0.76300100000000004,0.46199999994132668,0.00029100000392645597,0.01049999997485429,1.8407089999999999,24.226127000000002,0.20300000000000001,2.7763749999999998,0.013125,27.105461999999999,34.263764999923296,821727.89530400001,821727.89559500001
1588,1748,8193,1,821728.32400000002,821736.51142899995,821762.82530699996,0.50808399999999998,0.4579170000506565,0.00029100000392645597,0.058625000063329935,1.873667,23.629085,0.20824999999999999,2.9099590000000002,0.021291999999999998,26.319127999999999,34.501306999940425,821737.01426299999,821737.01455399999
1589,1749,8193,1,821736.65899999999,821745.78438900004,821773.23109999998,0.47804200000000002,0.43108299991581589,0.00029200001154094934,0.010790999978780746,1.911,24.815586,0.20999999999999999,2.9595419999999999,0.0090419999999999997,27.45167,36.572099999990314,821746.25747199997,821746.25776399998
1590,1750,8193,1,821744.98899999994,821754.34247300006,821778.406434,0.450625,0.39491699996870011,0.00029100000392645597,0.0096249999478459358,1.9839169999999999,21.387335,0.21116699999999999,3.0575420000000002,0.016917000000000001,24.074169000000001,33.417434000060894,821754.78289000003,821754.78318100004
1591,1751,8193,1,821753.32299999997,821762.88655699999,821793.22922700003,0.45820899999999998,0.39841699996031821,0.00058300001546740532,0.063874999992549419,1.8935,27.691127999999999,0.20300000000000001,2.9837509999999998,0.024209000000000001,30.352587,39.906227000057697,821763.33484899998,821763.33543199999
1592,1752,8193,1,821761.63100000005,821773.288558,821801.57264400006,0.52266599999999996,0.46287499996833503,0.00029200001154094934,0.052207999979145825,1.8628750000000001,25.624378,0.20708399999999999,2.8134169999999998,0.0078750000000000001,28.295169000000001,39.941644000005908,821773.80014099996,821773.80043299997
1593,1753,8193,1,821769.98499999999,821778.47235000005,821802.43889400002,0.53433299999999995,0.47687499993480742,0.00029100000392645597,0.0099169999593868852,1.835167,21.375084999999999,0.19833400000000001,3.103917,0.0093340000000000003,23.977335,32.453894000034779,821778.99618400005,821778.99647500005
1594,1754,8193,1,821778.31799999997,821793.28435199999,821824.49443800002,0.50166599999999995,0.45062500005587935,0.00058400002308189869,0.054832999943755567,1.9054580000000001,28.445962000000002,0.20854200000000001,2.8959589999999999,0.01925,31.216211000000001,46.176438000053167,821793.77989300003,821793.78047700005
1595,1755,8193,1,821786.65300000005,821801.60589400004,821827.90518899995,0.548041,0.49670899996999651,0.00029200001154094934,0.060375000000931323,1.859084,23.600210000000001,0.199792,2.8980000000000001,0.019542,26.304544,41.25218899990432,821802.14839400002,821802.14868600003
1596,1756,8193,1,821794.95600000001,821802.472144,821827.94602200005,0.45383299999999999,0.4054169999435544,0.00029200001154094934,0.010207999963313341,1.8561669999999999,21.060376999999999,0.206791,2.7717079999999998,0.0032079999999999999,25.478836000000001,32.99002200004179,821802.921019,821802.92131100001
1597,1758,8193,1,821811.62399999995,821824.599438,821850.33581600001,0.579542,0.48416700004599988,0.00029100000392645597,0.056875000009313226,1.873375,23.026793999999999,0.21495900000000001,3.2512089999999998,0.019833,25.787711000000002,38.711816000053659,821825.12764700002,821825.12793800002
1598,1759,8193,1,821819.973,821828.07172999997,821851.70694099995,0.46695799999999998,0.41066699998918921,0.00029200001154094934,0.010207999963313341,1.846541,21.098586000000001,0.201542,2.9784999999999999,0.0093329999999999993,23.644252000000002,31.733940999954939,821828.52935500001,821828.52964700002
1599,1760,8193,1,821828.32299999997,821835.70406400005,821867.81510899996,7.6574169999999997,0.44683399994391948,0.00029200001154094934,0.082249999977648258,1.892917,29.408462,0.20241700000000001,2.9647920000000001,0.014874999999999999,39.273795,39.492108999984339,821836.19873099995,821836.19902299996
1600,1761,8193,1,821836.62600000005,821850.38802399999,821875.84761000006,0.56116699999999997,0.50487499998416752,0.00029100000392645597,0.05162499996367842,1.898458,22.713253000000002,0.20649999999999999,2.91025,0.016333,25.469794,39.221610000007786,821850.938983,821850.939274
1601,1762,8193,1,821844.96600000001,821852.37252400001,821876.04361000005,1.171333,0.47483399999327958,0.00087500002700835466,0.013124999939464033,1.900501,20.961210999999999,0.20854200000000001,2.8790420000000001,0.0049579999999999997,24.295252000000001,31.077610000036657,821852.91969100002,821852.92056600004
1602,1763,8193,1,821853.31799999997,821867.87431800005,821897.441154,0.463167,0.41387499996926636,0.00029200001154094934,3.0727080000797287,1.911292,23.876418999999999,0.21116699999999999,2.928042,0.020708000000000001,29.572669999999999,44.123154000029899,821868.33165099996,821868.33194299997
1603,1764,8193,1,821861.62399999995,821876.05498500005,821901.31594600005,0.46170899999999998,0.40629199997056276,0.019541000016033649,0.0081670000217854977,1.8902920000000001,22.663961,0.202708,3.0295420000000002,0.011665999999999999,25.270002999999999,39.691946000093594,821876.50765199994,821876.52719299996
1604,1765,8193,1,821869.98100000003,821877.34473500005,821901.36611299997,1.2912090000000001,0.4375,0.00029100000392645597,0.013124999939464033,1.962334,20.769877999999999,0.207959,2.8737919999999999,0.0055420000000000001,24.831336,31.385112999938428,821877.825694,821877.825985
1605,1767,8193,1,821886.65000000002,821897.54177899996,821926.85748999997,0.57604100000000003,0.47979200002737343,0.00058400002308189869,0.057458000024780631,1.9075,26.577252000000001,0.21174999999999999,2.853084,0.016917000000000001,29.367919000000001,40.207489999942482,821898.06561199995,821898.06619599997
1606,1768,8193,1,821894.95299999998,821902.374404,821928.56519899995,1.4469590000000001,0.38966700003948063,0,0.0096250000642612576,1.7949170000000001,23.732627000000001,0.19425000000000001,2.8239169999999998,0.0093329999999999993,27.202294999999999,33.612198999966495,821902.81015399995,821902.81015399995
1607,1769,8193,1,821903.30799999996,821910.71898899996,821942.01395000005,8.3868760000000009,0.44070800009649247,0.00058299989905208349,0.059792000101879239,1.8660829999999999,28.630586999999998,0.207958,2.870584,0.030332999999999999,39.196212000000003,38.705950000090525,821911.20461400005,821911.20519699994
1608,1770,8193,1,821911.65000000002,821926.90036500001,821956.079868,0.55329099999999998,0.50429199996870011,0.00058400002308189869,0.052499999990686774,1.8328329999999999,26.501418999999999,0.20591699999999999,2.8230420000000001,0.017500000000000002,29.184169000000001,44.429867999977432,821927.44898999995,821927.44957399997
1609,1771,8193,1,821919.98600000003,821928.59757400001,821956.11370099999,0.43895800000000001,0.38966600003186613,0.00029200001154094934,0.01049999997485429,1.8996249999999999,21.197168999999999,0.21495800000000001,2.6684580000000002,0.0026250000000000002,27.521377000000001,36.127700999961235,821929.03128200001,821929.03157400002
1610,1772,8193,1,821928.31799999997,821942.06703300006,821970.58299499995,0.50108299999999995,0.45033399993553758,0.00029200001154094934,0.05162499996367842,1.8765829999999999,25.792086000000001,0.21087500000000001,2.851334,0.014583,28.521795000000001,42.264994999975897,821942.56228299998,821942.56257499999
1611,1774,8193,1,821944.99399999995,821956.18253500003,821982.61249600002,0.51012500000000005,0.4170829999493435,0.00029199989512562752,0.01195800001733005,1.8001670000000001,23.900044000000001,0.2135,2.6745830000000002,0.017791999999999999,26.475460999999999,37.618496000068262,821956.64716000005,821956.64745199995
1612,1775,8193,1,821953.32200000004,821960.69753500004,821986.87199599994,4.5152919999999996,0.43312499998137355,0.00029100000392645597,0.081959000090137124,1.84975,23.518836,0.20883299999999999,2.8907090000000002,0.021000000000000001,30.214335999999999,33.549995999899693,821961.17324399995,821961.17353499995
1613,1776,8193,1,821961.66099999996,821970.64307800005,821996.92516400001,0.48416700000000001,0.42699999990873039,0.00029200001154094934,0.060958000016398728,1.9203330000000001,23.595544,0.20358299999999999,2.9557500000000001,0.01225,26.292878000000002,35.264164000051096,821971.116453,821971.11674500001
1614,1777,8193,1,821969.94900000002,821982.71603699995,822006.73858200002,0.561751,0.49145900004077703,0.00087500002700835466,0.013999999966472387,1.9512499999999999,21.254628,0.21087500000000001,2.9583750000000002,0.016333,24.031877999999999,36.789581999997608,821983.268163,821983.26903800003
1615,1778,8193,1,821978.32200000004,821987.02803799999,822016.30174899998,0.49087500000000001,0.43050000001676381,0.00058300001546740532,2.8501669999677688,1.9486250000000001,23.741961,0.20883299999999999,2.8125420000000001,0.020125000000000001,29.284794000000002,37.979748999932781,821987.50783000002,821987.50841300003
1616,1779,8193,1,821986.65099999995,821996.96833099995,822026.00054200005,0.520042,0.46404099999926984,0.00029200001154094934,2.8714590000454336,1.8847499999999999,23.522335999999999,0.21904199999999999,2.7845420000000001,0.0087500000000000008,29.042128000000002,39.349542000098154,821997.47874699999,821997.479039
1617,1780,8193,1,821994.99300000002,822006.854957,822030.13550099998,0.46637499999999998,0.41066599998157471,0.00058300001546740532,0.014583999989554286,1.903708,20.619961,0.21962499999999999,2.9580829999999998,0.0096249999999999999,23.291336000000001,35.142500999965705,822007.31053999998,822007.31112299999
1618,1781,8193,1,822003.31799999997,822016.35745799995,822042.36625199998,0.51158300000000001,0.45004100003279746,0.00029200001154094934,0.058625000063329935,1.883292,23.328959999999999,0.20416699999999999,2.960709,0.01575,26.022794000000001,39.048252000007778,822016.85504099994,822016.85533299996
1619,1782,8193,1,822011.65300000005,822026.05391699995,822051.69025300001,0.562917,0.49175000004470348,0.00058400002308189869,0.01195800001733005,2.002875,22.821460999999999,0.20883299999999999,2.8644579999999999,0.011958,25.648002999999999,40.037252999958582,822026.60487499996,822026.60545899998
1620,1783,8193,1,822019.98699999996,822030.22970899998,822054.37796099996,0.54541700000000004,0.48387500003445894,0.00029200001154094934,0.015167000005021691,1.8967080000000001,21.434003000000001,0.247917,2.9464169999999998,0.013125,24.162251999999999,34.390960999997333,822030.76141699997,822030.76170899998
1621,1784,8193,1,822028.348,822042.42400200001,822076.61521399999,0.46404200000000001,0.40687499998603016,0.00029100000392645597,2.7775419999379665,1.9075,28.807044999999999,0.19833300000000001,2.7486670000000002,0.0081670000000000006,34.202294999999999,48.267213999992236,822042.87666900002,822042.87696000002
1622,1785,8193,1,822036.60999999999,822051.74596099998,822076.64087999996,0.55270799999999998,0.49379199999384582,0.00029200001154094934,0.056582999997772276,1.882125,22.129044,0.203292,2.9070420000000001,0.0026250000000000002,24.903669000000001,40.030879999976605,822052.289919,822052.29021100001
1623,1786,8193,1,822044.98499999999,822054.48733599996,822079.28454699996,0.46841699999999997,0.41008400009013712,0.00029100000392645597,0.0090419999323785305,1.844209,21.482126999999998,0.19716700000000001,2.8151670000000002,0.013709000000000001,24.806543999999999,34.299546999973245,822054.94642000005,822054.94671100006
1624,1788,8193,1,822061.61800000002,822076.69279700005,822106.01259199996,0.61162499999999997,0.47191699990071356,0.00029199989512562752,0.05775000003632158,1.8310839999999999,26.639961,0.19716600000000001,3.0983749999999999,0.018083999999999999,29.373169999999998,44.394591999938712,822077.25104700006,822077.25133899995
1625,1789,8193,1,822069.98699999996,822077.37763,822106.05721700005,0.57429200000000002,0.41533400001935661,0.00029100000392645597,1.4895419999957085,1.9075,22.782959999999999,0.20912500000000001,2.6512500000000001,0.0029169999999999999,28.796544999999998,36.070217000087723,822077.83496400004,822077.83525500004
1626,1790,8193,1,822078.31700000004,822085.71200599999,822109.44084199995,6.8713749999999996,0.43050000001676381,0.00058400002308189869,0.014582999981939793,1.864625,21.147293999999999,0.199208,3.0356670000000001,0.0058329999999999996,30.119544000000001,31.123841999913566,822086.19238100003,822086.19296500005
1627,1792,8193,1,822094.98499999999,822106.11059199995,822135.27142799995,0.48854199999999998,0.39287500001955777,0.024499999941326678,0.069125000038184226,1.869,26.518919,0.203875,2.8533759999999999,0.022166999999999999,29.213045000000001,40.286427999963053,822106.54692500003,822106.57142499997
1628,1793,8193,1,822103.31900000002,822110.71163399995,822137.868136,4.5677919999999999,0.38995800004340708,0.00058300001546740532,0.064459000015631318,1.821167,22.852377000000001,0.206209,2.8107920000000002,0.0084580000000000002,31.287960999999999,34.549135999986902,822111.14796700003,822111.14855000004
1629,1794,8193,1,822111.652,822119.06671799999,822142.93847000005,8.3766680000000004,0.42816700006369501,0.00058300001546740532,0.017499999958090484,1.8990419999999999,21.263376999999998,0.193666,2.9569169999999998,0.0064159999999999998,31.775628000000001,31.286470000050031,822119.53951000003,822119.54009300005
1630,1795,8193,1,822119.99800000002,822135.32538599998,822164.59209699999,0.50691699999999995,0.44916700001340359,0.00029200001154094934,0.052792000002227724,1.8765829999999999,26.602043999999999,0.198042,3.1272500000000001,0.024792000000000002,29.276918999999999,44.594096999964677,822135.82238599996,822135.82267799997
1631,1796,8193,1,822128.32700000005,822137.90459499997,822164.65334700001,0.54920899999999995,0.49583300005178899,0.00029100000392645597,0.062999999965541065,1.9381250000000001,22.820876999999999,0.21233299999999999,2.8151670000000002,0.0075830000000000003,26.757211000000002,36.326346999965608,822138.44534500001,822138.44563600002
1632,1797,8193,1,822136.64000000001,822144.07888699998,822171.56964,1.631292,0.47600000002421439,0.00058300001546740532,0.014000000082887709,1.9314169999999999,23.032919,0.19658300000000001,3.1645829999999999,0.016334000000000001,28.602295000000002,34.929639999987558,822144.59863699996,822144.59921999997
1633,1799,8193,1,822153.32700000005,822164.68718100002,822191.94343300001,0.49437500000000001,0.40599999995902181,0.00058399990666657686,0.057166000013239682,1.838376,24.612003000000001,0.21787500000000001,2.848125,0.015166000000000001,27.300877,38.616432999959216,822165.13722200005,822165.13780599996
1634,1800,8193,1,822161.65800000005,822169.04847299994,822194.90297499998,4.402126,0.44945800001733005,0.00058300001546740532,0.064457999891601503,1.8614170000000001,23.183419000000001,0.20999999999999999,2.7022919999999999,0.01925,29.755835999999999,33.244974999921396,822169.54926500004,822169.54984800005
1635,1801,8193,1,822169.98699999996,822177.39247399999,822201.48151800002,6.2644169999999999,0.44304100004956126,0.00029100000392645597,0.012250000028871,1.957376,21.386752000000001,0.202709,2.9265840000000001,0.011375,29.868127999999999,31.494518000050448,822177.87809899997,822177.87838999997
1636,1802,8193,1,822178.33600000001,822192.00380900002,822220.84410300001,0.52733399999999997,0.47016599995549768,0.00058300001546740532,0.056582999997772276,1.88825,26.131001999999999,0.21087500000000001,5.5110419999999998,0.017208000000000001,28.851085999999999,42.508103000000119,822192.520059,822192.52064200002
1637,1803,8193,1,822186.66799999995,822194.95751700003,822221.40060299996,0.60637600000000003,0.55475000001024455,0.00029100000392645597,0.0081669999053701758,1.907208,23.668168999999999,0.23741599999999999,2.9735420000000001,0.0055409999999999999,26.449210999999998,34.732603000011295,822195.55747600005,822195.55776700005
1638,1804,8193,1,822194.99600000004,822202.39589299995,822231.24318700004,1.3965000000000001,0.47250000003259629,0.00058400002308189869,0.012250000028871,1.8625830000000001,26.216460999999999,0.19745799999999999,2.8061259999999999,0.01575,29.725211000000002,36.247187000000849,822202.91447600001,822202.91506000003
1639,1806,8193,1,822211.66399999999,822220.93656099995,822246.34568899998,0.50983299999999998,0.41825000010430813,0.00029200001154094934,0.15137500001583248,1.830792,22.720835000000001,0.20970800000000001,2.862708,0.013708,25.455210999999998,34.681688999990001,822221.40060299996,822221.40089499997
1640,1807,8193,1,822219.98800000001,822227.39931200002,822253.84794000001,6.4242499999999998,0.49145800003316253,0.00029200001154094934,0.069417000049725175,1.8643339999999999,23.678377000000001,0.222833,2.7903760000000002,0.010208999999999999,32.335920000000002,33.859939999994822,822227.93626999995,822227.93656199996
1641,1808,8193,1,822228.32799999998,822235.73602099996,822260.58456500003,4.8407920000000004,0.46141700004227459,0.00029200001154094934,0.0081669999053701758,1.868417,22.233751999999999,0.20358299999999999,2.9540000000000002,0.016625000000000001,29.185336,32.256565000046976,822236.24002100003,822236.24031300005
1642,1809,8193,1,822236.62300000002,822246.39964700001,822271.34910800005,0.623583,0.56349999993108213,0.00029200001154094934,0.06358299998100847,1.915084,22.111834999999999,0.20970900000000001,3.0625,0.015459000000000001,24.957919,34.726108000031672,822247.01477200002,822247.01506400004
1643,1810,8193,1,822244.98100000003,822253.89431500004,822280.35169200005,0.52033399999999996,0.46287499996833503,0.00029100000392645597,0.069999999948777258,1.883,23.741669000000002,0.217584,2.9615840000000002,0.021291000000000001,26.468461000000001,35.370692000025883,822254.40356500004,822254.40385600005
1644,1811,8193,1,822253.31099999999,822260.72019000002,822285.38906800002,0.58683300000000005,0.46141699992585927,0.00029200001154094934,0.014874999993480742,1.8943749999999999,22.015878000000001,0.20358299999999999,2.9303750000000002,0.016041,24.749960999999999,32.078068000031635,822261.22594000003,822261.22623200004
1645,1812,8193,1,822261.64000000001,822271.42056600004,822297.98586100002,0.454708,0.39491699996870011,0.00058400002308189869,0.058915999950841069,1.934042,23.877877000000002,0.217,3.2366250000000001,0.016625000000000001,26.576086,36.345861000008881,822271.86448300001,822271.86506700004
1646,1813,8193,1,822269.99100000004,822280.40652600001,822306.40977799997,0.454125,0.40454100002534688,0.00029100000392645597,0.060083999997004867,1.8993340000000001,23.349668999999999,0.21379100000000001,2.9502079999999999,0.01575,26.008502,36.418777999933809,822280.85540100001,822280.85569200001
1647,1814,8193,1,822278.29500000004,822285.72506800003,822312.39740400005,0.77029199999999998,0.43050000001676381,0.00029200001154094934,0.015750000020489097,1.8993329999999999,23.994544000000001,0.20912500000000001,2.8603749999999999,0.018667,26.967503000000001,34.102404000004753,822286.20019300003,822286.20048500004
1648,1815,8193,1,822286.66000000003,822298.13431899995,822329.37153100001,0.579542,0.51275000011082739,0.00029200001154094934,0.059207999962382019,1.9048750000000001,28.452669,0.20941699999999999,2.8895420000000001,0.025083000000000001,31.252669999999998,42.711530999979004,822298.69869400002,822298.69898600003
1649,1816,8193,1,822294.973,822306.46782000002,822332.52065600001,0.59820799999999996,0.53695799992419779,0.00029200001154094934,0.053375000017695129,1.839834,23.342376999999999,0.202708,2.8501669999999999,0.01225,26.062460999999999,37.547656000009738,822307.05640300002,822307.05669500004
1650,1817,8193,1,822303.33700000006,822312.45777900005,822336.38261500001,0.56787500000000002,0.51858299993909895,0.00029199989512562752,0.012833000044338405,1.8407089999999999,21.295459999999999,0.193083,2.819833,0.0096249999999999999,23.930085999999999,33.045614999951795,822313.02011200006,822313.02040399995
1651,1819,8193,1,822319.94299999997,822329.48032199999,822357.34090800001,0.64458300000000002,0.54162499995436519,0.00029200001154094934,0.011666000005789101,1.9419169999999999,25.011293999999999,0.22079199999999999,3.389167,0.016917000000000001,27.916001999999999,37.397908000042662,822330.06948900002,822330.06978100003
1652,1820,8193,1,822328.28200000001,822335.677073,822362.40890899999,3.619875,0.45762500003911555,0.00029200001154094934,0.051916000084020197,1.823501,24.057544,0.21787500000000001,2.7941669999999998,0.017791000000000001,29.847711,34.126908999984153,822336.18107299996,822336.18136499997
1653,1821,8193,1,822336.65599999996,822344.06336499995,822368.43007600005,8.158792,0.4701670000795275,0.00058400002308189869,0.0093330000527203083,1.862001,21.746085000000001,0.207958,2.8559999999999999,0.013416000000000001,32.011878000000003,31.774076000088826,822344.57698999997,822344.577574
1654,1822,8193,1,822344.99800000002,822357.393408,822386.33082799998,0.53433299999999995,0.48416700004599988,0.00029200001154094934,0.066499999957159162,1.9185829999999999,26.141794999999998,0.22370799999999999,2.9557500000000001,0.036457999999999997,28.942961,41.332827999955043,822357.92220000003,822357.92249200004
1655,1823,8193,1,822353.30099999998,822362.46315900004,822387.87724499998,0.59908300000000003,0.54133299994282424,0.00058299989905208349,0.011959000024944544,1.880959,22.709752000000002,0.19950000000000001,3.1033339999999998,0.0093329999999999993,25.424294,34.576245000003837,822363.05203400005,822363.05261699995
1656,1824,8193,1,822361.65500000003,822369.06707600004,822392.99453699996,1.00275,0.46374999999534339,0.00029100000392645597,0.0078750000102445483,1.8506260000000001,21.299543,0.19775000000000001,2.7988330000000001,0.0078750000000000001,24.423877000000001,31.339536999934353,822369.57340999995,822369.57370099996
1657,1826,8193,1,822378.31799999997,822386.43145300006,822416.57899800001,0.58799999999999997,0.49816699989605695,0.00029200001154094934,0.05629199999384582,1.8550009999999999,27.437669,0.214666,3.3944169999999998,0.024792000000000002,30.193919999999999,38.260998000041582,822386.97366100003,822386.97395300004
1658,1827,8193,1,822386.66000000003,822394.010412,822419.83487300004,6.5292510000000004,0.37945899995975196,0.00029200001154094934,0.058624999946914613,1.827,23.293959999999998,0.20125000000000001,2.663208,0.0043750000000000004,31.930795,33.174873000010848,822394.43332900002,822394.43362100003
1659,1828,8193,1,822394.98699999996,822402.42266299995,822426.94074899994,8.4991669999999999,0.46345800010021776,0.00058399990666657686,0.010208000079728663,1.8608340000000001,21.823377000000001,0.21787500000000001,2.8735010000000001,0.018959,32.496920000000003,31.953748999978416,822402.94299600006,822402.94357999996
1660,1829,8193,1,822403.31099999999,822416.63266400003,822442.55075000005,0.47920800000000002,0.42349999991711229,0.00029200001154094934,0.058333000051788986,1.8943760000000001,23.242336000000002,0.208541,5.5673339999999998,0.027709000000000001,25.928294000000001,39.239750000066124,822417.10166399996,822417.10195599997
1661,1830,8193,1,822411.62699999998,822419.87279000005,822445.54558399995,0.59354099999999999,0.53316599992103875,0.00029200001154094934,0.0093330000527203083,1.881542,22.950378000000001,0.219917,3.0595840000000001,0.010792,25.677168999999999,33.918583999969997,822420.46195599996,822420.46224799997
1662,1831,8193,1,822419.973,822427.39224900003,822451.45387600001,0.84145899999999996,0.43545799993444234,0.00029100000392645597,0.011667000013403594,1.9282090000000001,21.406293999999999,0.21379200000000001,3.2625839999999999,0.01225,24.424168999999999,31.480876000015996,822427.87116600003,822427.87145700003
1663,1832,8193,1,822428.32499999995,822442.66887499997,822467.64283599996,0.48183300000000001,0.42729200003668666,0.001167000038549304,0.015458000008948147,1.9792510000000001,22.255627,0.21233299999999999,5.5941669999999997,0.020709000000000002,24.983294000000001,39.317836000001989,822443.14137500001,822443.14254200005
1664,1833,8193,1,822436.65599999996,822445.59166699997,822470.959087,0.58362499999999995,0.52850000001490116,0.00029100000392645597,0.0064170000841841102,1.905459,22.647627,0.205625,2.9012090000000001,0.013708,25.374711000000001,34.303087000036612,822446.16800099995,822446.16829199996
1665,1834,8193,1,822444.98499999999,822452.39595999999,822475.46271200001,1.350125,0.4170829999493435,0.00058300001546740532,0.010207999963313341,1.869,20.498335000000001,0.20358299999999999,2.9143330000000001,0.013416000000000001,23.955459999999999,30.477712000021711,822452.85708500003,822452.85766800004
1666,1835,8193,1,822453.32499999995,822467.69767000002,822493.58483900002,0.504,0.44799999997485429,0.00058400002308189869,0.013415999943390489,1.964083,23.116627999999999,0.2135,5.5477920000000003,0.015167,25.897378,40.259839000063948,822468.19146100001,822468.19204500003
1667,1836,8193,1,822461.61100000003,822471.01100299996,822496.247172,0.57225000000000004,0.50195900001563132,0.00058399990666657686,0.0099160000681877136,1.912166,22.474377,0.247333,2.9735420000000001,0.017791999999999999,25.247253000000001,34.63617199996952,822471.57187800005,822471.57246199995
1668,1837,8193,1,822470.01000000001,822477.40637900005,822501.48113099998,2.3088329999999999,0.46783300000242889,0.00058400002308189869,0.012833000044338405,1.8754169999999999,21.439544000000001,0.20999999999999999,3.269876,0.013417,25.870252000000001,31.471130999969319,822477.91971199994,822477.92029599997
1669,1838,8193,1,822478.30799999996,822493.63879700005,822519.57263299997,0.48154200000000003,0.43283399997744709,0.00029200001154094934,0.059207999962382019,1.9282090000000001,23.223085999999999,0.20970800000000001,5.5113339999999997,0.018082999999999998,25.938503000000001,41.264633000013418,822494.11567199999,822494.115964
1670,1839,8193,1,822486.67000000004,822496.35158899997,822521.80796699994,0.58595900000000001,0.52645800006575882,0.00029100000392645597,0.012542000040411949,1.9179999999999999,22.725211000000002,0.204458,3.0359579999999999,0.0093329999999999993,25.468045,35.137966999900527,822496.925881,822496.92617200001
1671,1840,8193,1,822494.98800000001,822502.40513099998,822526.27250900003,1.3495410000000001,0.49408400000538677,0.00029200001154094934,0.0084580000257119536,1.9314169999999999,21.126002,0.19600000000000001,3.0788340000000001,0.0081670000000000006,24.677918999999999,31.28450900001917,822502.94442299998,822502.94471499999
1672,1842,8193,1,822511.63300000003,822519.67325800005,822545.93813599995,0.58712500000000001,0.48387499991804361,0.00029100000392645597,0.012250000028871,1.8949590000000001,23.576294000000001,0.20649999999999999,3.4950420000000002,0.01925,26.316210999999999,34.305135999922641,822520.20904999995,822520.20934099995
1673,1843,8193,1,822519.99300000002,822527.37442600005,822553.29863600002,5.9616680000000004,0.38616599992383271,0.00058300001546740532,0.058333000051788986,1.882417,23.302126999999999,0.22516700000000001,2.7886250000000001,0.0090410000000000004,31.455378,33.305636000004597,822527.80492599995,822527.80550899997
1674,1844,8193,1,822528.32200000004,822535.73446800001,822560.060054,8.3545010000000008,0.39258300000801682,0.00029100000392645597,0.018666999996639788,1.8949579999999999,21.687169000000001,0.21379200000000001,2.8420000000000001,0.016625000000000001,32.244337000000002,31.738053999957629,822536.17050999997,822536.17080099997
1675,1845,8193,1,822536.63,822545.99792700005,822571.93351300003,0.65041700000000002,0.57312499999534339,0.00029100000392645597,0.056874999892897904,1.9215,23.072002999999999,0.20854200000000001,2.975292,0.019540999999999999,25.944918999999999,35.303513000020757,822546.63901100005,822546.63930200005
1676,1846,8193,1,822544.99199999997,822553.37476100004,822579.41301400005,0.49204199999999998,0.43400099989958107,0.00058400002308189869,0.064458000008016825,1.8759999999999999,23.381169,0.20941699999999999,2.7991250000000001,0.0087500000000000008,26.049627999999998,34.421014000079595,822553.85542799998,822553.856012
1677,1847,8193,1,822553.326,822560.74138699996,822587.41955700004,1.0669169999999999,0.43779200001154095,0.00029200001154094934,2.7588749999413267,1.9661249999999999,21.243544,0.203292,2.7174580000000002,0.010792,27.263545000000001,34.093557000043802,822561.22292900004,822561.22322100005
1678,1848,8193,1,822561.65800000005,822572.079638,822600.17239099997,0.58566600000000002,0.52966700005345047,0.00029200001154094934,0.05775000003632158,1.9468749999999999,25.209043999999999,0.21262600000000001,2.9615840000000002,0.019833,28.100919000000001,38.514390999916941,822572.65713800001,822572.65743000002
1679,1849,8193,1,822569.98800000001,822579.45443100005,822605.14035,0.48591699999999999,0.42291599989403039,0.00087500002700835466,0.028291999944485724,1.9322919999999999,22.960877,0.20300000000000001,3.0076670000000001,0.019833,25.695253000000001,35.152349999989383,822579.93101399997,822579.931889
1680,1850,8193,1,822578.32299999997,822587.49976499996,822614.90330899996,0.57487500000000002,0.51041700004134327,0.00058400002308189869,0.011082999990321696,1.8418749999999999,24.704460999999998,0.20649999999999999,2.9586670000000002,0.016042000000000001,27.416086,36.580308999982662,822588.06209799997,822588.06268199999
1681,1851,8193,1,822586.652,822600.23305799998,822626.18964400003,0.48270800000000003,0.42291700001806021,0.00058400002308189869,0.062415999942459166,1.9095420000000001,23.258669000000001,0.217,2.9863749999999998,0.016334000000000001,25.967960999999999,39.537644000025466,822600.70439099998,822600.704975
1682,1852,8193,1,822594.95200000005,822605.19955799996,822631.63068599999,0.62562499999999999,0.56612500001210719,0.00029200001154094934,0.068833000026643276,1.8564579999999999,23.657961,0.20649999999999999,2.8317920000000001,0.010500000000000001,26.442793999999999,36.678685999941081,822605.81380799995,822605.81409999996
1683,1853,8193,1,822603.32299999997,822614.96280900005,822639.50772800006,0.498166,0.44012499996460974,0.00029200001154094934,0.011375000001862645,1.8666670000000001,21.932461,0.20912500000000001,3.0750419999999998,0.017500000000000002,24.558335,36.184728000080213,822615.44755899999,822615.447851
1684,1854,8193,1,822611.65399999998,822626.24651900004,822651.29456299997,0.54833399999999999,0.48737499990966171,0.00029100000392645597,0.058333999942988157,1.945125,22.192627000000002,0.22516600000000001,2.953125,0.01575,25.057378,39.640562999993563,822626.78581100004,822626.78610200004
1685,1855,8193,1,822620.00300000003,822631.70010300004,822657.26323000004,0.46200000000000002,0.4042499999050051,0.00058400002308189869,0.055124999955296516,1.9197500000000001,22.847709999999999,0.20066700000000001,3.0175830000000001,0.023042,25.573920000000001,37.260230000014417,822632.15101899998,822632.15160300001
1686,1856,8193,1,822628.31999999995,822639.57247799996,822667.07548100001,0.62533399999999995,0.56612600001972169,0.00029100000392645597,0.015459000016562641,1.9016660000000001,24.686961,0.20300000000000001,2.986084,0.016625000000000001,27.513210999999998,38.755481000058353,822640.18760399998,822640.18789499998
1687,1857,8193,1,822636.61100000003,822651.35318800004,822679.12014899997,0.57633299999999998,0.5188749999506399,0.00029200001154094934,0.062999999965541065,1.94075,24.933419000000001,0.22516600000000001,2.8982920000000001,0.023040999999999999,27.778044000000001,42.509148999932222,822651.91843800002,822651.91873000003
1688,1858,8193,1,822644.98899999994,822657.32564699999,822683.92769100005,0.65800000000000003,0.59587499999906868,0.00029100000392645597,0.068250000011175871,1.849459,23.797377000000001,0.206208,2.8612510000000002,0.010500000000000001,26.614294000000001,38.938691000104882,822657.97168900003,822657.97198000003
1689,1859,8193,1,822653.32200000004,822667.12914800004,822691.25960899994,0.49087500000000001,0.43604199995752424,0.00029100000392645597,0.01049999997485429,1.8331249999999999,21.520627999999999,0.20474999999999999,2.8058329999999998,0.015458,24.138919000000001,37.937608999898657,822667.61156500003,822667.61185600003
1690,1861,8193,1,822669.98600000003,822679.24148199998,822707.36281900003,0.63233300000000003,0.5276259999955073,0.00029200001154094934,0.053958000033162534,1.9751669999999999,25.252210999999999,0.21379200000000001,2.8781669999999999,0.035874999999999997,28.181128000000001,37.37681899999734,822679.81431599997,822679.81460799999
1691,1862,8193,1,822678.32799999998,822685.73835799994,822711.58469399996,2.2618749999999999,0.45500000007450581,0.00029199989512562752,0.056000000098720193,1.8660829999999999,23.188960999999999,0.205042,2.8609580000000001,0.0096249999999999999,27.606836000000001,33.256693999981508,822686.23973300005,822686.24002499995
1692,1863,8193,1,822686.66899999999,822694.03802600002,822718.08477800002,3.222334,0.49641599995084107,0.00029100000392645597,0.01049999997485429,1.8765829999999999,21.374794000000001,0.214083,3.2885420000000001,0.014583,26.730086,31.415778000024147,822694.57702600001,822694.57731700002
1693,1864,8193,1,822694.99899999995,822707.46169400006,822733.25815500005,0.51712499999999995,0.46054099989123642,0.00029200001154094934,0.055999999982304871,2.0200840000000002,22.974294,0.19512499999999999,3.009417,0.023042,25.806377999999999,38.259155000094324,822707.96890199999,822707.969194
1694,1865,8193,1,822703.31999999995,822711.75240200001,822738.05169700005,0.60170800000000002,0.53666700003668666,0.00058400002308189869,0.054832999943755567,1.972542,23.463711,0.19745799999999999,2.8947919999999998,0.011083000000000001,26.316503000000001,34.731697000097483,822712.33690200001,822712.33748600003
1695,1866,8193,1,822711.66000000003,822719.04786100006,822743.19028099999,1.3545,0.45266699988860637,0.00029200001154094934,0.012541000032797456,1.9285000000000001,21.457044,0.21320900000000001,2.8236249999999998,0.018374999999999999,24.998460999999999,31.530280999955721,822719.54631999996,822719.54661199998
1696,1867,8193,1,822720.00300000003,822733.31590499997,822759.73886599997,0.56000000000000005,0.49670800007879734,0.00029200001154094934,0.05162499996367842,1.9518340000000001,23.608961000000001,0.21875,3.08175,0.025958999999999999,26.438420000000001,39.735865999944508,822733.86073800002,822733.86103000003
1697,1868,8193,1,822728.32299999997,822738.12636300002,822764.23811599996,0.49962499999999999,0.44508400000631809,0,0.013707999954931438,1.9564999999999999,23.329543999999999,0.22429099999999999,2.9157920000000002,0.01925,26.121085999999998,35.915115999989212,822738.61694700003,822738.61694700003
1698,1869,8193,1,822736.647,822744.11165600002,822771.09549199999,1.3241670000000001,0.40279099997133017,0.00029199989512562752,0.013125000055879354,1.977792,24.263461,0.206209,2.9009170000000002,0.017500000000000002,27.862044999999998,34.448491999995895,822744.55761400005,822744.55790599994
1699,1870,8193,1,822745,822759.79369900003,822785.90720200003,0.54045799999999999,0.47570800001267344,0.00029100000392645597,0.069125000038184226,1.864625,23.410627000000002,0.20533399999999999,2.8533750000000002,0.01575,26.127210999999999,40.907202000031248,822760.320741,822760.32103200001
1700,1871,8193,1,822753.32799999998,822764.30986599997,822790.25507700001,0.51683299999999999,0.4462500000372529,0.00058399990666657686,0.074666000087745488,1.9331670000000001,23.207628,0.20854200000000001,2.9983330000000001,0.011665999999999999,25.965336000000001,36.927077000029385,822764.80657400005,822764.80715799995
1701,1872,8193,1,822761.65300000005,822771.16782500001,822796.51774399995,0.52383299999999999,0.46637499995995313,0.00029200001154094934,0.0081670000217854977,1.8841669999999999,21.120169000000001,0.205625,2.914917,0.011375,25.361294000000001,34.864743999904022,822771.68028299999,822771.68057500001
1702,1874,8193,1,822778.32299999997,822786.00607700006,822814.452621,0.53404200000000002,0.43954099994152784,0.00058300001546740532,2.7116249999962747,1.917125,23.083085000000001,0.21875,2.6850839999999998,0.018665999999999999,28.498460999999999,36.129621000029147,822786.48820200004,822786.48878500005
1703,1875,8193,1,822786.63,822794.05316100002,822819.49699699995,4.2347089999999996,0.4363329999614507,0.00029100000392645597,0.054542000056244433,1.8427500000000001,22.835460999999999,0.203875,2.880792,0.0075839999999999996,29.197295,32.866996999946423,822794.53441099997,822794.53470199998
1704,1876,8193,1,822794.99600000004,822802.36070299998,822826.52791399998,6.3280010000000004,0.47424999997019768,0.00058300001546740532,0.014291999978013337,1.8666670000000001,21.524709999999999,0.214667,3.1255000000000002,0.010792,29.973420000000001,31.531913999933749,822802.88249500003,822802.88307800004
1705,1877,8193,1,822803.32900000003,822814.56432899996,822840.60695699998,0.55708299999999999,0.49962500005494803,0.00029200001154094934,0.057167000020854175,1.978667,23.150753000000002,0.22020899999999999,3.0097079999999998,0.016333,26.051960999999999,37.277956999954768,822815.11207899998,822815.112371
1706,1878,8193,1,822811.62699999998,822819.55970500002,822846.14629099995,0.52791699999999997,0.46695799997542053,0.00029100000392645597,0.071166999987326562,1.930542,23.779294,0.20416699999999999,3.018751,0.017791000000000001,26.597377999999999,34.519290999975055,822820.07712200005,822820.07741300005
1707,1879,8193,1,822819.98400000005,822827.39766400005,822854.27008299995,1.2973330000000001,0.44362499995622784,0.00029200001154094934,0.01633299991954118,1.882417,24.201335,0.20533299999999999,3.1080009999999998,0.016041,27.680043999999999,34.286082999897189,822827.88737200003,822827.88766400004
1708,1880,8193,1,822828.32700000005,822840.66616499994,822866.68283499999,0.53520900000000005,0.47716700006276369,0.00029100000392645597,0.056583999888971448,1.9171260000000001,23.254002,0.2205,2.9198759999999999,0.022166999999999999,26.028044999999999,38.355834999936633,822841.18999900005,822841.19029000006
1709,1881,8193,1,822836.66399999999,822846.20258299995,822871.737127,0.53433299999999995,0.4777500000782311,0.00058299989905208349,0.060667000012472272,1.8290420000000001,22.887668999999999,0.20008300000000001,2.9085009999999998,0.011667,25.545044000000001,35.073127000010572,822846.72641600005,822846.72699899995
1710,1882,8193,1,822844.99199999997,822854.40920800006,822878.54666899994,0.55854199999999998,0.48533399996813387,0.00029100000392645597,0.01049999997485429,1.915959,21.411835,0.21554200000000001,2.9682919999999999,0.018374999999999999,24.146502000000002,33.554668999975547,822854.95841700002,822854.95870800002
1711,1883,8193,1,822853.32299999997,822866.743793,822891.27937899996,0.50575000000000003,0.44187500001862645,0.00029100000392645597,0.063583999988622963,1.9171260000000001,21.793918000000001,0.22195799999999999,2.9994999999999998,0.024792000000000002,24.547252,37.956378999981098,822867.237585,822867.237876
1712,1884,8193,1,822861.65599999996,822871.797502,822898.37825399998,0.57283399999999995,0.50808299996424466,0.00029200001154094934,0.025375000084750354,1.9579580000000001,23.797377999999998,0.20766699999999999,2.9178329999999999,0.01925,26.597086000000001,36.722254000022076,822872.35400199995,822872.35429399996
1713,1885,8193,1,822869.98499999999,822878.60558600002,822905.71075500001,0.58362499999999995,0.52762499998789281,0.00029200001154094934,0.013416999951004982,1.882709,24.405211000000001,0.20591699999999999,2.9405839999999999,0.010208,27.115960999999999,35.725755000021309,822879.178419,822879.17871100002
1714,1886,8193,1,822878.27800000005,822891.34937900002,822917.84146499995,0.58975,0.52179100003559142,0.00029200001154094934,0.061250000027939677,1.896417,23.697044000000002,0.216416,2.848417,0.026249999999999999,26.505503000000001,39.563464999897406,822891.925712,822891.92600400001
1715,1887,8193,1,822886.66299999994,822898.43046299997,822924.32434000005,0.49700100000000003,0.44654200004879385,0.00029100000392645597,0.063874999992549419,1.9209160000000001,23.160378000000001,0.223416,2.897125,0.018959,25.898544999999999,37.661340000107884,822898.92250500002,822898.92279600003
1716,1888,8193,1,822894.99699999997,822905.77054699999,822930.06492399995,0.53170899999999999,0.48008300003129989,0.00058299989905208349,0.010792000102810562,1.87775,21.633209999999998,0.205625,2.9557500000000001,0.015458,24.299918999999999,35.067923999973573,822906.29671400005,822906.29729699995
1717,1889,8193,1,822903.34199999995,822917.91000599996,822944.35221699998,0.497583,0.43895900005009025,0,0.062707999954000115,1.9285000000000001,23.659419,0.20649999999999999,3.1893750000000001,0.018667,26.454751999999999,41.010217000031844,822918.39534000005,822918.39534000005
1718,1890,8193,1,822911.66899999999,822924.382965,822950.78959299996,0.55620899999999995,0.50195900001563132,0.00058299989905208349,0.055125000071711838,1.9188750000000001,23.637252,0.20824999999999999,2.9612919999999998,0.022749999999999999,26.414211000000002,39.12059299997054,822924.93129900005,822924.93188199995
1719,1891,8193,1,822919.98600000003,822930.16642400005,822954.21784299996,0.52529199999999998,0.46433399990200996,0.00029100000392645597,0.015750000020489097,1.924126,21.380918000000001,0.19104199999999999,2.9925000000000002,0.014,24.061627000000001,34.231842999928631,822930.68150800001,822930.68179900001
1720,1893,8193,1,822936.65399999998,822944.46392600005,822975.28959599999,0.57662500000000005,0.47395799995865673,0.00058300001546740532,2.9884169999277219,1.941333,25.084795,0.20708399999999999,2.896833,0.016917000000000001,30.883420000000001,38.635596000007354,822944.98280100001,822944.98338400002
1721,1894,8193,1,822944.96299999999,822952.39230199996,822978.55159599998,1.9856670000000001,0.49904100003186613,0.00029100000392645597,0.05950000009033829,1.8517920000000001,23.411210000000001,0.20854200000000001,2.743417,0.017208000000000001,27.602461000000002,33.588595999986865,822952.93480199995,822952.93509299995
1722,1895,8193,1,822953.32499999995,822960.713261,822985.64201299998,6.964709,0.46812500001396984,0.00058300001546740532,0.0096250000642612576,1.8841669999999999,22.240461,0.21291599999999999,3.0406249999999999,0.017208999999999999,31.381878,32.317013000021689,822961.22484399995,822961.22542699997
1723,1896,8193,1,822961.61899999995,822975.34822100005,823003.71076499997,0.51887499999999998,0.46899999992456287,0.00029200001154094934,0.067374999984167516,1.9194580000000001,25.601918999999999,0.21525,2.9277500000000001,0.027125,28.367794,42.091765000019222,822975.86213699996,822975.86242899997
1724,1897,8193,1,822969.99699999997,822978.62451300002,823004.72868199996,0.60666699999999996,0.5410409999312833,0.00058300001546740532,0.071457999991253018,1.929959,23.285502000000001,0.200958,3.0829170000000001,0.011667,26.119336000000001,34.731681999983266,822979.216013,822979.21659600001
1725,1898,8193,1,822978.30200000003,822985.74643000006,823009.180391,0.487958,0.43137499992735684,0.00029200001154094934,0.01049999997485429,1.8806670000000001,20.843668999999998,0.20241600000000001,2.7798750000000001,0.0087500000000000008,23.445919,30.878390999976546,822986.22242999997,822986.22272199998
1726,1900,8193,1,822994.99399999995,823003.83209799998,823029.88114299998,0.55416699999999997,0.44449999998323619,0.00058300001546740532,0.055707999970763922,1.864042,23.375336000000001,0.22720799999999999,3.1634169999999999,0.017791999999999999,26.111753,34.887143000029027,823004.32355700003,823004.32414000004
1727,1901,8193,1,823003.29200000002,823010.70930700004,823036.22839299997,6.376417,0.39229200000409037,0.00029200001154094934,0.060375000000931323,1.8380829999999999,22.943961000000002,0.207375,2.810209,0.012541999999999999,31.459461999999998,32.936392999952659,823011.14505699999,823011.145349
1728,1902,8193,1,823011.65599999996,823019.06964200002,823043.01664399996,8.3615010000000005,0.40395800000987947,0.00029200001154094934,0.012249999912455678,1.865791,21.387919,0.206792,3.3203339999999999,0.011375,31.859337,31.36064400000032,823019.51910000003,823019.51939200005
1729,1903,8193,1,823019.95700000005,823029.94385100005,823060.81968700001,0.55708400000000002,0.50049999996554106,0,0.069125000038184226,1.9897499999999999,28.017211,0.207958,2.9674170000000002,0.026542,30.883711999999999,40.862686999957077,823030.493059,823030.493059
1730,1904,8193,1,823028.30500000005,823036.27739299997,823062.70064599998,0.59179099999999996,0.52412499999627471,0.00058400002308189869,0.079333000001497567,1.8946670000000001,23.638127999999998,0.216417,2.7967919999999999,0.004666,26.438127000000001,34.39564599993173,823036.85401799995,823036.85460199998
1731,1905,8193,1,823036.61499999999,823044.05206100002,823068.37268799997,1.4259580000000001,0.39783299993723631,0.00058400002308189869,0.011666000005789101,1.8477079999999999,21.779627000000001,0.20066700000000001,2.7652920000000001,0.0084589999999999995,25.300044,31.757687999983318,823044.49860199995,823044.49918599997
1732,1907,8193,1,823053.28599999996,823060.91331199999,823085.74552300002,0.53958399999999995,0.44333399995230138,0.00029100000392645597,0.053083999897353351,1.892625,22.130794000000002,0.221083,3.408709,0.026834,24.883544000000001,32.459523000055924,823061.40156300005,823061.40185400005
1733,1908,8193,1,823061.647,823069.05023000005,823094.19802400004,6.7800840000000004,0.4164999999338761,0.00058300001546740532,0.05629199999384582,1.8328340000000001,22.551085,0.20766699999999999,2.9653749999999999,0.021583000000000001,31.466460999999999,32.551024000043981,823069.51164699998,823069.51222999999
1734,1909,8193,1,823069.95200000005,823077.38023100002,823101.74664999999,8.3183340000000001,0.42145799996796995,0.00029200001154094934,0.014582999981939793,1.91625,21.683961,0.20591699999999999,3.0292500000000002,0.011958,32.219544999999997,31.794649999937974,823077.84573099995,823077.84602299996
1735,1910,8193,1,823078.29700000002,823085.80064799997,823114.72435999999,0.47541699999999998,0.41912500001490116,0.00029200001154094934,0.056875000009313226,1.9602919999999999,26.186126999999999,0.20854200000000001,3.2824170000000001,0.030624999999999999,28.933337000000002,36.427359999972396,823086.26644000004,823086.26673200005
1736,1911,8193,1,823086.625,823094.29514900001,823120.45240199997,0.424375,0.37274999998044223,0.00029200001154094934,0.060667000012472272,1.9098329999999999,23.475086000000001,0.21845800000000001,3.1555420000000001,0.010208,26.165127999999999,33.827401999966241,823094.71164899995,823094.71194099996
1737,1912,8193,1,823094.98600000003,823102.35652499995,823126.53190199996,1.023458,0.45500000007450581,0.00058300001546740532,0.020708999945782125,1.825833,21.587419000000001,0.20970800000000001,2.8300420000000002,0.01575,24.699210000000001,31.545901999925263,823102.85615000001,823102.85673300002
1738,1913,8193,1,823103.30900000001,823114.78269300004,823140.69465399999,0.53725000000000001,0.48154199996497482,0.00029100000392645597,0.061833999934606254,1.960583,23.055669000000002,0.221083,2.9688750000000002,0.016042000000000001,25.921002000000001,37.385653999983333,823115.31061000004,823115.31090100005
1739,1914,8193,1,823111.652,823120.50198499998,823146.81148799998,0.50983400000000001,0.44799999997485429,0.00058300001546740532,0.071166999987326562,1.8946670000000001,23.560251999999998,0.20591699999999999,2.7903760000000002,0.015167,26.323795,35.159487999975681,823120.99752700003,823120.99811000004
1740,1915,8193,1,823119.98999999999,823127.39436100004,823151.55748800002,1.3133760000000001,0.47191699990071356,0.00058300001546740532,0.013707999954931438,1.90225,21.427876999999999,0.22137499999999999,2.8545410000000002,0.016334000000000001,24.957336000000002,31.567488000029698,823127.913528,823127.91411100002
1741,1916,8193,1,823128.34299999999,823140.74598699994,823167.64494799997,0.520042,0.46345900010783225,0.00029200001154094934,0.064458000008016825,1.9244159999999999,24.146795000000001,0.205625,2.9210419999999999,0.024500000000000001,26.908586,39.301947999978438,823141.25640399999,823141.256696
1742,1917,8193,1,823136.65899999999,823146.86311300006,823173.34469900001,0.61862499999999998,0.56466599996201694,0.00029200001154094934,0.073207999928854406,1.897583,23.661460999999999,0.205625,2.9974590000000001,0.011375,26.490335999999999,36.685699000023305,823147.47298800002,823147.47328000003
1743,1918,8193,1,823145.00199999998,823152.39748799999,823176.35265699995,1.228791,0.38995900005102158,0.00029200001154094934,0.01195800001733005,1.9320010000000001,21.358751999999999,0.20300000000000001,3.1418339999999998,0.0043750000000000004,24.749960000000002,31.35065699997358,823152.831488,823152.83178000001
1744,1919,8193,1,823153.33499999996,823167.77561500005,823198.69782600005,0.51420900000000003,0.43662499997299165,0.00029100000392645597,0.057459000032395124,1.9856670000000001,28.146711,0.204458,2.9863759999999999,0.025375000000000002,30.952252999999999,45.362826000084169,823168.25978199998,823168.26007299998
1745,1920,8193,1,823161.66599999997,823173.42082400003,823201.31349299999,0.52266699999999999,0.4526659999974072,0.00058400002308189869,0.061541999923065305,1.8523750000000001,23.531378,0.21116699999999999,2.799417,0.0096249999999999999,27.906960999999999,39.647493000025861,823173.92949000001,823173.93007400003
1746,1921,8193,1,823169.98999999999,823177.39274100005,823201.45961799996,1.478459,0.45499999995809048,0.00029100000392645597,0.012250000028871,1.8666659999999999,20.962378000000001,0.198042,2.8250839999999999,0.0078750000000000001,25.046294,31.469617999973707,823177.89178299997,823177.89207399997
1747,1923,8193,1,823186.62300000002,823198.78240999999,823227.80732899997,0.54074999999999995,0.45237499999348074,0.00058300001546740532,0.055708999978378415,1.8605419999999999,26.349169,0.202708,2.8245,0.039375,29.069835999999999,41.184328999952413,823199.27824300004,823199.27882600005
1748,1924,8193,1,823194.95299999998,823202.37690999999,823228.64587100002,1.410792,0.38733299996238202,0.00029100000392645597,0.058041999931447208,1.8512090000000001,23.702002,0.203875,2.767916,0.0096249999999999999,27.247793999999999,33.692871000035666,823202.80857700005,823202.80886800005
1749,1925,8193,1,823203.326,823210.73432799999,823237.289705,8.4040839999999992,0.43983299995306879,0.00029200001154094934,0.012833000044338405,1.9241250000000001,23.905586,0.199208,2.8842919999999999,0.014,34.473253,33.963705000001937,823211.22053599998,823211.22082799999
1750,1927,8193,1,823219.95799999998,823227.917579,823256.10308200005,0.57079199999999997,0.46841700002551079,0.00029200001154094934,0.052499999990686774,1.8229169999999999,25.563419,0.20999999999999999,2.8072919999999999,0.0072909999999999997,28.242377999999999,36.145082000060938,823228.43149600003,823228.43178800005
1751,1928,8193,1,823228.32999999996,823235.74387200002,823261.05908299994,7.550084,0.48883299995213747,0.00058400002308189869,0.056582999997772276,1.836042,22.611460000000001,0.202708,2.7792919999999999,0.0087500000000000008,32.329504,32.729082999983802,823236.27966300002,823236.28024700005
1752,1929,8193,1,823236.64399999997,823244.08116399997,823268.40937500005,7.2327510000000004,0.44858399999793619,0.00029199989512562752,0.01341600005980581,1.8937919999999999,21.689793999999999,0.205042,3.2640419999999999,0.016042000000000001,31.068045000000001,31.765375000075437,823244.57408100006,823244.57437299995
1753,1930,8193,1,823244.98199999996,823256.13895699999,823281.70091799996,0.55358300000000005,0.49875000002793968,0.00058400002308189869,0.062707999954000115,1.978083,22.736585999999999,0.203875,3.151751,0.015458,25.568961000000002,36.718917999998666,823256.68553999998,823256.686124
1754,1931,8193,1,823253.32200000004,823261.10049900005,823287.15712700004,0.41299999999999998,0.36254199990071356,0.00058300001546740532,0.070291999960318208,1.9331670000000001,23.327794999999998,0.277667,3.0403340000000001,0.025957999999999998,26.063336,33.835126999998465,823261.50679100002,823261.50737400004
1755,1932,8193,1,823261.62800000003,823269.06358299998,823293.64671100001,1.046208,0.39287500001955777,0.00029200001154094934,0.010207999963313341,1.928501,21.909419,0.218751,2.8907080000000001,0.017500000000000002,25.190961000000001,32.018710999982432,823269.50225000002,823269.50254200003
1756,1933,8193,1,823269.96999999997,823281.75750099996,823310.61704599997,0.46345799999999998,0.40629200008697808,0.00029200001154094934,0.012250000028871,4.7725429999999998,23.340043999999999,0.23216600000000001,2.7991259999999998,0.031791,28.868586000000001,40.647045999998227,823282.211626,823282.21191800002
1757,1934,8193,1,823278.31799999997,823287.22304399998,823315.67688000004,0.54308299999999998,0.48591599997598678,0.00029100000392645597,0.05483399995137006,1.869292,25.763503,0.205625,2.951667,0.0099170000000000005,28.463169000000001,37.358880000072531,823287.75679400004,823287.75708500005
1758,1935,8193,1,823286.62699999998,823294.00721099996,823317.13550500001,0.80354199999999998,0.48941700009163469,0.00029100000392645597,0.0099169999593868852,1.854417,20.512043999999999,0.19775000000000001,3.0986669999999998,0.0084580000000000002,23.398377,30.508505000034347,823294.54037800001,823294.54066900001
1759,1936,8193,1,823294.99800000002,823310.67683799996,823341.74896600004,0.56262500000000004,0.49729100009426475,0.00087500002700835466,0.064167000004090369,1.8666670000000001,28.355543999999998,0.202125,2.914917,0.018082999999999998,31.085837000000001,46.750966000021435,823311.22575400001,823311.22662900004
1760,1937,8193,1,823303.28099999996,823315.720921,823341.79504899995,0.52441700000000002,0.46258399996440858,0.00029100000392645597,0.036166999954730272,1.848876,23.118085000000001,0.21729100000000001,2.8612500000000001,0.0032079999999999999,26.088711,38.514048999990337,823316.23075500003,823316.23104600003
1761,1938,8193,1,823311.65599999996,823319.05233800004,823342.735674,2.4085830000000001,0.47541700000874698,0.00058400002308189869,0.012250000028871,1.8433330000000001,21.091877,0.20183400000000001,2.8081670000000001,0.0035000000000000001,25.570419000000001,31.079674000036903,823319.57383799995,823319.57442199998
1762,1940,8193,1,823328.32200000004,823341.84288200003,823368.59892699996,0.487375,0.39345899992622435,0.00029200001154094934,0.056874999892897904,1.8786259999999999,24.140086,0.20649999999999999,2.8119589999999999,0.017791000000000001,26.805336,40.276926999911666,823342.28067400004,823342.28096600005
1763,1941,8193,1,823336.63800000004,823344.06304899999,823369.44621800003,2.2890009999999998,0.47658400004729629,0.64487499999813735,0.014874999993480742,1.883875,22.089376999999999,0.20125000000000001,2.832084,0.014,27.150960999999999,32.80821799999103,823344.58454900002,823345.22942400002
1764,1942,8193,1,823344.99399999995,823352.41638299997,823381.95930300001,7.6218339999999998,0.40337499999441206,0.00087499991059303284,0.011667000013403594,1.9089590000000001,26.880002000000001,0.21087500000000001,3.280084,0.018082999999999998,36.717629000000002,36.965303000062704,823352.86350800004,823352.86438299995
1765,1943,8193,1,823353.33299999998,823368.65376000002,823397.97413800005,0.48445899999999997,0.4328329999698326,0.00058300001546740532,0.056582999997772276,1.879208,26.675253000000001,0.19687499999999999,2.9122919999999999,0.014291999999999999,29.326795000000001,44.641138000064529,823369.13180199999,823369.132385
1766,1944,8193,1,823361.66200000001,823369.49230200006,823398.01088800002,0.45062600000000003,0.39374999993015081,0.00087500002700835466,0.065333000035025179,1.8967080000000001,22.758461,0.2205,2.7629589999999999,0.0035000000000000001,28.523544999999999,36.348888000007719,823369.93796899996,823369.93884399999
1767,1945,8193,1,823369.97400000005,823382.01792799996,823411.35288899997,0.50545799999999996,0.45120800007134676,0.00029200001154094934,0.010207999963313341,1.8643339999999999,26.680793999999999,0.20300000000000001,2.8848760000000002,0.01575,29.345168999999999,41.378888999926858,823382.51317799999,823382.51347000001
1768,1947,8193,1,823386.65599999996,823398.11851299996,823423.74405700003,0.44041599999999997,0.34941700007766485,0.00029200001154094934,0.02420800004620105,1.819126,23.137919,0.21320800000000001,2.938542,0.022166999999999999,25.674251999999999,37.088057000073604,823398.51022099995,823398.51051299996
1769,1948,8193,1,823394.98800000001,823402.39492999995,823429.16730800003,4.3787919999999998,0.462000000057742,0.00087500002700835466,0.075834000017493963,1.9028339999999999,24.049377,0.205625,2.756542,0.0096249999999999999,30.642212000000001,34.179308000020683,823402.90417999995,823402.90505499998
1770,1949,8193,1,823403.32799999998,823411.45730600005,823434.57539200003,0.45383299999999999,0.39841699996031821,0.00029200001154094934,0.014874999993480742,1.9072089999999999,20.511461000000001,0.21437500000000001,3.0444170000000002,0.0099170000000000005,23.127419,31.247392000048421,823411.90151400003,823411.90180600004
1771,1950,8193,1,823411.66200000001,823423.856057,823452.05439299997,0.48825000000000002,0.42554199998266995,0.00029200001154094934,0.062999999965541065,1.9395830000000001,25.471252,0.20649999999999999,3.0849579999999999,0.025666000000000001,28.211752000000001,40.392392999958247,823424.33118199999,823424.33147400001
1772,1951,8193,1,823419.97400000005,823429.20697399997,823457.43301899999,0.49787500000000001,0.4392510000616312,0.00029100000392645597,0.027417000033892691,1.925,25.551753000000001,0.21029100000000001,2.9817079999999998,0.0096249999999999999,28.236836,37.45901899994351,823429.69435000001,823429.69464100001
1773,1952,8193,1,823428.32400000002,823435.73651700001,823460.28318599996,1.5391250000000001,0.43516699993051589,0.00058300001546740532,0.01079199998639524,1.869,21.829794,0.247334,2.9557500000000001,0.014291999999999999,25.604544000000001,31.959185999934562,823436.21776699997,823436.21834999998
1774,1953,8193,1,823436.64300000004,823452.10543500003,823477.82985400001,0.47249999999999998,0.41358299995772541,0.00029200001154094934,0.051916000084020197,1.9174169999999999,23.002586000000001,0.203291,2.9003329999999998,0.01925,25.736086,41.186853999970481,823452.56655999995,823452.56685199996
1775,1954,8193,1,823444.96699999995,823457.57506099995,823483.91023000004,0.52237500000000003,0.462000000057742,0.00058300001546740532,0.069125000038184226,1.885626,23.622084999999998,0.206208,3.1412499999999999,0.020416,26.344794,38.943230000091717,823458.08781099995,823458.08839399996
1776,1955,8193,1,823453.30000000005,823460.74343599996,823484.51018800004,0.90854199999999996,0.48037500004284084,0.00058300001546740532,0.046083000022917986,1.901084,21.065626999999999,0.20125000000000001,2.919,0.0084589999999999995,24.143001999999999,31.210187999997288,823461.27572799998,823461.27631099999
1777,1957,8193,1,823469.95999999996,823477.94185399998,823504.54739900003,0.60083299999999995,0.49962500005494803,0.00058400002308189869,0.012541000032797456,1.9375420000000001,23.865335999999999,0.208541,2.892458,0.018667,26.662711000000002,34.587399000069126,823478.48522899998,823478.48581300001
1778,1958,8193,1,823478.32999999996,823485.73489700002,823517.34252499999,2.2047089999999998,0.37450000003445894,0.00029200001154094934,2.8148750000400469,1.8713329999999999,26.237169999999999,0.22254199999999999,2.724167,0.025375000000000002,33.393794999999997,39.012525000027381,823486.153147,823486.15343900002
1779,1959,8193,1,823486.64500000002,823494.05235599994,823520.86352500005,8.3711260000000003,0.43516700004693121,0.00029200001154094934,0.015458000008948147,1.8281670000000001,24.253252,0.204458,2.8880840000000001,0.010792,34.699002999999998,34.218525000032969,823494.53593899996,823494.53623099998
1780,1960,8193,1,823494.99199999997,823504.59785699996,823530.51390100003,0.52704200000000001,0.47862499998882413,0.00058300001546740532,0.058041999931447208,1.8555839999999999,23.183419000000001,0.20941699999999999,2.9560420000000001,0.015167,25.921294,35.521901000058278,823505.119649,823505.12023200002
1781,1961,8193,1,823503.32400000002,823517.39823299996,823550.08852800005,0.53491599999999995,0.48533400008454919,0.00058400002308189869,0.060958000016398728,1.887667,29.972543999999999,0.20416699999999999,2.9645009999999998,0.017500000000000002,32.696711000000001,46.764528000028804,823517.92673299997,823517.92731699999
1782,1962,8193,1,823511.65800000005,823520.90435900004,823550.13111199997,0.499334,0.44391599996015429,0.00029100000392645597,0.01049999997485429,1.906917,20.889168000000002,0.19658400000000001,2.8507500000000001,0.003209,29.233461999999999,38.473111999919638,823521.39698399999,823521.397275
1783,1963,8193,1,823519.97100000002,823530.56319300004,823561.231363,0.47045799999999999,0.41824999998789281,0.00029200001154094934,0.067375000100582838,1.901376,27.974919,0.20941599999999999,2.914625,0.016917000000000001,30.674002999999999,41.260362999979407,823531.02781799994,823531.02810999996
1784,1965,8193,1,823536.66000000003,823550.17165300006,823576.19998899999,0.48941699999999999,0.39870899997185916,0.00029100000392645597,0.01079199998639524,1.792001,23.541585000000001,0.207375,2.775792,0.016041,26.074418999999999,39.539988999953493,823550.61498700001,823550.61527800001
1785,1966,8193,1,823544.98800000001,823552.42361199996,823577.97565599997,2.2563339999999998,0.42204199999105185,0.00087500002700835466,0.068832999910227954,1.8617079999999999,22.928211000000001,0.19804099999999999,2.929792,0.014583,27.342586000000001,32.987655999953859,823552.88940400002,823552.89027900004
1786,1967,8193,1,823553.31099999999,823561.28298799996,823587.63361500006,0.49525000000000002,0.44391600007656962,0,0.064167000004090369,1.8762920000000001,23.672834999999999,0.21174999999999999,2.7725840000000002,0.021874999999999999,26.355585999999999,34.322615000070073,823561.77327899996,823561.77327899996
1787,1968,8193,1,823561.62600000005,823576.264448,823603.14561699994,0.58566700000000005,0.53316600003745407,0,0.011958999908529222,1.84975,24.200168999999999,0.201541,5.5139589999999998,0.018957999999999999,26.888461,41.519616999896243,823576.84311400005,823576.84311400005
1788,1969,8193,1,823569.94700000004,823578.02057299996,823603.60994999995,0.46258300000000002,0.41358300007414073,0,0.0067079999716952443,1.9215,22.950959999999998,0.224583,3.0811670000000002,0.010792,25.595502,33.662949999910779,823578.47732299997,823578.47732299997
1789,1970,8193,1,823578.34299999999,823587.69574,823613.68207600003,0.49670799999999998,0.44508400000631809,0.00058400002308189869,0.060958000016398728,1.892042,23.252835000000001,0.20533299999999999,2.9242509999999999,0.015459000000000001,25.993044000000001,35.339076000032946,823588.18573999999,823588.18632400001
1790,1972,8193,1,823594.94999999995,823603.26199200004,823632.21137000003,0.48533300000000001,0.38529199990443885,0.00029200001154094934,2.696750000002794,1.8649169999999999,23.693836000000001,0.22195799999999999,2.6690420000000001,0.021291000000000001,29.006836,37.261370000080206,823603.68986699998,823603.69015899999
1791,1973,8193,1,823603.30500000005,823610.74411800003,823636.622829,7.5349170000000001,0.4485829999903217,0.00145800004247576,0.072625000029802322,1.8663749999999999,23.198878000000001,0.202709,2.8315000000000001,0.017791999999999999,32.921295000000001,33.317828999948688,823611.23645099998,823611.23790900002
1792,1974,8193,1,823611.66399999999,823619.05282700004,823644.60049600003,5.838584,0.46433300001081079,0.00029200001154094934,0.060667000012472272,1.931416,22.808043999999999,0.206792,2.904709,0.016333,30.877295,32.93649600003846,823619.56178500003,823619.56207700004
1793,1975,8193,1,823620.00199999998,823632.29186999996,823659.51983100001,0.53579200000000005,0.46987500006798655,0.00029100000392645597,0.01079199998639524,1.897875,24.567961,0.207958,2.9997919999999998,0.011665999999999999,27.247211,39.517831000033766,823632.80841199995,823632.80870299996
1794,1976,8193,1,823628.32700000005,823636.67591200001,823663.15720599995,0.56204100000000001,0.50341699994169176,0.00029200001154094934,0.053958000033162534,1.87425,23.753627000000002,0.20183400000000001,2.76675,0.025083999999999999,26.490335999999999,34.830205999896862,823637.22891199996,823637.22920399997
1795,1977,8193,1,823636.65300000005,823644.65766300005,823673.49999899999,0.52587600000000001,0.46374999999534339,0.00029100000392645597,0.071166999987326562,1.894666,26.040586000000001,0.22837499999999999,2.9595419999999999,0.021583000000000001,28.851669999999999,36.846998999943025,823645.17420500005,823645.17449600005
1796,1978,8193,1,823645.00800000003,823659.57845599996,823685.58987499995,0.520625,0.46054200001526624,0.00058300001546740532,0.015458000008948147,1.848292,23.386126999999998,0.2135,2.8994589999999998,0.019542,26.021336000000002,40.581874999916181,823660.088873,823660.08945600002
1797,1979,8193,1,823653.33200000005,823663.20241499995,823689.86512600002,0.54191699999999998,0.49145800003316253,0.00087500002700835466,0.067957999999634922,1.857334,23.940586,0.217584,2.8297509999999999,0.023334000000000001,26.667377999999999,36.533125999965705,823663.739665,823663.74054000003
1798,1980,8193,1,823661.625,823673.553082,823703.74175199994,0.49029200000000001,0.4409999999916181,0.00029200001154094934,0.067374999984167516,1.9299580000000001,27.444669999999999,0.23275000000000001,2.8918750000000002,0.0093329999999999993,30.193919999999999,42.116751999943517,823674.03812399996,823674.03841599997
1799,1981,8193,1,823669.99399999995,823685.65404199995,823709.63021099998,0.53491699999999998,0.47366700007114559,0.00058300001546740532,0.0090420000487938523,1.8305,21.360793999999999,0.22312499999999999,2.8682500000000002,0.0099170000000000005,23.986668999999999,39.636211000033654,823686.17845899996,823686.17904199997
1800,1982,8193,1,823678.31099999999,823689.91091700003,823715.87450300006,0.53987499999999999,0.48620899999514222,0.00029100000392645597,0.054250000044703484,1.8733759999999999,23.219877,0.23158300000000001,2.8373330000000001,0.026832999999999999,25.969127,37.563503000070341,823690.445251,823690.445542
1801,1984,8193,1,823694.98999999999,823703.83129400003,823732.12938000006,0.54804200000000003,0.4532500000204891,0.00029200001154094934,0.055707999970763922,1.8999170000000001,25.537752000000001,0.20999999999999999,3.0067919999999999,0.020416,28.349419999999999,37.139380000066012,823704.32800199999,823704.32829400001
1802,1985,8193,1,823703.326,823710.72162800003,823737.98546400003,1.5006250000000001,0.46170799992978573,0.00029200001154094934,2.8802079999586567,1.873667,21.729752000000001,0.22691700000000001,2.8408340000000001,0.022457999999999999,28.256378000000002,34.659464000025764,823711.22971099999,823711.230003
1803,1986,8193,1,823711.674,823719.05891999998,823745.23454800004,3.4871669999999999,0.4462500000372529,0.00029100000392645597,0.057167000020854175,1.882417,23.503961,0.20591599999999999,2.8516249999999999,0.017208000000000001,29.174835999999999,33.56054800003767,823719.54687900003,823719.54717000003
1804,1987,8193,1,823719.973,823732.19121299998,823757.91213299998,0.46520800000000001,0.41212500003166497,0,0.069125000038184226,1.9465840000000001,23.000252,0.21554100000000001,2.9009170000000002,0.013417,25.729960999999999,37.939132999978028,823732.64767199999,823732.64767199999
1805,1988,8193,1,823728.31700000004,823738.04467199999,823761.91729999997,0.57837499999999997,0.52062500000465661,0.00058300001546740532,0.013709000078961253,1.9282079999999999,21.091586,0.20358399999999999,2.9627500000000002,0.010208,23.882836000000001,33.600299999932759,823738.61283899995,823738.61342199997
1806,1989,8193,1,823736.63300000003,823745.29667299998,823774.98600899999,0.48416700000000001,0.4264170000096783,0.00029100000392645597,0.060375000000931323,1.9664159999999999,26.943003000000001,0.21174999999999999,2.918126,0.018374999999999999,29.701003,38.353008999954909,823745.76946500002,823745.76975600002
1807,1990,8193,1,823744.99100000004,823758.02267400001,823787.04030200001,0.55037499999999995,0.48941699997521937,0.00058400002308189869,2.785416999948211,1.917125,23.522335999999999,0.214084,2.7457500000000001,0.020708000000000001,29.028127999999999,42.049301999970339,823758.56254900002,823758.56313300005
1808,1991,8193,1,823753.326,823761.95959099999,823788.35280200001,0.46987499999999999,0.41300000005867332,0.00029200001154094934,0.0096249999478459358,1.84975,23.846378000000001,0.198625,3.0015420000000002,0.013416000000000001,26.402252000000001,35.026802000007592,823762.42071600002,823762.42100800003
1809,1992,8193,1,823761.65599999996,823775.09450899996,823804.34138700005,0.45529199999999997,0.39783400006126612,0.00029200001154094934,0.069708000053651631,1.860541,26.581336,0.207375,2.8306249999999999,0.019540999999999999,29.257377999999999,42.685387000092305,823775.53930099995,823775.53959299996
1810,1994,8193,1,823778.32400000002,823787.14063499996,823815.75547199999,0.55008400000000002,0.4462500000372529,0.00058300001546740532,0.055999999982304871,1.8445009999999999,25.939086,0.20766699999999999,2.8058339999999999,0.018082999999999998,28.676086999999999,37.431471999967471,823787.62946900004,823787.63005200005
1811,1995,8193,1,823786.64599999995,823794.05226100003,823820.58897200006,6.1302500000000002,0.41824999998789281,0.00029200001154094934,0.012542000040411949,1.8191250000000001,23.990169000000002,0.20183300000000001,2.761209,0.019833,32.204960999999997,33.942972000106238,823794.51426099997,823794.51455299999
1812,1996,8193,1,823794.98600000003,823804.40322099999,823831.29313999997,0.52091600000000005,0.47162500000558794,0.00029200001154094934,0.061542000039480627,1.906917,24.136002000000001,0.216417,2.8128340000000001,0.032375000000000001,26.895168999999999,36.307139999931678,823804.91888699995,823804.91917899996
1813,1997,8193,1,823803.34299999999,823815.80797199998,823844.90522499999,0.53054199999999996,0.47483299998566508,0.00029200001154094934,2.760041999979876,1.9952920000000001,23.578918999999999,0.20591699999999999,2.724167,0.015458,29.106294999999999,41.56222500000149,823816.32976300002,823816.33005500003
1814,1998,8193,1,823811.63899999997,823820.71730500006,823844.954516,0.61775000000000002,0.55970899993553758,0.00029200001154094934,0.011667000013403594,1.911583,21.483877,0.21320800000000001,2.8845839999999998,0.0037910000000000001,24.247419000000001,33.315516000031494,823821.32484699995,823821.32513899996
1815,1999,8193,1,823819.98100000003,823831.40193199995,823861.34064299997,0.51595800000000003,0.45616600010544062,0.00058400002308189869,0.070290999952703714,1.954167,27.17867,0.206791,2.9615840000000002,0.0099159999999999995,29.952127999999998,41.359642999945208,823831.90447299997,823831.905057
1816,2001,8193,1,823836.625,823845.06593299995,823873.55651899998,0.49408400000000002,0.39841700007673353,0.00029100000392645597,0.018959000008180737,1.8226249999999999,25.971751999999999,0.21320800000000001,2.8805000000000001,0.0075830000000000003,28.543378000000001,36.931518999976106,823845.50722499995,823845.50751599995
1817,2002,8193,1,823844.99899999995,823852.40659999999,823878.81731099996,7.3126680000000004,0.37829200003761798,0.00029100000392645597,0.013124999939464033,1.8660829999999999,23.838211000000001,0.20416699999999999,3.005042,0.0084589999999999995,33.299878999999997,33.818311000009999,823852.82980900002,823852.83010000002
1818,2003,8193,1,823853.28500000003,823861.44739300001,823890.98856299999,0.47249999999999998,0.41562500002328306,0.00029200001154094934,0.073207999928854406,1.8975839999999999,26.866878,0.20912500000000001,2.7798750000000001,0.016042000000000001,29.552544999999999,37.703562999959104,823861.90851800004,823861.90881000005
1819,2004,8193,1,823861.66299999994,823873.65014399996,823898.76235500001,0.46462599999999998,0.40541700005996972,0.00058300001546740532,0.059499999973922968,1.943084,22.419834999999999,0.21174999999999999,3.0385840000000002,0.0096249999999999999,25.123878000000001,37.099355000071228,823874.10310299997,823874.10368599999
1820,2005,8193,1,823869.97199999995,823878.85756100004,823902.67972999997,0.48970799999999998,0.4287499999627471,0.00058399990666657686,0.010500000091269612,1.868125,21.251418999999999,0.18725,2.820125,0.012833000000000001,23.832377000000001,32.70773000002373,823879.33706100006,823879.33764499996
1821,2006,8193,1,823878.29500000004,823891.04339600005,823922.67639899999,0.47658400000000001,0.4240829999325797,0.00029200001154094934,0.058333000051788986,1.9042920000000001,28.962795,0.205042,2.9029590000000001,0.015166000000000001,31.640878000000001,44.381398999947123,823891.51210399996,823891.51239599998
1822,2007,8193,1,823886.65700000001,823898.80814700003,823927.64435800002,0.50691699999999995,0.45091599994339049,0.00058300001546740532,0.053959000040777028,1.931125,26.115545000000001,0.199791,2.953125,0.017208000000000001,28.843795,40.987358000013046,823899.30747999996,823899.30806299997
1823,2008,8193,1,823894.98999999999,823902.736897,823927.69481599994,0.55416699999999997,0.49058300000615418,0.00029200001154094934,0.014290999970398843,1.8550009999999999,20.957418000000001,0.224,3.087583,0.0058339999999999998,24.964335999999999,32.704815999954008,823903.28464700002,823903.28493900003
1824,2010,8193,1,823911.66099999996,823922.76944099995,823948.16894300003,0.49495899999999998,0.40162500005681068,0.00058299989905208349,0.046667000045999885,1.8757090000000001,22.786460000000002,0.20066700000000001,2.9645009999999998,0.024500000000000001,25.449670000000001,36.507943000062369,823923.21394100005,823923.21452399995
1825,2011,8193,1,823919.99300000002,823927.69948299997,823951.13023500005,0.44479099999999999,0.39112500008195639,0.00029200001154094934,0.0099160000681877136,1.842166,20.915127999999999,0.205042,3.010875,0.0040829999999999998,23.438918999999999,31.137235000031069,823928.13610799995,823928.13639999996
1826,2012,8193,1,823928.32799999998,823935.72673400003,823962.32061099994,8.1051260000000003,0.48008300003129989,0.00029100000392645597,0.058916999958455563,1.9760420000000001,23.746335999999999,0.218167,2.9642080000000002,0.0087500000000000008,34.170502999999997,33.992610999965109,823936.25523400004,823936.25552500004
1827,2013,8193,1,823936.67099999997,823948.22086,823974.26523799996,0.55970799999999998,0.50108299998100847,0.00029100000392645597,0.063583999988622963,1.9217919999999999,23.270918999999999,0.200375,2.9717920000000002,0.020417000000000001,26.054586,37.594237999990582,823948.77065199998,823948.77094299998
1828,2014,8193,1,823944.99199999997,823952.358152,823976.84152999998,1.7228749999999999,0.47541700000874698,0.00058300001546740532,0.0064169999677687883,1.939584,21.092168999999998,0.20533299999999999,3.2873749999999999,0.012541999999999999,25.685628000000001,31.84953000000678,823952.87877700001,823952.87936000002
1829,2015,8193,1,823953.32799999998,823962.42444500001,823990.76248899999,0.51712499999999995,0.46054100000765175,0.00058300001546740532,2.8087499999674037,1.9320010000000001,22.825544000000001,0.21612500000000001,2.7740420000000001,0.030041000000000002,28.347669,37.434489000006579,823962.93194499996,823962.93252799998
1830,2016,8193,1,823961.61800000002,823974.31365400006,823999.84236500005,0.53316699999999995,0.48154199996497482,0.00029200001154094934,0.053957999916747212,1.8713329999999999,22.802211,0.23916699999999999,3.2681260000000001,0.015458,25.534835999999999,38.224365000030957,823974.84069600003,823974.84098800004
1831,2017,8193,1,823969.995,823977.400655,824002.43498999998,1.012375,0.44595800002571195,0.00029099988751113415,0.008459000033326447,1.992083,21.142627999999998,0.217584,3.1062500000000002,0.0093329999999999993,25.55846,32.439989999984391,823977.88890500006,823977.88919599995
1832,2018,8193,1,823978.32799999998,823990.804489,824022.32724200003,0.47687499999999999,0.42816699994727969,0.00029100000392645597,0.052792000002227724,1.8996249999999999,28.829211999999998,0.214667,3.1934589999999998,0.034417000000000003,31.527418999999998,43.99924200004898,823991.27669800003,823991.27698900003
1833,2019,8193,1,823986.61800000002,823999.90186500002,824025.75695099996,0.49116700000000002,0.44041699997615069,0.00029200001154094934,0.058625000063329935,1.8523750000000001,23.218128,0.21145900000000001,2.923959,0.014583,25.862086000000001,39.138950999942608,824000.38603199995,824000.38632399996
1834,2020,8193,1,823994.97900000005,824002.47232399997,824026.09674299997,0.47454200000000002,0.42787500005215406,0.00029200001154094934,0.0090419999323785305,1.844792,21.083418999999999,0.19950000000000001,2.768208,0.0093340000000000003,23.629086000000001,31.117742999922484,824002.94249000004,824002.94278200006
1835,2022,8193,1,824011.66000000003,824022.42174200004,824048.47137000004,0.57895799999999997,0.48970899998676032,0.00029200001154094934,0.011082999990321696,1.9279170000000001,23.321961000000002,0.21291599999999999,2.8355830000000002,0.024500000000000001,26.094543999999999,36.811370000010356,824022.95549199998,824022.95578399999
1836,2023,8193,1,824019.96299999999,824027.39699299994,824053.45070399996,2.0165839999999999,0.37275000009685755,0.00029200001154094934,0.10558299999684095,1.8625830000000001,23.442710999999999,0.20766699999999999,2.914625,0.0037910000000000001,27.652335999999998,33.487703999970108,824027.81495100004,824027.81524300005
1837,2024,8193,1,824028.32700000005,824035.68266000005,824060.52128800005,8.3063760000000002,0.44304199994076043,0.00058299989905208349,0.010792000102810562,1.8751260000000001,22.203128,0.206209,2.8554170000000001,0.01575,32.658794999999998,32.194287999998778,824036.16886900004,824036.16945199994
1838,2025,8193,1,824036.63699999999,824048.57811999996,824074.70678899996,0.56904200000000005,0.49291700008325279,0,0.061250000027939677,1.9635,23.242336000000002,0.214667,3.2541250000000002,0.021583999999999999,26.137710999999999,38.069788999971934,824049.13841200003,824049.13841200003
1839,2026,8193,1,824044.99899999995,824053.54782900005,824080.13995700004,0.57137499999999997,0.51187499996740371,0.00058400002308189869,0.065332999918609858,1.9343330000000001,23.735544999999998,0.21174999999999999,3.0135000000000001,0.016917000000000001,26.602045,35.14095700008329,824054.10928700003,824054.10987100005
1840,2027,8193,1,824053.28899999999,824060.71991300001,824084.91920700006,0.59412500000000001,0.44420799997169524,0.00029100000392645597,0.013416999951004982,1.9235420000000001,21.484459999999999,0.21029100000000001,2.9338760000000002,0.016041,24.303127,31.630207000067458,824061.21020500001,824061.21049600001
1841,2028,8193,1,824061.66500000004,824074.76249800005,824099.905042,0.55533299999999997,0.49320799997076392,0.00087500002700835466,0.066208999953232706,1.920042,22.341377999999999,0.21320800000000001,2.930958,0.039375,25.153335999999999,38.24004199996125,824075.30703899998,824075.307914
1842,2029,8193,1,824069.95600000001,824080.19245700003,824105.89208400005,0.55708299999999999,0.50195800000801682,0.00029200001154094934,0.061249999911524355,1.9293750000000001,22.869586000000002,0.21116699999999999,3.1922920000000001,0.016333,25.706043999999999,35.936084000044502,824080.74312300002,824080.74341500003
1843,2030,8193,1,824078.33700000006,824085.71720700001,824109.66508499999,1.141875,0.39112499996554106,0.00029200001154094934,0.0099160000681877136,1.9334579999999999,21.337461000000001,0.20300000000000001,2.8294579999999998,0.015458,24.654002999999999,31.328084999928251,824086.15295699995,824086.15324899997
1844,2031,8193,1,824086.65800000005,824100.03862500004,824126.44262800005,0.53491699999999998,0.47804199997335672,0.00029200001154094934,0.059499999973922968,1.891167,23.671669000000001,0.214667,2.9609999999999999,0.021583999999999999,26.411586,39.784627999993972,824100.56566700002,824100.56595900003
1845,2032,8193,1,824094.99100000004,824105.96033399994,824131.40242000006,0.56350100000000003,0.49991700006648898,0.00029100000392645597,0.012542000040411949,1.9215,22.713252000000001,0.20300000000000001,2.967708,0.011083000000000001,25.454628,36.411420000018552,824106.51129299996,824106.51158399996
1846,2033,8193,1,824103.33100000001,824110.725293,824134.61366999999,1.5049999999999999,0.45616699999663979,0.00029100000392645597,0.0069999999832361937,1.9477500000000001,21.141169000000001,0.207958,3.071834,0.014874999999999999,24.885584999999999,31.282669999985956,824111.23308499996,824111.23337599996
1847,2034,8193,1,824111.65700000001,824126.49600299995,824152.87171400001,0.55941600000000002,0.48562500008847564,0.00029200001154094934,0.061250000027939677,1.993833,23.510085,0.2135,3.1351260000000001,0.025666000000000001,26.383876999999998,41.21471400000155,824127.04696099996,824127.04725299997
1848,2035,8193,1,824119.95200000005,824131.45200299995,824157.49200600001,0.52704200000000001,0.46870900003705174,0.00029100000392645597,0.059208999969996512,2.000251,23.212001999999998,0.20941599999999999,2.9362089999999998,0.028292000000000001,26.049336,37.540005999966525,824131.96971199999,824131.97000299999
1849,2036,8193,1,824128.32700000005,824135.73046200001,824159.68329800002,1.5198750000000001,0.44858399999793619,0.00029100000392645597,0.009917000075802207,1.8745419999999999,21.363126999999999,0.19629199999999999,3.0899169999999998,0.0043750000000000004,24.977169,31.356297999969684,824136.22629599995,824136.22658699995
1850,2038,8193,1,824144.99100000004,824152.98633900005,824179.2868,0.63320900000000002,0.52849999989848584,0.00145800004247576,0.013124999939464033,1.9136249999999999,23.546251999999999,0.21554200000000001,3.1651669999999998,0.015458,26.355878000000001,34.295799999963492,824153.56413099996,824153.56558900001
1851,2039,8193,1,824153.31200000003,824160.71492299996,824186.77359200001,3.5912920000000002,0.37537500006146729,0.00029100000392645597,0.055416999966837466,1.867542,23.447960999999999,0.218167,2.8734999999999999,0.031209000000000001,29.230543999999998,33.461591999977827,824161.13433999999,824161.13463099999
1852,2040,8193,1,824161.65800000005,824169.07583999995,824192.988426,8.3714180000000002,0.39900100009981543,0.00029200001154094934,0.013707999954931438,1.8561669999999999,21.307711000000001,0.19629099999999999,2.9114170000000001,0.019834000000000001,31.840669999999999,31.330425999942236,824169.51917400002,824169.51946600003
1853,2041,8193,1,824169.95999999996,824179.34192499996,824205.962053,0.57574999999999998,0.51916700007859617,0.00058300001546740532,0.017791999969631433,1.906042,23.787168999999999,0.24120900000000001,3.201333,0.021000000000000001,26.627711000000001,36.002053000032902,824179.90980000002,824179.91038300004
1854,2042,8193,1,824178.32999999996,824186.83396700001,824212.84451199998,0.49554199999999998,0.4409999999916181,0.00029100000392645597,0.065042000031098723,1.9005000000000001,23.312626999999999,0.205042,2.9732509999999999,0.023334000000000001,26.020752999999999,34.514512000023387,824187.31930099998,824187.31959199999
1855,2043,8193,1,824186.66099999996,824194.06876000005,824223.66126299999,1.435292,0.4369159999769181,0.00029199989512562752,0.014000000082887709,1.8468340000000001,26.977710999999999,0.193666,3.2130010000000002,0.01925,30.545086999999999,37.000263000023551,824194.55146800005,824194.55175999994
1856,2044,8193,1,824194.99399999995,824206.02826100006,824235.04122200003,0.60783299999999996,0.54045799991581589,0.00029200001154094934,0.057167000020854175,1.8611249999999999,26.236003,0.214666,2.9735420000000001,0.025083000000000001,29.019086000000001,40.047222000081092,824206.629969,824206.63026100001
1857,2045,8193,1,824203.299,824212.89292799996,824239.252889,0.51595800000000003,0.46783400001004338,0.00029200001154094934,0.060667000012472272,1.8535410000000001,23.690045000000001,0.20941699999999999,2.8408340000000001,0.010500000000000001,26.364919,35.953888999996707,824213.40392800001,824213.40422000003
1858,2046,8193,1,824211.66000000003,824223.71288799995,824250.69643200003,0.47075,0.41416600008960813,0.00029200001154094934,0.011082999990321696,1.858209,24.383044000000002,0.19600000000000001,2.925125,0.0084580000000000002,26.992003,39.036431999993511,824224.17517900001,824224.17547100002
1859,2047,8193,1,824219.99300000002,824235.15555499995,824261.01705799997,0.55037499999999995,0.49291700008325279,0.00058300001546740532,0.063874999992549419,1.9973339999999999,23.020959999999999,0.204459,2.9898750000000001,0.017791999999999999,25.871418999999999,41.024057999951765,824235.69601399999,824235.696597
1860,2048,8193,1,824228.32799999998,824239.31355600001,824265.86601700005,0.54949999999999999,0.49087500001769513,0.00029100000392645597,0.053959000040777028,1.892625,23.778419,0.215833,2.8242080000000001,0.010208,26.563544,37.538017000071704,824239.85197299998,824239.85226399999
1861,2049,8193,1,824236.65800000005,824250.73959899996,824274.89339300001,0.53433399999999998,0.4777500000782311,0.00029100000392645597,0.012834000051952899,1.8701669999999999,21.463168,0.206792,2.9951249999999998,0.017208000000000001,24.163128,38.235392999951728,824251.26459899999,824251.26488999999
1862,2051,8193,1,824253.32999999996,824261.199058,824286.76306100003,0.61162499999999997,0.50779199996031821,0.00029200001154094934,0.066791999968700111,1.981001,22.714418999999999,0.21116699999999999,2.9712079999999998,0.017791999999999999,25.620294999999999,33.433061000076123,824261.75439100002,824261.75468300004
1863,2052,8193,1,824261.65500000003,824269.07785100001,824295.35293699999,3.6545839999999998,0.4287499999627471,0.00058300001546740532,0.060958999907597899,1.9369590000000001,23.565211000000001,0.20416699999999999,2.941751,0.012833000000000001,29.453669999999999,33.697936999960802,824269.55355900002,824269.55414200004
1864,2053,8193,1,824270.00300000003,824277.40085099998,824304.55764599994,2.9050009999999999,0.43954200006555766,0.00029200001154094934,2.8303340000566095,1.8955420000000001,21.662085000000001,0.21495900000000001,2.790375,0.012834,29.576461999999999,34.554645999916829,824277.88647599996,824277.88676799997
1865,2054,8193,1,824278.29399999999,824286.81585200003,824312.97514700005,0.56962500000000005,0.5147919999435544,0.00029200001154094934,0.062707999954000115,1.9530000000000001,23.319044000000002,0.22429199999999999,3.1552500000000001,0.017208000000000001,26.166878000000001,34.681147000053898,824287.37789400003,824287.37818600005
1866,2055,8193,1,824286.65800000005,824295.39639500005,824322.16264800006,0.45966699999999999,0.40220799995586276,0.00029200001154094934,0.064750000019557774,1.931125,24.07067,0.22225,2.7652920000000001,0.010208,26.778794999999999,35.504648000001907,824295.84351999999,824295.84381200001
1867,2056,8193,1,824294.98100000003,824304.60402099998,824328.94127299997,0.46404200000000001,0.41066599998157471,0.00058300001546740532,0.011959000024944544,1.94075,21.619793999999999,0.22312499999999999,3.1637089999999999,0.017791000000000001,24.344836000000001,33.960272999946028,824305.06047899998,824305.06106199999
1868,2057,8193,1,824303.29000000004,824313.03960500006,824341.63081600005,0.50545799999999996,0.44916699989698827,0.00029100000392645597,0.055416999966837466,1.9605840000000001,25.825918999999999,0.20883299999999999,2.9817089999999999,0.024500000000000001,28.600543999999999,38.340816000010818,824313.53602200001,824313.53631300002
1869,2058,8193,1,824311.65800000005,824322.22856399999,824352.63335899997,0.52033300000000005,0.46083400002680719,0.00029200001154094934,0.013999999966472387,1.9486250000000001,27.698128000000001,0.203875,2.867083,0.011958,30.415586000000001,40.975358999916352,824322.738106,824322.73839800002
1870,2059,8193,1,824319.98999999999,824329.01010700001,824353.07260900002,0.53958399999999995,0.48037500004284084,0.00029200001154094934,0.0084580000257119536,1.8462499999999999,21.422628,0.23508399999999999,2.7959170000000002,0.0093329999999999993,24.074460999999999,33.082609000033699,824329.538023,824329.53831500001
1871,2060,8193,1,824328.32900000003,824341.68360800005,824370.23106899997,0.47949999999999998,0.4240829999325797,0.00029200001154094934,0.077582999947480857,1.914209,25.838460999999999,0.204458,2.8664999999999998,0.023625,28.555627999999999,41.902068999945186,824342.15494100004,824342.15523300006
1872,2062,8193,1,824344.97999999998,824352.71502600005,824378.710112,0.51041700000000001,0.4194159999024123,0.00029200001154094934,0.014000000082887709,1.8237909999999999,23.451460999999998,0.214083,2.84375,0.0096249999999999999,26.041170000000001,33.73011200001929,824353.17935899994,824353.17965099995
1873,2063,8193,1,824353.30299999996,824360.72652599995,824385.06902900001,8.0502920000000007,0.4707500000949949,0.00029200001154094934,0.0093329999363049865,1.8698760000000001,21.700292999999999,0.212917,2.9834589999999999,0.0081659999999999996,31.878295000000001,31.766029000049457,824361.241026,824361.24131800001
1874,2064,8193,1,824361.63699999999,824370.33344399999,824401.35598899995,0.50049999999999994,0.4456670000217855,0.00029100000392645597,2.8320839999942109,1.9276249999999999,25.519086000000001,0.207375,2.7918340000000001,0.023042,31.031877999999999,39.718988999957219,824370.82461100002,824370.82490200002
1875,2065,8193,1,824369.99100000004,824378.75444499997,824404.51998900005,0.54074999999999995,0.48620799998752773,0.00029100000392645597,0.063292000093497336,1.911292,23.008419,0.22254199999999999,2.8819590000000002,0.010791,25.771668999999999,34.528989000013098,824379.28936199995,824379.28965299996
1876,2066,8193,1,824378.29700000002,824385.73052900005,824408.63948999997,1.038916,0.44420799997169524,0.00029200001154094934,0.01195800001733005,1.8961250000000001,20.284835000000001,0.201542,3.0304169999999999,0.013125,23.459918999999999,30.342489999951795,824386.21848699998,824386.21877899999
1877,2067,8193,1,824386.64800000004,824401.46128000005,824430.39374199999,0.50254200000000004,0.44245899992529303,0.00029100000392645597,0.081666999962180853,1.927916,26.184377999999999,0.21087500000000001,2.9869590000000001,0.018083999999999999,28.944419,43.745741999940947,824401.95128100005,824401.95157200005
1878,2068,8193,1,824394.995,824404.56315599999,824430.44215799996,0.54920800000000003,0.48708300001453608,0.00029200001154094934,0.053375000017695129,1.936375,23.045752,0.19541600000000001,2.7124999999999999,0.0058329999999999996,25.892126999999999,35.447157999966294,824405.099239,824405.09953100001
1879,2069,8193,1,824403.31099999999,824410.726073,824435.42995100003,2.5739580000000002,0.49525000003632158,0.00029100000392645597,0.0096250000642612576,1.8894169999999999,21.997211,0.193666,2.9817079999999998,0.0093340000000000003,26.736211000000001,32.118951000040397,824411.26798999996,824411.26828099997
1880,2071,8193,1,824419.96200000006,824430.48999200005,824459.45686999999,0.47279199999999999,0.37829099991358817,0.00029100000392645597,0.053084000013768673,1.8593759999999999,26.375710999999999,0.21116699999999999,2.9274580000000001,0.022749999999999999,29.016169999999999,39.494869999936782,824430.91349199996,824430.91378299997
1881,2072,8193,1,824428.31499999994,824435.72015900002,824460.83586999995,5.2316260000000003,0.38908300001639873,0.00029100000392645597,0.05658400000538677,1.863167,22.515502000000001,0.205042,2.7699590000000001,0.011375,29.913045,32.520870000007562,824436.15445100004,824436.15474200004
1882,2073,8193,1,824436.64199999999,824444.05570100003,824469.02616200002,8.3900839999999999,0.45995899999979883,0.00029200001154094934,0.019833000027574599,1.8999170000000001,22.275752000000001,0.19600000000000001,2.9822920000000002,0.018083999999999999,32.858002999999997,32.38416200003121,824444.55824299995,824444.55853499996
1883,2074,8193,1,824444.95400000003,824459.51141100004,824485.99124700006,0.480375,0.42087499995250255,0.00029100000392645597,0.074958999990485609,1.9095420000000001,23.795335999999999,0.19570899999999999,2.9335840000000002,0.014291,26.488876999999999,41.037247000029311,824459.98274500004,824459.98303600005
1884,2075,8193,1,824453.33900000004,824460.87582800002,824486.28612199996,0.44566699999999998,0.39754199993330985,0.00029100000392645597,0.058624999946914613,2.0092919999999999,22.651126999999999,0.2205,2.9732500000000002,0.012541999999999999,25.414377000000002,32.947121999925002,824461.31741200003,824461.31770300004
1885,2076,8193,1,824461.66000000003,824469.08624600002,824493.19774800004,0.46841699999999997,0.41591600002720952,0.00029200001154094934,0.0090419999323785305,1.901667,21.522667999999999,0.20125000000000001,2.968,0.0040829999999999998,24.119668999999998,31.537748000002466,824469.54678700003,824469.54707900004
1886,2078,8193,1,824478.33600000001,824486.09683099994,824512.29870799999,0.464916,0.37216600007377565,0.00029200001154094934,0.011082999990321696,1.850042,23.683627000000001,0.20533299999999999,2.9041260000000002,0.020709000000000002,26.251752,33.962707999977283,824486.51187199994,824486.51216399996
1887,2079,8193,1,824486.66200000001,824494.05699800001,824521.72245899995,7.9846680000000001,0.40570899995509535,0.00058300001546740532,0.018958000000566244,1.868125,25.097919999999998,0.207375,2.78775,0.0081670000000000006,35.200670000000002,35.060458999942057,824494.50645700004,824494.50704000005
1888,2080,8193,1,824494.99399999995,824502.41879100003,824526.88379300002,8.3332090000000001,0.38820799998939037,0.00029200001154094934,0.018666999996639788,1.848292,21.859835,0.21845800000000001,2.823334,0.015458,32.364795000000001,31.889793000067584,824502.85220700002,824502.85249900003
1889,2081,8193,1,824503.31599999999,824512.36345800001,824543.82612800004,0.51800000000000002,0.45966699998825788,0.00029200001154094934,2.8072920000413433,1.930542,25.963877,0.20183300000000001,2.7676249999999998,0.035291000000000003,31.475503,40.510128000052646,824512.868625,824512.86891700001
1890,2082,8193,1,824511.63100000005,824521.79129299999,824546.99071200006,0.48708299999999999,0.4340000000083819,0.00029200001154094934,0.060958000016398728,1.887375,22.543210999999999,0.20416699999999999,2.996292,0.0058329999999999996,25.207585999999999,35.359712000004947,824522.27020899998,824522.27050099999
1891,2083,8193,1,824519.99699999997,824527.39450099994,824554.50229600002,0.91495899999999997,0.40279200009535998,0.00058300001546740532,0.011083999997936189,1.8806670000000001,24.490669,0.202708,2.8029169999999999,0.014874999999999999,27.575044999999999,34.505296000046656,824527.84221000003,824527.84279300005
1892,2084,8193,1,824528.28700000001,824543.92704500002,824570.66383900004,0.485626,0.4293329999782145,0.00029100000392645597,0.059499999973922968,1.886792,24.016711000000001,0.20970900000000001,2.8682500000000002,0.015458,26.746127999999999,42.376839000033215,824544.40333700005,824544.40362800006
1893,2085,8193,1,824536.67700000003,824547.06771199999,824574.14254799997,0.47133399999999998,0.41066699998918921,0.00029100000392645597,0.055709000094793737,1.9620420000000001,23.138794000000001,0.205625,2.958666,0.014291,27.087378000000001,37.465547999949194,824547.52650399995,824547.52679499995
1894,2086,8193,1,824544.99199999997,824554.55508800002,824581.38375699997,0.49262499999999998,0.43487499991897494,0.00029200001154094934,0.011957999900914729,1.9238329999999999,24.108001999999999,0.21379200000000001,2.8839999999999999,0.017500000000000002,26.838003,36.391757000004873,824555.03837900003,824555.03867100005
1895,2088,8193,1,824561.63,824570.76300599996,824599.16667499999,0.54133299999999995,0.43895800004247576,0.00087499991059303284,2.9271670000161976,1.859083,22.881252,0.207958,2.7469169999999998,0.023042,28.459669000000002,37.536674999981187,824571.24863100005,824571.24950599996
1896,2089,8193,1,824569.95499999996,824577.38179799996,824604.41959299997,3.7091249999999998,0.4701670000795275,0,0.060375000000931323,1.893208,24.312753000000001,0.229542,2.9090829999999999,0.0093329999999999993,30.232127999999999,34.464593000011519,824577.89659000002,824577.89659000002
1897,2090,8193,1,824578.33100000001,824585.69196600001,824609.68009299994,4.6748329999999996,0.42204099998343736,0.00058399990666657686,0.017500000074505806,1.9390000000000001,21.326377000000001,0.214084,2.8501669999999999,0.0096249999999999999,28.198043999999999,31.349092999938875,824586.15688200004,824586.15746599995
1898,2091,8193,1,824586.66299999994,824599.26992500003,824628.18284499994,0.52324999999999999,0.46637499995995313,0.00058300001546740532,0.013416999951004982,1.882125,26.261085999999999,0.20708299999999999,2.7200839999999999,0.019833,28.923711000000001,41.519845000002533,824599.78238400002,824599.78296700004
1899,2092,8193,1,824594.99300000002,824604.52575899998,824630.68913700001,0.49816700000000003,0.43925000005401671,0.00029200001154094934,0.059499999973922968,1.915667,23.395752000000002,0.26016699999999998,3.1012919999999999,0.027415999999999999,26.174752999999999,35.696136999991722,824605.01255099999,824605.012843
1900,2093,8193,1,824603.33100000001,824610.69334300002,824639.59459600004,1.4866250000000001,0.47133400000166148,0.0011669999221339822,0.013417000067420304,1.845083,26.276544000000001,0.20883299999999999,2.923667,0.021000000000000001,29.870753000000001,36.263596000033431,824611.21046800003,824611.21163499996
1901,2095,8193,1,824619.95499999996,824628.27734499995,824657.33551500004,0.53929199999999999,0.4456670000217855,0.00029100000392645597,0.096833999967202544,1.901667,26.324960999999998,0.206208,2.7696670000000001,0.021874999999999999,29.108920000000001,37.380515000084415,824628.76588700002,824628.76617800002
1902,2096,8193,1,824628.32999999996,824635.73701200006,824662.71005700005,5.4232500000000003,0.44216699991375208,0.00058400002308189869,0.05775000003632158,1.853251,24.317419000000001,0.21787500000000001,2.8682500000000002,0.01925,31.908045000000001,34.380057000089437,824636.22526199999,824636.22584600002
1903,2097,8193,1,824636.64500000002,824644.06380500004,824670.71572400001,4.9084589999999997,0.43662499997299165,0.00029200001154094934,0.012833000044338405,1.850625,24.014961,0.21116699999999999,2.8110840000000001,0.017791999999999999,31.079419999999999,34.07072399999015,824644.54476299998,824644.545055
1904,2098,8193,1,824644.95999999996,824657.39530600002,824683.87310099998,0.52324999999999999,0.47395899996627122,0.00058300001546740532,0.054250000044703484,1.8792089999999999,23.783961000000001,0.200959,2.8192499999999998,0.024209000000000001,26.482752999999999,38.91310100001283,824657.91359799996,824657.91418099997
1905,2099,8193,1,824653.33400000003,824662.76488999999,824689.15868400002,0.52704200000000001,0.462000000057742,0.00029100000392645597,0.057749999919906259,1.862876,23.712503000000002,0.21204200000000001,2.8466670000000001,0.010792,26.399044,35.824683999991976,824663.28668200003,824663.28697300004
1906,2100,8193,1,824661.66299999994,824670.84464100003,824695.26210199995,0.48620799999999997,0.4299170000012964,0.00029200001154094934,0.014874999993480742,1.94425,21.683378000000001,0.20824999999999999,3.0557919999999998,0.018083999999999999,24.427085999999999,33.599102000007406,824671.32122399996,824671.32151599997
1907,2101,8193,1,824669.99199999997,824683.98276699998,824712.90939499997,0.47599999999999998,0.41854199999943376,0.00029200001154094934,0.063874999992549419,1.9279170000000001,26.206835999999999,0.2205,2.9052920000000002,0.018957999999999999,28.937418999999998,42.917394999996759,824684.44826700003,824684.44855900004
1908,2102,8193,1,824678.326,824689.20739300002,824714.09939500003,0.47920800000000002,0.42087499995250255,0.00058400002308189869,0.02858299994841218,1.868709,22.291502000000001,0.205625,2.833542,0.017500000000000002,24.903669000000001,35.77339500002563,824689.67493400001,824689.67551800003
1909,2103,8193,1,824686.66200000001,824695.441185,824724.26339600002,0.44683299999999998,0.39258300000801682,0.00029200001154094934,0.013707999954931438,1.876584,26.210336000000002,0.20183400000000001,2.8551250000000001,0.018667,28.831544000000001,37.601396000012755,824695.878685,824695.87897700001
1910,2105,8193,1,824703.32700000005,824713.00710299995,824739.44902299996,0.58770900000000004,0.48854200006462634,0.00058300001546740532,0.067959000007249415,1.853542,23.745460000000001,0.20125000000000001,2.7749169999999999,0.017791999999999999,26.497045,36.122022999916226,824713.53968699998,824713.54027
1911,2106,8193,1,824711.65899999999,824719.06327100005,824744.78827300004,5.3970000000000002,0.47599999990779907,0.00058300001546740532,0.063874999992549419,1.8970009999999999,23.003169,0.199209,2.8583340000000002,0.021000000000000001,30.599627999999999,33.129273000056855,824719.58535399998,824719.585937
1912,2107,8193,1,824720.00199999998,824727.35797999997,824752.60114899999,3.4827919999999999,0.44070799998007715,0,0.008750000037252903,1.8754169999999999,22.635376999999998,0.20912500000000001,3.0277919999999998,0.012541999999999999,28.241793999999999,32.599149000016041,824727.84214700002,824727.84214700002
1913,2108,8193,1,824728.32900000003,824739.50210599997,824766.31940000004,0.48066700000000001,0.41474999999627471,0,0.059790999977849424,1.9238329999999999,24.114127,0.20416699999999999,3.0178750000000001,0.020708000000000001,26.826627999999999,37.990400000009686,824739.97343999997,824739.97343999997
1914,2109,8193,1,824736.63500000001,824744.888607,824771.08377599996,0.486209,0.43020800000522286,0.00058299989905208349,0.063292000093497336,1.9655419999999999,23.385835,0.2135,3.0942919999999998,0.016916,26.204502999999999,34.44877599994652,824745.36548200005,824745.36606499995
1915,2110,8193,1,824744.97900000005,824752.665316,824777.24961000006,0.44420900000000002,0.38558300002478063,0.00029100000392645597,0.011375000001862645,1.911292,21.953168999999999,0.20300000000000001,3.0280840000000002,0.015458,24.597128000000001,32.270610000006855,824753.09669100004,824753.09698200005
1916,2111,8193,1,824753.34400000004,824766.37860900001,824792.73098600004,0.53316699999999995,0.47250000003259629,0.00058300001546740532,0.064750000019557774,1.917125,23.608086,0.202125,2.7763749999999998,0.018083999999999999,26.364336000000002,39.386985999997705,824766.89952600002,824766.90010900004
1917,2112,8193,1,824761.63800000004,824771.149401,824797.640029,0.504583,0.45208299998193979,0.00029200001154094934,0.065915999934077263,1.9573750000000001,23.727668999999999,0.21437500000000001,2.942917,0.014291999999999999,26.497336000000001,36.002028999966569,824771.647276,824771.64756800001
1918,2113,8193,1,824769.95799999998,824777.37327700004,824801.41244600003,0.56145800000000001,0.44245799991767853,0.00058400002308189869,0.013124999939464033,1.8865000000000001,21.353211000000002,0.21320800000000001,2.928334,0.018374999999999999,24.110918999999999,31.454446000047028,824777.862693,824777.86327700003
1919,2114,8193,1,824778.33700000006,824792.78786100005,824824.08048999996,0.48795899999999998,0.42291699990164489,0.00087500002700835466,0.068541000015102327,1.915375,28.557960999999999,0.20008300000000001,2.9254169999999999,0.015167,31.304587000000001,45.74348999990616,824793.26386199996,824793.26473699999
1920,2115,8193,1,824786.63699999999,824797.68815399997,824824.13794799999,0.49145800000000001,0.43866600003093481,0.00029200001154094934,0.053375000017695129,1.891459,22.893502000000002,0.21845800000000001,2.7486670000000002,0.0061250000000000002,26.456793999999999,37.50094800000079,824798.17261200002,824798.17290400004
1921,2116,8193,1,824794.99399999995,824802.39419599995,824831.39899000002,1.4183749999999999,0.44858300010673702,0,0.013124999939464033,1.87425,26.334002999999999,0.20912500000000001,2.8918750000000002,0.020708000000000001,29.930253,36.40499000006821,824802.88740400004,824802.88740400004
1922,2118,8193,1,824811.67200000002,824824.18548999995,824849.54853399994,0.52820800000000001,0.43516600003931671,0,0.021875000093132257,1.8135840000000001,22.791418,0.21875,2.8163339999999999,0.021000000000000001,25.412336,37.876533999922685,824824.66469799995,824824.66469799995
1923,2119,8193,1,824819.995,824827.40199000004,824855.95411799999,3.2094999999999998,0.43720799998845905,0.00058399990666657686,0.069125000038184226,1.8532500000000001,25.893877,0.22195799999999999,2.9379590000000002,0.011958,31.278919999999999,35.959117999998853,824827.88469800004,824827.88528199994
1924,2120,8193,1,824828.34100000001,824835.75269899995,824859.65361799998,4.7436670000000003,0.44362500007264316,0,0.013999999966472387,1.839834,21.326084999999999,0.20941699999999999,2.8361670000000001,0.013708,28.158961000000001,31.312617999967188,824836.23861600005,824836.23861600005
1925,2121,8193,1,824836.62100000004,824849.60220099997,824875.05828600004,0.55329200000000001,0.49816600000485778,0.00029100000392645597,0.058624999946914613,1.9002079999999999,22.712669000000002,0.206791,3.0067919999999999,0.017500000000000002,25.465126999999999,38.437286000000313,824850.14645100001,824850.14674200001
1926,2122,8193,1,824844.99800000002,824856.02645100001,824886.18566299998,0.53958300000000003,0.48154199996497482,0.00029100000392645597,0.0090419999323785305,1.91625,27.475878000000002,0.200375,2.857167,0.011375,30.170003000000001,41.187662999960594,824856.55553500005,824856.55582600005
1927,2123,8193,1,824853.32999999996,824860.71061800001,824886.21978799999,1.4673750000000001,0.41562500002328306,0.00029200001154094934,0.014582999981939793,1.8666670000000001,21.392294,0.25054199999999999,2.8915829999999998,0.003209,26.513377999999999,32.889788000029512,824861.17378499999,824861.174077
1928,2124,8193,1,824861.66399999999,824875.11049500003,824903.68916399998,0.46958299999999997,0.412999999942258,0.00029200001154094934,0.058624999946914613,1.915667,25.825627000000001,0.22720799999999999,3.0441250000000002,0.017500000000000002,28.589461,42.025163999991491,824875.56928599998,824875.569578
1929,2126,8193,1,824878.32900000003,824886.27199599997,824910.16970700002,0.48241699999999998,0.38383300008717924,0.077582999947480857,0.020417000050656497,1.8765829999999999,21.183461000000001,0.230709,2.8087499999999999,0.016625000000000001,23.952252999999999,31.840706999995746,824886.69987100002,824886.77745399997
1930,2127,8193,1,824886.64300000004,824894.05774700001,824923.31425000005,7.7883760000000004,0.48124999995343387,0.00058300001546740532,0.064458000008016825,1.881251,26.516293999999998,0.22370799999999999,2.8717510000000002,0.023042,36.517254000000001,36.67125000001397,824894.585372,824894.58595500002
1931,2128,8193,1,824894.96799999999,824903.73903900001,824932.51604200003,0.52645900000000001,0.47395899996627122,0,0.061249999911524355,1.8520829999999999,26.112919999999999,0.20649999999999999,2.9875419999999999,0.0081670000000000006,28.781962,37.548042000038549,824904.26024800004,824904.26024800004
1932,2129,8193,1,824903.29099999997,824910.69208199997,824937.55954299995,0.91670799999999997,0.44654100004117936,0,2.8352920000907034,1.868709,21.369834999999998,0.202708,2.8005840000000002,0.017791999999999999,27.294460999999998,34.268542999983765,824911.18178999994,824911.18178999994
1933,2130,8193,1,824911.66899999999,824923.36062499997,824952.87437800004,0.51654100000000003,0.46812500001396984,0.00058300001546740532,0.062417000066488981,1.851208,26.83567,0.20941699999999999,2.9481670000000002,0.022749999999999999,29.517835999999999,41.205378000042401,824923.87308299995,824923.87366599997
1934,2131,8193,1,824919.995,824932.56591700006,824958.98042000004,0.50924999999999998,0.45354199991561472,0.00029200001154094934,0.01195800001733005,1.878625,23.787752000000001,0.21087600000000001,2.885167,0.012833000000000001,26.425585999999999,38.985420000040904,824933.06408399995,824933.06437599997
1935,2132,8193,1,824928.33200000005,824937.66716800001,824961.589087,0.46550000000000002,0.41008299996610731,0.00058300001546740532,0.0081670000217854977,1.9311259999999999,21.310044000000001,0.19483300000000001,3.0274999999999999,0.011375,23.932711000000001,33.257086999947205,824938.12187599996,824938.12245899998
1936,2134,8193,1,824944.95799999998,824953.01350300002,824985.28613100003,0.51595899999999995,0.41679099993780255,0.00058300001546740532,0.060375000000931323,1.906625,29.602710999999999,0.202708,2.8638750000000002,0.018957999999999999,32.326587000000004,40.328131000045687,824953.47550299997,824953.47608599998
1937,2135,8193,1,824953.30599999998,824960.71933700005,824989.339423,2.1842920000000001,0.43720799998845905,0.00029100000392645597,0.057167000020854175,1.8284590000000001,26.003544000000002,0.21233299999999999,2.962459,0.012541,30.322545000000002,36.033423000015318,824961.20146200003,824961.20175300003
1938,2136,8193,1,824961.66200000001,824969.06450400001,824994.81458999997,7.9508340000000004,0.46695899998303503,0.00029200001154094934,0.011082999990321696,1.836333,23.114294000000001,0.19716600000000001,2.8866260000000001,0.017791999999999999,33.187877999999998,33.152589999954216,824969.57754600001,824969.57783800003
1939,2137,8193,1,824969.97199999995,824985.33454700001,825012.99767499999,0.50137600000000004,0.45237600000109524,0,0.051625000080093741,1.8514999999999999,25.008378,0.21612500000000001,2.8802080000000001,0.022749999999999999,27.668378000000001,43.025675000040792,824985.83096399996,824985.83096399996
1940,2138,8193,1,824978.31900000002,824989.40038100001,825016.407259,0.57720899999999997,0.51099999994039536,0.00058300001546740532,0.059791999985463917,1.8383750000000001,21.697669000000001,0.20591699999999999,3.022834,0.0043750000000000004,27.013877999999998,38.088258999981917,824989.97059000004,824989.97117300006
1941,2139,8193,1,824986.64000000001,824994.91288199998,825018.78113400005,0.48766700000000002,0.43079200002830476,0.00029100000392645597,0.010500000091269612,1.8634580000000001,21.304794000000001,0.19775000000000001,2.8212920000000001,0.0035000000000000001,23.878169,32.141134000034072,824995.39092399995,824995.39121499995
1942,2141,8193,1,825003.33700000006,825013.10063400003,825041.94092800003,0.51537500000000003,0.41416599997319281,0.00029200001154094934,2.9729579999111593,1.844792,23.321960000000001,0.19687499999999999,2.713959,0.024791000000000001,28.895710999999999,38.603927999967709,825013.56059200002,825013.56088400004
1943,2142,8193,1,825011.64300000004,825019.04509300005,825045.30384499999,2.9750009999999998,0.37916599994059652,0.00029200001154094934,0.055124999955296516,1.869583,23.524961000000001,0.19950100000000001,2.7276669999999998,0.0046670000000000001,28.812878000000001,33.660844999947585,825019.46625900001,825019.46655100002
1944,2143,8193,1,825019.97199999995,825027.38355200004,825052.021221,8.4034999999999993,0.45208299998193979,0.00058300001546740532,0.011958999908529222,1.862584,21.999251999999998,0.219916,2.830333,0.015166000000000001,32.543877999999999,32.049221000052057,825027.88113500003,825027.88171800005
1945,2144,8193,1,825028.30200000003,825041.99342800002,825071.88955600001,0.47249999999999998,0.41737499996088445,0,2.8942080000415444,1.9212089999999999,24.362919000000002,0.199208,2.7116250000000002,0.018667,29.907211,43.587555999984033,825042.45513699995,825042.45513699995
1946,2145,8193,1,825036.625,825045.33884500002,825071.92805600003,0.50808299999999995,0.45704200002364814,0.00058400002308189869,0.049875000026077032,1.9804170000000001,23.201502000000001,0.21612500000000001,2.9925009999999999,0.0032079999999999999,26.594169000000001,35.303056000033394,825045.84196999995,825045.84255399997
1947,2146,8193,1,825044.99899999995,825052.39309599996,825076.85488999996,0.80412499999999998,0.47950000001583248,0.00029200001154094934,0.0081670000217854977,1.8622920000000001,21.860419,0.19104199999999999,3.033334,0.0029160000000000002,24.741211,31.855890000006184,825052.91780399997,825052.91809599998
1948,2148,8193,1,825061.66099999996,825071.98172299995,825097.75222499995,0.473667,0.37537500006146729,0.00029100000392645597,0.05775000003632158,1.86375,23.151627000000001,0.231292,2.7431260000000002,0.028292000000000001,25.825627000000001,36.091224999981932,825072.40026499995,825072.40055599995
1949,2149,8193,1,825069.99399999995,825077.40643199999,825104.47193400003,5.4279169999999999,0.38791599997784942,0.00029200001154094934,0.057458000024780631,1.8445,24.446044000000001,0.20474999999999999,2.700542,0.016334000000000001,32.062044999999998,34.477934000082314,825077.83751500002,825077.83780700003
1950,2150,8193,1,825078.32900000003,825085.69297400001,825115.41351900005,8.2713760000000001,0.38704199995845556,0.00029200001154094934,0.014582999981939793,1.8853329999999999,27.08417,0.21058299999999999,2.9478759999999999,0.021000000000000001,37.561129000000001,37.084519000025466,825086.12376600003,825086.12405800004
1951,2151,8193,1,825086.67200000002,825097.821642,825122.46572800004,0.55650100000000002,0.49612499994691461,0.00058300001546740532,0.07437499996740371,1.8847499999999999,21.878502999999998,0.222834,2.9047079999999998,0.016625000000000001,24.656628000000001,35.793728000018746,825098.36560100003,825098.36618400004
1952,2152,8193,1,825095.00199999998,825104.52414300002,825133.58814600005,0.52208299999999996,0.47074999997857958,0.00029200001154094934,0.060082999989390373,1.8625830000000001,26.385045000000002,0.20854200000000001,2.8026249999999999,0.015167,29.069253,38.586146000074223,825105.04097600002,825105.04126800003
1953,2153,8193,1,825103.33700000006,825115.47331100004,825142.51810500002,0.57633299999999998,0.52704099996481091,0.00029200001154094934,2.7670419999631122,1.892333,21.568752,0.214666,2.7320419999999999,0.010208,27.050044,39.181104999966919,825116.04439399997,825116.04468599998
1954,2154,8193,1,825111.66200000001,825122.52406099997,825151.64639799995,0.504583,0.45354200003203005,0.00058300001546740532,0.0093339999439194798,1.892042,26.479253,0.20474999999999999,2.9408759999999998,0.020125000000000001,29.127877999999999,39.984397999942303,825123.02310300001,825123.02368600003
1955,2155,8193,1,825119.99800000002,825133.68381199997,825160.72452299995,0.44741599999999998,0.39520899998024106,0.00029200001154094934,0.06358299998100847,1.957667,24.343959999999999,0.21087500000000001,2.9478749999999998,0.010500000000000001,27.049752000000002,40.726522999932058,825134.122187,825134.12247900001
1956,2156,8193,1,825128.31599999999,825142.570313,825166.80081599997,0.57341600000000004,0.51070900005288422,0.00029200001154094934,0.015458000008948147,1.8118339999999999,21.601127000000002,0.20766699999999999,2.874959,0.015167,24.243919000000002,38.484815999981947,825143.13031299994,825143.13060499995
1957,2157,8193,1,825136.66899999999,825151.75898100005,825177.58635799994,0.47570899999999999,0.41795799997635186,0.00029099988751113415,0.05658400000538677,1.9868330000000001,23.072586000000001,0.206209,2.986084,0.023625,25.839044000000001,40.917357999947853,825152.22302300006,825152.22331399994
1958,2159,8193,1,825153.30500000005,825160.84323200001,825195.11786,0.49583300000000002,0.39579199999570847,0.00029199989512562752,2.965375000028871,1.9057500000000001,28.734127999999998,0.19541700000000001,2.8743750000000001,0.014874999999999999,34.331502999999998,41.81285999994725,825161.28219000006,825161.28248199995
1959,2160,8193,1,825161.67099999997,825169.06677399995,825195.16831900005,2.6952919999999998,0.42291700001806021,0.00029200001154094934,0.008750000037252903,1.872209,21.571376999999998,0.20533399999999999,2.9216259999999998,0.0067080000000000004,28.329003,33.49731900007464,825169.53431599995,825169.53460799996
1960,2161,8193,1,825169.97900000005,825177.64410799998,825202.721319,0.43954199999999999,0.38733399996999651,0.00029200001154094934,0.064750000019557774,1.9174169999999999,22.372001999999998,0.24120800000000001,2.8023340000000001,0.030041999999999999,25.083919000000002,32.742318999953568,825178.07694199996,825178.07723399997
1961,2163,8193,1,825186.66000000003,825195.28761,825224.01590500004,0.47366599999999998,0.38441699999384582,0.00029200001154094934,0.01195800001733005,1.8654999999999999,26.128086,0.21087500000000001,2.8775840000000001,0.018959,28.774961000000001,37.355905000003986,825195.71461000002,825195.71490200004
1962,2164,8193,1,825194.95799999998,825202.41536099999,825228.12023899995,7.1408759999999996,0.40599999995902181,0.00029100000392645597,0.053375000017695129,1.8223339999999999,23.135877000000001,0.20854200000000001,2.7778339999999999,0.015167,32.393962000000002,33.162238999968395,825202.86715299997,825202.86744399997
1963,2165,8193,1,825203.31000000006,825210.72756999999,825237.66969799995,8.3416680000000003,0.44858399999793619,0.00029200001154094934,0.059790999977849424,1.854125,24.295835,0.217001,2.8860420000000002,0.0075830000000000003,34.791753999999997,34.359697999898344,825211.21961200004,825211.21990400006
1964,2166,8193,1,825211.66500000004,825224.07044599997,825246.15399000002,0.54862599999999995,0.49875100003555417,0.00029100000392645597,0.011667000013403594,1.94425,19.29871,0.238875,3.49125,0.011958999999999999,22.089669000000001,34.48898999998346,825224.61294699996,825224.61323799996
1965,2167,8193,1,825219.99399999995,825228.16661399999,825253.22544900002,0.55066599999999999,0.50137499999254942,0,0.065624999930150807,1.9174169999999999,22.283919000000001,0.208541,2.8568760000000002,0.01925,25.064084999999999,33.231449000071734,825228.71203000005,825228.71203000005
1966,2168,8193,1,825228.29000000004,825237.77761500003,825262.11836700002,0.46287499999999998,0.408915999927558,0.00029200001154094934,0.071165999979712069,1.9888749999999999,21.531127000000001,0.20912500000000001,2.9977499999999999,0.014,24.350669,33.828366999980062,825238.23057300004,825238.23086500005
1967,2169,8193,1,825236.61899999995,825246.20649000001,825271.27903500001,0.54920899999999995,0.49029200000222772,0.00058300001546740532,0.012542000040411949,1.945125,22.285668999999999,0.21262500000000001,3.099542,0.017791999999999999,25.084795,34.660035000066273,825246.74344899994,825246.74403199996
1968,2170,8193,1,825244.95200000005,825253.29778300005,825279.86132699996,0.47016599999999997,0.41095799999311566,0.00029200001154094934,0.059207999962382019,1.9028339999999999,23.888960000000001,0.21904199999999999,2.975292,0.016916,26.577544,34.909326999913901,825253.75394900003,825253.75424100005
1969,2171,8193,1,825253.33200000005,825262.16824200004,825288.43662000005,0.45120900000000003,0.39899999997578561,0.00029100000392645597,0.058916999958455563,1.9462919999999999,23.515335,0.21729200000000001,2.9852080000000001,0.011667,26.275670000000002,35.104619999998249,825262.61215900001,825262.61245000002
1970,2172,8193,1,825261.66500000004,825271.33882599999,825295.932745,0.44450000000000001,0.38995900005102158,0.00029200001154094934,0.014874999993480742,1.978375,21.918461000000001,0.21058299999999999,3.062792,0.017791999999999999,24.601503000000001,34.267744999960996,825271.77545099996,825271.77574299998
1971,2173,8193,1,825269.99399999995,825279.91674400005,825309.06445499999,0.450625,0.39258300000801682,0.00058300001546740532,0.065917000058107078,1.982167,26.415085999999999,0.21029200000000001,2.952251,0.017500000000000002,29.160253000000001,39.070455000037327,825280.35482699994,825280.35540999996
1972,2174,8193,1,825278.33200000005,825288.48766099999,825313.80637200002,0.47337499999999999,0.4141669999808073,0.00029200001154094934,0.058916999958455563,1.935792,22.620501999999998,0.21233399999999999,2.914625,0.016042000000000001,25.331835999999999,35.474371999967843,825288.947911,825288.94820300001
1973,2175,8193,1,825286.62899999996,825295.99603699998,825325.38612299995,0.51158300000000001,0.45995799999218434,0.00029200001154094934,0.011666000005789101,1.8719170000000001,26.749044000000001,0.221667,2.7008329999999998,0.01575,29.397086000000002,38.757122999988496,825296.50091199996,825296.50120399997
1974,2176,8193,1,825294.99399999995,825309.11812200001,825335.69887399999,0.53170899999999999,0.47454099997412413,0.00029100000392645597,0.028584000072441995,1.864625,23.908501999999999,0.216417,2.9434999999999998,0.020708000000000001,26.590085999999999,40.704874000046402,825309.64049699996,825309.64078799996
1975,2177,8193,1,825303.32499999995,825313.86353900004,825342.32670800004,0.46345900000000001,0.40395800000987947,0.00029100000392645597,0.016624999931082129,1.9480409999999999,25.760586,0.2135,2.8600829999999999,0.01225,28.473960999999999,39.001708000083454,825314.31620600005,825314.31649700005
1976,2178,8193,1,825311.66200000001,825325.45554,825349.42500100005,0.49262499999999998,0.4328329999698326,0.00058300001546740532,0.012250000028871,1.8045420000000001,21.434293,0.20766699999999999,2.9070420000000001,0.01575,23.983751999999999,37.763001000043005,825325.93358199997,825325.93416499998
1977,2180,8193,1,825328.33299999998,825335.80416599999,825364.69491900003,0.59266700000000005,0.49583300005178899,0.00029100000392645597,0.028584000072441995,1.939292,26.144711000000001,0.20649999999999999,2.9790830000000001,0.01925,28.944711000000002,36.361919000046328,825336.34258299996,825336.34287399997
1978,2181,8193,1,825336.66200000001,825344.05862499995,825372.66558599996,2.1959590000000002,0.45762500003911555,0.00029200001154094934,0.051041000057011843,1.9474590000000001,25.854210999999999,0.212917,2.8980000000000001,0.021291999999999998,30.300377999999998,36.003585999947973,825344.56116699998,825344.56145899999
1979,2182,8193,1,825344.96999999997,825352.41662599996,825376.36362800002,3.3725420000000002,0.39083300007041544,0.00058399990666657686,0.011375000001862645,1.8383750000000001,21.371293999999999,0.20970900000000001,2.8554170000000001,0.017791999999999999,26.883210999999999,31.393628000048921,825352.85295900004,825352.85354299995
1980,2183,8193,1,825353.30900000001,825364.754419,825393.42467199999,0.49204199999999998,0.43516700004693121,0.00087500002700835466,0.061832999926991761,1.855583,25.959793999999999,0.21962499999999999,2.9260000000000002,0.014874999999999999,28.679003000000002,40.115671999985352,825365.23741900001,825365.23829400004
1981,2184,8193,1,825361.67299999995,825372.71487799997,825399.02904699999,0.513625,0.46374999999534339,0.00029200001154094934,0.059790999977849424,1.8759999999999999,23.615960999999999,0.20591599999999999,2.9332919999999998,0.031208,26.318836000000001,37.356047000037506,825373.22412799997,825373.22441999998
1982,2185,8193,1,825369.99899999995,825377.35937900003,825401.59192300006,1.4347080000000001,0.44070799998007715,0,0.013416999951004982,1.8955420000000001,20.652919000000001,0.199209,2.9834589999999999,0.011958999999999999,25.183961,31.592923000105657,825377.84296200005,825377.84296200005
1983,2186,8193,1,825378.33700000006,825393.48650500004,825419.75517400005,0.56204200000000004,0.49933399993460625,0.00029200001154094934,0.074957999982871115,1.8666659999999999,23.524377999999999,0.21145900000000001,3.0065,0.021583999999999999,26.278293999999999,41.418173999991268,825394.03892199998,825394.03921399999
1984,2187,8193,1,825386.67000000004,825399.08300600003,825427.76113400003,0.53870799999999996,0.48095799994189292,0.00029200001154094934,0.010207999963313341,1.8453759999999999,26.016670000000001,0.198625,2.981125,0.0093329999999999993,28.684252999999998,41.091133999987505,825399.61529700004,825399.61558900005
1985,2188,8193,1,825394.995,825402.36221399996,825427.79671699996,1.2104170000000001,0.43195900006685406,0.00029100000392645597,0.010208999970927835,1.891167,20.95946,0.20854200000000001,2.7332079999999999,0.0035000000000000001,26.169502999999999,32.80171699996572,825402.83792299998,825402.83821399999
1986,2190,8193,1,825411.65599999996,825419.84675799997,825453.99013599998,0.57750000000000001,0.48270799999590963,0.00029200001154094934,2.8282909999834374,1.943376,28.561753,0.202708,2.7340840000000002,0.014584,34.192377999999998,42.334136000019498,825420.37525799999,825420.37555
1987,2191,8193,1,825419.98499999999,825427.79875900003,825454.10942800005,0.44712499999999999,0.39783299993723631,0.021583000081591308,0.0093329999363049865,1.802208,21.021001999999999,0.207375,2.795334,0.0061250000000000002,26.315044,34.124428000068292,825428.24150899996,825428.26309200004
1988,2192,8193,1,825428.32900000003,825435.73384300002,825464.69080400001,7.9420840000000004,0.43604099994990975,0.00058299989905208349,0.05775000003632158,1.915959,26.206544000000001,0.21379100000000001,2.8910010000000002,0.016333,36.418962000000001,36.361803999985568,825436.21392600005,825436.21450899995
1989,2194,8193,1,825444.99699999997,825454.15901099995,825480.57118099998,0.47220899999999999,0.37800000002607703,0.00029100000392645597,0.0078750000102445483,1.7946249999999999,23.937086000000001,0.217,2.7422499999999999,0.018667,26.463795000000001,35.574181000003591,825454.57959500002,825454.57988600002
1990,2195,8193,1,825453.29099999997,825460.73317899997,825489.65105700004,6.6371669999999998,0.4462500000372529,0.001167000038549304,0.064165999996475875,1.8841669999999999,26.236001999999999,0.205042,2.7845420000000001,0.018374999999999999,35.063294999999997,36.36005700007081,825461.22463700001,825461.22580400005
1991,2196,8193,1,825461.66899999999,825469.08301299997,825494.80538999999,4.8040419999999999,0.42204099998343736,0.00029200001154094934,0.062707999954000115,1.9092499999999999,23.045753000000001,0.20883399999999999,2.9271669999999999,0.014,30.060628000000001,33.136389999999665,825469.54880400002,825469.54909600003
1992,2197,8193,1,825470,825480.64118100004,825503.99230799999,0.53812499999999996,0.48183299996890128,0.00029100000392645597,0.012250000028871,1.859375,20.717960000000001,0.20008400000000001,2.898584,0.021583999999999999,23.362501999999999,33.992307999986224,825481.167931,825481.16822200001
1993,2198,8193,1,825478.29000000004,825489.70238999999,825516.50422600005,0.520625,0.46258299995679408,0.00029100000392645597,0.072042000014334917,1.9057500000000001,24.064544000000001,0.21554200000000001,3.2509169999999998,0.016041,26.810293999999999,38.214226000010967,825490.21455699997,825490.21484799997
1994,2199,8193,1,825486.66299999994,825494.92963999999,825524.592435,0.44683400000000001,0.39316700003109872,0.00029100000392645597,0.057749999919906259,1.997625,26.940377999999999,0.203875,2.8592080000000002,0.0084580000000000002,29.670670000000001,37.929435000056401,825495.36859900004,825495.36889000004
1995,2200,8193,1,825494.96100000001,825504.05880799994,825527.90926900005,0.497,0.43604200007393956,0.00029200001154094934,0.010790999978780746,1.8340000000000001,21.297792999999999,0.19658300000000001,2.9554589999999998,0.012541999999999999,23.862711000000001,32.948269000044093,825504.543558,825504.54385000002
1996,2201,8193,1,825503.33700000006,825516.55964300002,825545.54693700001,0.55270900000000001,0.49466600001323968,0.00029100000392645597,0.081083999946713448,1.8812500000000001,26.185251999999998,0.21174999999999999,2.8805010000000002,0.016333,28.997211,42.209936999948695,825517.102143,825517.102434
1997,2202,8193,1,825511.66200000001,825524.63297699997,825550.70768800005,0.50195800000000002,0.43925000005401671,0.00058300001546740532,0.060375000000931323,1.882708,23.388753000000001,0.21116699999999999,2.876125,0.021874999999999999,26.083461,39.045688000041991,825525.12618499994,825525.12676799996
1998,2203,8193,1,825520,825528.02418499999,825551.64831299998,0.52558300000000002,0.47133400000166148,0.00058300001546740532,0.013125000055879354,1.873084,20.958584999999999,0.19891700000000001,3.0178750000000001,0.0090419999999999997,23.634043999999999,31.648312999983318,825528.53985199996,825528.54043499997
1999,2205,8193,1,825536.67200000002,825545.65456199995,825574.64593999996,0.60666699999999996,0.49991700006648898,0.00058400002308189869,0.013999999966472387,1.9092499999999999,26.226960999999999,0.20708299999999999,2.8930419999999999,0.017208000000000001,29.049420000000001,37.973939999938011,825546.20318700001,825546.20377100003
2000,2206,8193,1,825545.00300000003,825552.391771,825577.555024,2.0714169999999998,0.38820899999700487,0.00029100000392645597,0.058333999942988157,1.8579159999999999,22.513461,0.22720799999999999,2.8093340000000002,0.014874999999999999,26.803878000000001,32.552023999975063,825552.82285500003,825552.82314600004
2001,2207,8193,1,825553.32999999996,825560.73985500005,825585.637399,8.4236260000000005,0.47308399993926287,0.00029200001154094934,0.01195800001733005,1.905459,22.218585000000001,0.200375,2.9855,0.01575,32.802587000000003,32.307399000041187,825561.25814699999,825561.258439
2002,2208,8193,1,825561.63,825574.70602299995,825601.23369300005,0.48999999999999999,0.43225000007078052,0.00029100000392645597,0.064459000015631318,1.887375,23.848711000000002,0.20766599999999999,3.1150009999999999,0.017500000000000002,26.538753,39.603693000040948,825575.18523199996,825575.18552299996
2003,2209,8193,1,825570,825577.600232,825605.37798500003,0.46375,0.4094999999506399,0.00029200001154094934,0.0052499999292194843,1.983042,25.032585000000001,0.21087500000000001,2.9219170000000001,0.011958,27.783878000000001,35.377985000028275,825578.05785700004,825578.05814900005
2004,2210,8193,1,825578.29200000002,825585.71789900004,825609.51673499995,0.49058400000000002,0.41329199995379895,0.00029200001154094934,0.012541000032797456,1.897875,21.191918999999999,0.20358399999999999,2.9388329999999998,0.016041,23.832086,31.224734999937937,825586.17523299996,825586.17552499997
2005,2211,8193,1,825586.66399999999,825601.28531800001,825627.94365399994,0.54833299999999996,0.49145800003316253,0.00029200001154094934,0.053958000033162534,1.897292,23.877586000000001,0.20854200000000001,2.8565839999999998,0.016334000000000001,26.669128000000001,41.279653999954462,825601.82285899995,825601.82315099996
2006,2212,8193,1,825594.96299999999,825605.43165100005,825631.53436199995,0.55912499999999998,0.49641699995845556,0.00029199989512562752,0.066791000077500939,1.998791,22.972836000000001,0.22020799999999999,3.1065420000000001,0.016625000000000001,26.118752000000001,36.571361999958754,825605.97473500005,825605.97502699995
2007,2213,8193,1,825603.30799999996,825610.75398499996,825637.19736300001,1.6697919999999999,0.43254200008232147,0.00029199989512562752,2.852208000025712,1.8745419999999999,21.008168000000001,0.20125000000000001,2.8119589999999999,0.01575,27.635128000000002,33.889363000052981,825611.23202700005,825611.23231899994
2008,2215,8193,1,825619.99100000004,825628.03261200001,825659.301615,0.55416699999999997,0.46579199994448572,0.00029100000392645597,3.0242919999873266,1.8859170000000001,25.610378000000001,0.20533399999999999,2.8434590000000002,0.016917000000000001,31.314502999999998,39.310614999965765,825628.541279,825628.54157
2009,2216,8193,1,825628.29599999997,825635.72473799996,825664.015824,4.6421679999999999,0.44537500001024455,0.00029100000392645597,0.053959000040777028,1.8716250000000001,25.619128,0.23041700000000001,2.848417,0.0090410000000000004,32.442087000000001,35.719824000028893,825636.21590499999,825636.21619599999
2010,2217,8193,1,825636.66599999997,825644.07253,825667.82032399997,7.3234589999999997,0.44741699995938689,0.00058400002308189869,0.011957999900914729,1.8325419999999999,21.163043999999999,0.20241700000000001,2.8326669999999998,0.012834,30.580378,31.154324000002816,825644.56340500002,825644.56398900005
2011,2218,8193,1,825644.97499999998,825659.36957400001,825689.26803499996,0.53462500000000002,0.48183299996890128,0.00029200001154094934,0.012250000028871,1.9095420000000001,27.201128000000001,0.20883399999999999,2.938542,0.020125000000000001,29.906044999999999,44.293034999980591,825659.89690699999,825659.897199
2012,2219,8193,1,825653.32799999998,825664.05665699998,825691.60457700002,0.48562499999999997,0.42962499998975545,0.00029200001154094934,0.057458000024780631,1.8899999999999999,24.887919,0.21962499999999999,2.9049999999999998,0.0049589999999999999,27.559003000000001,38.276577000040561,825664.53119899996,825664.53149099997
2013,2220,8193,1,825661.65399999998,825669.06370000006,825692.96316000004,1.6910829999999999,0.45179099997039884,0.00029200001154094934,0.0084580000257119536,1.8552919999999999,21.318503,0.19804099999999999,2.8839999999999999,0.0090410000000000004,25.095877000000002,31.309160000062548,825669.55836599995,825669.55865799997
2014,2222,8193,1,825678.32900000003,825689.35961799999,825718.30549599999,0.54833299999999996,0.45499999995809048,0.00029200001154094934,2.8215830000117421,1.8739589999999999,23.492877,0.20999999999999999,2.7868750000000002,0.027125,28.996335999999999,39.976495999959297,825689.857785,825689.85807700001
2015,2223,8193,1,825686.66299999994,825694.04611899995,825719.16007999994,2.8612510000000002,0.38937500002793968,0.00058400002308189869,0.079625000013038516,1.863167,22.444334999999999,0.20241700000000001,2.9032499999999999,0.0037919999999999998,27.529837000000001,32.497080000001006,825694.49178499996,825694.49236899999
2016,2224,8193,1,825694.99600000004,825702.39361999999,825726.444747,8.3652929999999994,0.43312499998137355,0.00058300001546740532,0.01079199998639524,1.9150830000000001,21.354669000000001,0.20941699999999999,3.119084,0.017208000000000001,31.938669999999998,31.44874699995853,825702.87136999995,825702.87195299997
2017,2225,8193,1,825703.35199999996,825718.34982899996,825744.45603999996,0.4375,0.38587600004393607,0.00029200001154094934,0.37829200003761798,1.9390000000000001,23.123626999999999,0.200958,3.0770840000000002,0.018959,26.113793999999999,41.104040000005625,825718.77974599996,825718.78003799997
2018,2226,8193,1,825711.66500000004,825719.18633000006,825744.51495700004,0.51916600000000002,0.46520799992140383,0.00029200001154094934,0.0093330000527203083,1.9681660000000001,22.355378000000002,0.20416699999999999,2.877583,0.0070000000000000001,25.333002,32.84995699999854,825719.70112099999,825719.701413
2019,2227,8193,1,825719.99600000004,825727.40870499995,825755.831917,1.42625,0.46520900004543364,0.00029200001154094934,2.9738339999457821,1.8987499999999999,20.951877,0.199208,2.9365000000000001,0.0078750000000000001,29.337295000000001,35.835916999960318,825727.92058000003,825727.92087200005
2020,2229,8193,1,825736.625,825744.55753999995,825769.98562599998,0.46287499999999998,0.37187500006984919,0.00029100000392645597,0.055999999982304871,1.8506260000000001,22.856459999999998,0.21495900000000001,2.9216250000000001,0.020708000000000001,25.478252000000001,33.360625999979675,825744.97024900001,825744.97054000001
2021,2230,8193,1,825744.995,825752.40541600005,825784.11979400006,7.9044590000000001,0.43399999989196658,0.00058300001546740532,2.947876000078395,1.8532500000000001,26.200126999999998,0.20591699999999999,2.848417,0.011084,39.138753999999999,39.124794000061229,825752.88520799996,825752.88579099998
2022,2231,8193,1,825753.32799999998,825760.68524999998,825787.52412800002,5.2896669999999997,0.42320900002960116,0.00029200001154094934,0.013415999943390489,1.887375,21.444502,0.22545799999999999,3.2940839999999998,0.0043750000000000004,31.660419999999998,34.196128000039607,825761.15366700001,825761.15395900002
2023,2232,8193,1,825761.64800000004,825770.03462599998,825795.33554600005,0.53229199999999999,0.48183399997651577,0.00029100000392645597,0.051334000076167285,1.88825,22.606794000000001,0.21058299999999999,2.8735010000000001,0.0035000000000000001,25.305878,33.687546000001021,825770.56195999996,825770.56225099997
2024,2233,8193,1,825769.98899999994,825784.19533599995,825813.85463099997,0.46520800000000001,0.41125000000465661,0,2.8769999999785796,1.9468749999999999,24.131336000000001,0.203292,2.775792,0.027417,29.66892,43.865631000022404,825784.65121100005,825784.65121100005
2025,2234,8193,1,825778.29399999999,825787.59821099997,825813.90275600005,0.424958,0.37391700001899153,0.00029200001154094934,0.0096250000642612576,1.9518340000000001,21.229544000000001,0.19629099999999999,3.1482510000000001,0.0029169999999999999,26.311836,35.608756000059657,825788.01587799995,825788.01616999996
2026,2235,8193,1,825786.63699999999,825795.38367100002,825820.80067300005,0.48708299999999999,0.43108300003223121,0.00029100000392645597,0.077000000048428774,1.893791,22.731919000000001,0.19775000000000001,2.951667,0.022749999999999999,25.426627,34.163673000060953,825795.86142099998,825795.86171199998
2027,2237,8193,1,825803.29799999995,825814.02029699995,825842.83054999996,0.54045799999999999,0.4421670000301674,0.00058400002308189869,0.056582999997772276,1.8733759999999999,26.148793999999999,0.207959,2.8218760000000001,0.017208999999999999,28.864211000000001,39.532550000003539,825814.50679699995,825814.50738099997
2028,2238,8193,1,825811.66500000004,825819.02617299999,825844.78238400002,5.0385419999999996,0.48562499997206032,0.00087500002700835466,0.05308300000615418,1.848584,23.049251999999999,0.20358299999999999,2.6564999999999999,0.015458,30.263628000000001,33.117383999982849,825819.55729799997,825819.558173
2029,2239,8193,1,825819.97499999998,825827.41392399999,825853.45655100001,7.042001,0.47483299998566508,0.00058300001546740532,0.061834000051021576,1.843334,23.350835,0.22020899999999999,2.8805000000000001,0.031209000000000001,32.565170000000002,33.481551000033505,825827.93338199996,825827.93396499997
2030,2240,8193,1,825828.33200000005,825842.89705000003,825866.54421900003,0.58041699999999996,0.52791699999943376,0.00029200001154094934,0.0081660000141710043,1.902542,20.922127,0.20970800000000001,5.4284999999999997,0.015459000000000001,23.652418999999998,38.212218999979086,825843.47221699997,825843.47250899998
2031,2241,8193,1,825836.66599999997,825844.82934199995,825868.27351099998,0.54337500000000005,0.47891700000036508,0.00029200001154094934,0.0058330000611022115,1.974,20.695793999999999,0.21058399999999999,3.0625,0.0078750000000000001,23.448252,31.607511000009254,825845.36863399995,825845.36892599997
2032,2242,8193,1,825845.01100000006,825853.51925999997,825876.63121999998,0.483292,0.42875000007916242,0.00029100000392645597,0.058916999958455563,1.911875,20.406752000000001,0.22312499999999999,3.3535840000000001,0.01925,23.121877000000001,31.620219999924302,825853.99263500003,825853.99292600004
2033,2243,8193,1,825853.31499999994,825866.66526100005,825890.90130499995,0.64137500000000003,0.57866699993610382,0.00029199989512562752,0.014000000082887709,1.902542,21.404252,0.219917,2.92075,0.010791,24.251211000000001,37.586305000004359,825867.29146900005,825867.29176099994
2034,2244,8193,1,825861.62100000004,825869.29784500005,825895.32180599996,0.58625000000000005,0.52820800000336021,0.00029100000392645597,0.062417000066488981,1.887375,23.195961,0.21233299999999999,2.8772920000000002,0.021291999999999998,26.036211000000002,33.700805999920703,825869.87184499996,825869.87213599996
2035,2245,8193,1,825870.00699999998,825877.43272000004,825906.74084800004,1.2375419999999999,0.48854199994821101,0.00029200001154094934,0.056582999997772276,1.955041,26.519210999999999,0.21174999999999999,3.0400420000000001,0.016041,30.01192,36.733848000061698,825877.96617899998,825877.96647099999
2036,2246,8193,1,825878.31999999995,825890.99784700002,825917.80580800003,0.46550000000000002,0.40862499992363155,0.00058300001546740532,0.014874999993480742,1.894083,24.210377999999999,0.201542,2.9758749999999998,0.018957999999999999,26.819336,39.485808000084944,825891.45197199995,825891.45255499997
2037,2247,8193,1,825886.647,825895.37809699995,825921.54584999999,0.499917,0.4421670000301674,0.00058299989905208349,0.057167000020854175,1.9028339999999999,23.474209999999999,0.20854200000000001,2.824792,0.018374999999999999,26.178253000000002,34.898849999997765,825895.86780600005,825895.86838899995
2038,2248,8193,1,825894.96600000001,825906.867723,825934.55506000004,0.53666599999999998,0.47979200002737343,0.00029200001154094934,0.055125000071711838,1.8905829999999999,24.967545000000001,0.212917,2.8545419999999999,0.0081670000000000006,27.697253,39.58906000002753,825907.39447299996,825907.39476499998
2039,2249,8193,1,825903.33200000005,825917.87493299996,825942.33322699997,0.54016699999999995,0.48270799999590963,0.00029200001154094934,0.01195800001733005,1.8450839999999999,21.788378000000002,0.21116699999999999,2.809625,0.0099170000000000005,24.468793999999999,39.001226999913342,825918.40489100001,825918.40518300002
2040,2250,8193,1,825911.66700000002,825921.60447499994,825951.080311,0.57458299999999995,0.51829200005158782,0.00029200001154094934,0.070583000080659986,1.9285000000000001,26.612836000000001,0.21670900000000001,3.3039999999999998,0.016917000000000001,29.484293999999998,39.413310999982059,825922.17059999995,825922.17089199997
2041,2251,8193,1,825919.98400000005,825934.59618500003,825960.18993700005,0.49349999999999999,0.44012499996460974,0.00029100000392645597,0.054834000067785382,1.911875,22.885335000000001,0.20941699999999999,2.8495840000000001,0.029749999999999999,25.602209999999999,40.205936999991536,825935.08093499998,825935.08122599998
2042,2252,8193,1,825928.29700000002,825942.37464399997,825967.04993800004,0.48941600000000002,0.43808300001546741,0.00029200001154094934,0.011082999990321696,1.913626,21.971252,0.212917,3.1546669999999999,0.013708,24.681419000000002,38.75293800001964,825942.85793499998,825942.85822699999
2043,2253,8193,1,825936.64000000001,825951.18472799996,825980.97089800006,0.47191699999999998,0.41591700003482401,0.00029199989512562752,0.066208000062033534,1.9112910000000001,27.088545,0.218166,3.0490840000000001,0.021874999999999999,29.795211999999999,44.330898000043817,825951.64760300005,825951.64789499994
2044,2254,8193,1,825944.96900000004,825960.25906199997,825985.32198100002,0.54454199999999997,0.48620899999514222,0.00029200001154094934,0.055125000071711838,1.8870830000000001,22.331752000000002,0.21525,2.853666,0.023917000000000001,25.07517,40.352980999974534,825960.79106199997,825960.79135399999
2045,2255,8193,1,825953.33400000003,825967.14881299995,825992.88198199996,0.50720900000000002,0.44683300005272031,0.00029100000392645597,0.012250000028871,1.903708,23.085419000000002,0.206792,3.1712920000000002,0.016042000000000001,25.746586000000001,39.547981999930926,825967.64260499994,825967.64289599995
2046,2257,8193,1,825969.96799999999,825981.06598099996,826012.06198400003,0.59762499999999996,0.50166700000409037,0.00058300001546740532,0.063583999988622963,1.868125,28.270669000000002,0.20358299999999999,2.8014589999999999,0.020125000000000001,31.046752999999999,42.093984000035562,825981.61285599996,825981.61343899998
2047,2258,8193,1,825978.32900000003,825985.70464799996,826012.10427600006,0.86187499999999995,0.47745800006669015,0.0011660000309348106,0.068833999917842448,1.8993340000000001,22.712085999999999,0.202125,2.885167,0.003209,26.738835999999999,33.775276000029407,825986.22731500003,825986.22848100006
2048,2259,8193,1,825986.67200000002,825994.02327400004,826017.76436000003,1.5936669999999999,0.45704199990723282,0.00029200001154094934,0.012250000028871,1.8284590000000001,21.123377999999999,0.20008300000000001,2.9688750000000002,0.015167,24.833670000000001,31.092360000009649,825994.52435700002,825994.52464900003
2049,2261,8193,1,826003.32499999995,826012.22210899997,826039.53144499997,0.50312500000000004,0.41329200007021427,0.00029200001154094934,0.051916000084020197,1.8652089999999999,24.677918999999999,0.21204100000000001,2.9446669999999999,0.027125,27.356586,36.206445000017993,826012.67798399995,826012.67827599996
2050,2262,8193,1,826011.66500000004,826019.05469300004,826044.857571,6.7920420000000004,0.38179199991282076,0.00029200001154094934,0.055124999955296516,1.835167,23.219878000000001,0.238875,2.7279589999999998,0.012834,32.169961999999998,33.192570999963209,826019.47994300001,826019.48023500002
2051,2263,8193,1,826019.973,826027.39723600005,826051.67061300005,8.4061260000000004,0.45733299991115928,0,0.012833000044338405,1.8844590000000001,21.577501999999999,0.21029100000000001,3.123459,0.020416,32.179295000000003,31.697613000054844,826027.897444,826027.897444
2052,2264,8193,1,826028.30500000005,826039.58452799998,826064.333614,0.50604099999999996,0.449750000028871,0,0.068249999894760549,1.9468760000000001,21.990794000000001,0.20649999999999999,2.8895420000000001,0.021874999999999999,24.758711000000002,36.028613999951631,826040.08094500005,826040.08094500005
2053,2265,8193,1,826036.65899999999,826044.90890399995,826073.72586500004,0.56525000000000003,0.51216700009535998,0.00029200001154094934,0.062707999954000115,1.9040010000000001,26.037085000000001,0.215834,3.1686670000000001,0.018374999999999999,28.823378000000002,37.066865000058897,826045.46802899998,826045.46832099999
2054,2266,8193,1,826045.01000000001,826052.40619600005,826078.97907400003,1.185041,0.45470899995416403,0.00029200001154094934,0.010500000091269612,1.850625,23.917252000000001,0.21437500000000001,2.8282919999999998,0.015458,27.260044000000001,33.969074000022374,826052.90436299995,826052.90465499996
2055,2267,8193,1,826053.30799999996,826064.38961399999,826089.04653299996,0.50866699999999998,0.45675000001210719,0.00029100000392645597,0.052499999990686774,1.9270419999999999,21.893084999999999,0.20854200000000001,3.0076670000000001,0.01575,24.664501999999999,35.738532999996096,826064.89069799997,826064.89098899998
2056,2268,8193,1,826061.66599999997,826073.77632399998,826100.12899300002,0.51887499999999998,0.47074999997857958,0.00029200001154094934,0.066791999968700111,1.906042,23.601959999999998,0.228959,2.8417089999999998,0.020125000000000001,26.358502999999999,38.462993000051938,826074.28936499998,826074.28965699999
2057,2269,8193,1,826070.00100000005,826079.03303199995,826105.46211800002,0.55095899999999998,0.49787500000093132,0.00029100000392645597,0.010208999970927835,1.8722080000000001,23.766169000000001,0.20941699999999999,3.2307920000000001,0.013709000000000001,26.437836000000001,35.461117999977432,826079.57524100004,826079.57553200005
2058,2270,8193,1,826078.33100000001,826089.10515800002,826114.67295299994,0.53725000000000001,0.48124999995343387,0.00029200001154094934,0.024499999941326678,1.9247080000000001,22.825544000000001,0.212917,2.8487079999999998,0.032083,25.578002999999999,36.341952999937348,826089.63219999999,826089.632492
2059,2271,8193,1,826086.62199999997,826100.260243,826126.81941200001,0.58508400000000005,0.52237500005867332,0.0011660000309348106,0.06708399998024106,1.836916,23.836753000000002,0.21904100000000001,2.8501669999999999,0.010500000000000001,26.572586000000001,40.19741200003773,826100.83190999995,826100.83307599998
2060,2272,8193,1,826094.99699999997,826105.53240999999,826129.73841200001,0.55912499999999998,0.48912499996367842,0.00058300001546740532,0.013999999966472387,1.9215009999999999,21.485336,0.20883299999999999,2.985792,0.014584,24.217960000000001,34.741412000032142,826106.079577,826106.08016000001
2061,2273,8193,1,826103.31700000004,826114.77911899996,826139.00962200004,0.487958,0.42875000007916242,0.00058400002308189869,0.060666000004857779,1.9133340000000001,21.539586,0.218166,2.9513750000000001,0.0052500000000000003,24.242460999999999,35.692622000002302,826115.25511899998,826115.255703
2062,2274,8193,1,826111.65000000002,826126.87278700003,826155.11429000006,0.51508299999999996,0.45762499992270023,0.00029200001154094934,0.058624999946914613,1.894083,25.550877,0.19658400000000001,3.1625420000000002,0.018082999999999998,28.251711,43.464290000032634,826127.37766200001,826127.37795400003
2063,2275,8193,1,826120,826129.78449600004,826155.15570700006,0.56145900000000004,0.49874999991152436,0.00058300001546740532,0.01049999997485429,1.943959,21.142918999999999,0.22020799999999999,3.312751,0.003209,25.382294999999999,35.155707000056282,826130.33487100003,826130.33545400004
2064,2276,8193,1,826128.32999999996,826139.05920500006,826164.19883300003,0.5635,0.50283299991860986,0.00058299989905208349,0.056875000009313226,1.8835839999999999,22.359169000000001,0.206792,2.9499170000000001,0.016917000000000001,25.152753000000001,35.868833000073209,826139.60958000005,826139.61016299995
2065,2278,8193,1,826144.973,826155.19654000003,826181.52266799996,0.49495800000000001,0.40425000002142042,0.00029200001154094934,0.011082999990321696,1.864625,23.750126999999999,0.20970800000000001,3.090792,0.023334000000000001,26.372502999999998,36.549667999963276,826155.64512300002,826155.64541500004
2066,2279,8193,1,826153.33400000003,826160.73995700001,826187.17720999999,5.5956260000000002,0.46608399995602667,0.00058300001546740532,0.082249999977648258,1.858501,23.693252999999999,0.207375,2.9750000000000001,0.01575,31.521587,33.84320999996271,826161.25124899996,826161.25183199998
2067,2280,8193,1,826161.66899999999,826169.03729100002,826195.40950199997,5.2555420000000002,0.41795899998396635,0.00029200001154094934,0.065917000058107078,1.905751,23.68421,0.20970900000000001,2.985792,0.022457999999999999,31.165752999999999,33.740501999971457,826169.49929099996,826169.49958299997
2068,2281,8193,1,826170.01199999999,826181.62154299999,826206.09471199999,0.55912499999999998,0.50195800000801682,0.00029199989512562752,0.008750000037252903,1.929667,21.741126999999999,0.20854200000000001,2.978208,0.018667,24.483377999999998,36.082712000003085,826182.17075100006,826182.17104299995
2069,2282,8193,1,826178.30000000005,826187.28629299998,826216.49088000006,0.46491700000000002,0.40745900000911206,0.00058299989905208349,0.074958000099286437,1.9223749999999999,26.491793999999999,0.2135,2.9720840000000002,0.029166999999999998,29.214794999999999,38.190880000009201,826187.74100200005,826187.74158499995
2070,2283,8193,1,826186.63,826195.46666899999,826221.16046299995,0.52733399999999997,0.4695830000564456,0.00029200001154094934,0.055999999982304871,1.86375,22.996168999999998,0.21204200000000001,2.867667,0.028583000000000001,25.701961000000001,34.530462999944575,826195.98612699995,826195.98641899996
2071,2284,8193,1,826194.99899999995,826206.178128,826230.16625600006,0.52616700000000005,0.46754199999850243,0.00029200001154094934,0.0093329999363049865,1.883,21.340668999999998,0.20183300000000001,3.1651669999999998,0.014291,24.001252999999998,35.167256000102498,826206.69146200002,826206.69175400003
2072,2285,8193,1,826203.29700000002,826216.57546299999,826245.24396600004,0.53725000000000001,0.47512499999720603,0.00058400002308189869,0.076707999920472503,1.8943749999999999,25.909628000000001,0.217584,3.0105840000000001,0.025375000000000002,28.683669999999999,41.94696600001771,826217.09754600003,826217.09813000006
2073,2286,8193,1,826211.674,826221.22200499999,826246.71017400001,0.50633300000000003,0.449750000028871,0.00029200001154094934,0.055999999982304871,1.9045840000000001,22.801919000000002,0.20300000000000001,2.9038330000000001,0.0099170000000000005,25.496627,35.036174000008032,826221.71987999999,826221.720172
2074,2287,8193,1,826220,826230.21700599999,826254.147092,0.50195900000000004,0.4485829999903217,0.00029100000392645597,0.020417000050656497,1.8818330000000001,21.306253000000002,0.20008300000000001,3.0295420000000002,0.013417,23.935336,34.147091999999247,826230.71342299995,826230.71371399995
2075,2289,8193,1,826236.62300000002,826245.34896600002,826274.12596900004,0.56087500000000001,0.45879099995363504,0.00029200001154094934,0.051915999967604876,1.869875,26.049336,0.208541,3.2981669999999998,0.016042000000000001,28.83417,37.502969000022858,826245.85267399997,826245.85296599998
2076,2290,8193,1,826244.99800000002,826252.39125800005,826278.10809400002,6.1684590000000004,0.48066699993796647,0.00087499991059303284,0.055125000071711838,1.859375,23.030003000000001,0.20533299999999999,2.789209,0.024208,31.360878,33.110094000003301,826252.91567500005,826252.91654999997
2077,2291,8193,1,826253.31000000006,826260.74430100003,826287.59221999999,7.0551250000000003,0.45354100002441555,0.00029200001154094934,0.0096250000642612576,1.878333,24.185002999999998,0.199209,3.010875,0.011958,33.403711000000001,34.282219999935478,826261.24363399995,826261.24392599997
2078,2292,8193,1,826261.65500000003,826274.17846900003,826303.03888799995,0.51712499999999995,0.46404099999926984,0.00058400002308189869,0.061541000031866133,1.900792,26.094543999999999,0.21262500000000001,2.774626,0.017208000000000001,28.867128000000001,41.3838879999239,826274.68888499995,826274.68946899998
2079,2293,8193,1,826269.97499999998,826278.15534399997,826307.22926399997,0.52849999999999997,0.47804199997335672,0.00029199989512562752,0.060666000004857779,1.877459,26.355877,0.214084,2.818959,0.027125,29.079170000000001,37.254263999988325,826278.67859400006,826278.67888599995
2080,2294,8193,1,826278.34499999997,826287.68496999994,826311.74309700006,0.44420799999999999,0.38675000006332994,0.00029200001154094934,0.012832999927923083,1.940167,21.453251999999999,0.19541600000000001,3.0945839999999998,0.010208,24.069502,33.398097000084817,826288.11780300003,826288.11809500004
2081,2296,8193,1,826294.99800000002,826303.13893000002,826332.33884999994,0.56058300000000005,0.46462500002235174,0.00058300001546740532,0.047249999945051968,1.858792,26.534669999999998,0.21204200000000001,2.9542920000000001,0.017500000000000002,29.252127999999999,37.340849999920465,826303.64730499999,826303.64788800001
2082,2297,8193,1,826303.34400000004,826310.72430600005,826335.06185000006,3.936334,0.43954099994152784,0.00029200001154094934,0.052792000002227724,1.8424579999999999,21.695336000000001,0.22195899999999999,2.8075830000000002,0.022749999999999999,27.790002999999999,31.71785000001546,826311.20847199997,826311.20876399998
2083,2298,8193,1,826311.66899999999,826319.08814000001,826345.91972600005,7.760084,0.39929199998732656,0.00058400002308189869,0.014290999970398843,1.901958,24.227878,0.207375,2.9569169999999998,0.018082999999999998,34.148045000000003,34.250726000056602,826319.53147299995,826319.53205699997
2084,2299,8193,1,826320.005,826332.38814099994,826358.92689400003,0.547458,0.49145900004077703,0.00058400002308189869,0.013124999939464033,1.836916,23.905003000000001,0.20125000000000001,2.8110840000000001,0.027415999999999999,26.548086000000001,38.92189400002826,826332.92626600002,826332.92685000005
2085,2300,8193,1,826328.29000000004,826335.72510000004,826364.17747800006,1.036583,0.41941699991002679,0.00058399990666657686,0.060082999989390373,1.937541,25.768170000000001,0.19833300000000001,2.9032499999999999,0.0084580000000000002,29.024628,35.887478000018746,826336.18943300005,826336.19001699996
2086,2301,8193,1,826336.674,826346.00576800003,826372.33947899996,0.44741599999999998,0.39083299995400012,0.00029200001154094934,0.012249999912455678,1.859083,23.782502999999998,0.2135,2.9321259999999998,0.014291999999999999,26.344211000000001,35.665478999959305,826346.44297600002,826346.44326800003
2087,2302,8193,1,826344.98699999996,826358.98435200006,826390.31431399996,0.483292,0.42612499999813735,0.00029100000392645597,0.014291999978013337,1.859958,28.750170000000001,0.19775000000000001,2.8396669999999999,0.019542,31.339877999999999,45.327313999994658,826359.457436,826359.457727
2088,2303,8193,1,826353.33299999998,826364.22151900001,826390.35398000001,0.49408299999999999,0.4345840000314638,0.00029200001154094934,0.052207999979145825,1.945417,22.939585000000001,0.21612500000000001,2.8746670000000001,0.0029169999999999999,26.143543999999999,37.020980000030249,826364.70451900002,826364.70481100003
2089,2304,8193,1,826361.66500000004,826372.40831199999,826396.34452299995,0.52208299999999996,0.46987500006798655,0.00029200001154094934,0.012833000044338405,1.838959,21.334251999999999,0.202708,2.9006259999999999,0.01575,23.941168999999999,34.679522999911569,826372.925437,826372.92572900001
2090,2306,8193,1,826378.34400000004,826390.40122999996,826421.70114999998,0.50691699999999995,0.41300000005867332,0.00029099988751113415,0.059209000086411834,1.8526670000000001,28.704086,0.202709,2.9166669999999999,0.010208,31.351253,43.357149999937974,826390.85681400006,826390.85710499994
2091,2307,8193,1,826386.66599999997,826394.06543900003,826421.758608,3.7146669999999999,0.47045799996703863,0.00029200001154094934,0.071750000002793968,1.892917,23.215211,0.21962499999999999,2.658833,0.0046670000000000001,30.891877999999998,35.092608000035398,826394.581397,826394.58168900001
2092,2308,8193,1,826394.99699999997,826402.41206500004,826426.434901,6.4642090000000003,0.39870799996424466,0.00058400002308189869,0.013415999943390489,1.847709,21.505752000000001,0.199208,2.9741249999999999,0.0035000000000000001,30.043711999999999,31.437901000026613,826402.85539799999,826402.85598200001
2093,2310,8193,1,826411.66500000004,826421.81635800004,826451.22365299996,0.47279199999999999,0.38179199991282076,0.00029100000392645597,0.057167000020854175,1.8514999999999999,26.829253000000001,0.20416699999999999,2.8641670000000001,0.023917000000000001,29.455711000000001,39.55865299992729,826422.24073399999,826422.241025
2094,2311,8193,1,826420.00300000003,826427.38660900004,826453.93994499999,5.563542,0.38412499998230487,0.00029199989512562752,0.056875000009313226,1.8214589999999999,22.586378,0.20183300000000001,2.8877920000000001,0.0093329999999999993,31.689878,33.936944999964908,826427.81331700005,826427.81360899995
2095,2312,8193,1,826428.33100000001,826435.73323500005,826459.53294599999,8.3419600000000003,0.38791699998546392,0.00058300001546740532,0.01079199998639524,1.925,21.161878000000002,0.19950000000000001,3.2841670000000001,0.012833000000000001,31.710004000000001,31.201945999986492,826436.16490199999,826436.165485
2096,2313,8193,1,826436.66500000004,826451.38348600001,826480.548114,0.51770899999999997,0.46025100001133978,0.00058300001546740532,0.059209000086411834,1.872209,26.490335999999999,0.19950000000000001,3.0881669999999999,0.019834000000000001,29.175128000000001,43.883113999967463,826451.89069499995,826451.89127799997
2097,2314,8193,1,826445.005,826453.97290299996,826480.60994800006,0.5635,0.51450000004842877,0.00029100000392645597,0.052499999990686774,1.8984589999999999,22.622834999999998,0.21262500000000001,2.7687919999999999,0.006417,26.641711000000001,35.604948000051081,826454.53173699998,826454.53202799999
2098,2315,8193,1,826453.30599999998,826460.72557100002,826485.64090700005,1.6899169999999999,0.49262499995529652,0.00058300001546740532,0.013417000067420304,1.8605419999999999,22.288878,0.19308400000000001,3.2832919999999999,0.010208999999999999,26.068003000000001,32.334907000069506,826461.26282099995,826461.26340399997
2099,2317,8193,1,826469.96799999999,826480.65311399999,826505.65769999998,0.512459,0.417083999956958,0.00029100000392645597,0.12541700003203005,1.8456669999999999,22.360627000000001,0.199209,2.6255839999999999,0.0029169999999999999,25.056795000000001,35.689699999988079,826481.11307299999,826481.11336399999
