index,sequence,flags,timestamp_valid,frame_ms,dequeue_ms,output_ms,read_ms,copy_ms,dispatch_wait_ms,worker_wait_ms,preprocess_ms,npu_ms,postprocess_ms,gmc_ms,association_ms,read_to_output_ms,frame_to_output_ms,ready_ms,dispatch_ms
0,0,8193,1,1238323.2590000001,1238330.6417459999,1238358.392374,109.289844,0.96600000001490116,0.00058300001546740532,2.6585419999901205,2.2933759999999999,21.505461,0.19570799999999999,2.4981249999999999,0.018374999999999999,136.02634699999999,35.133373999968171,1238331.6558709999,1238331.6564539999
1,3,8193,1,1238348.257,1238358.5697069999,1238387.4835020001,1.0917079999999999,0.96133300010114908,0.00029199989512562752,3.6175420000217855,1.8471249999999999,22.220044000000001,0.19425000000000001,3.5314999999999999,0.015167,29.001294999999999,39.2265020001214,1238359.5739150001,1238359.574207
2,6,8193,1,1238373.2579999999,1238387.6138770001,1238412.9197539999,1.1083339999999999,1.0170409998390824,0.0002910001203417778,0.016041999915614724,1.803958,22.153544,0.19570899999999999,3.0884580000000001,0.0096249999999999999,25.351085999999999,39.661754000000656,1238388.6770019999,1238388.677293
3,9,8193,1,1238398.26,1238413.0410869999,1238437.935423,0.49554100000000001,0.36720900004729629,0.00058400002308189869,0.054541000165045261,1.8237920000000001,22.338751999999999,0.19454199999999999,2.711042,0.010208,24.979502,39.675423000007868,1238413.4514619999,1238413.4520459999
4,12,8193,1,1238423.2560000001,1238438.0179649999,1238462.4246340001,0.38033400000000001,0.292250000173226,0.0002910001203417778,0.055708999978378415,1.825834,21.963668999999999,0.19687499999999999,2.6952919999999998,0.014291,24.453336,39.168634000001475,1238438.3516319999,1238438.3519230001
5,15,8193,1,1238448.2239999999,1238462.5634669999,1238487.202303,0.43487500000000001,0.30333400005474687,0.00029200012795627117,0.021874999860301614,1.7987089999999999,22.240752000000001,0.19687499999999999,2.597,0.018667,24.728669,38.978303000098094,1238462.908509,1238462.9088010001
6,18,8193,1,1238473.2239999999,1238487.303512,1238511.569014,0.39491700000000002,0.30012500006705523,0.0002910001203417778,0.052791999885812402,1.7940419999999999,21.817544000000002,0.18812499999999999,2.6970420000000002,0.011667,24.317419000000001,38.345014000078663,1238487.6465119999,1238487.646803
7,21,8193,1,1238498.2409999999,1238511.7023060001,1238537.523267,0.43195800000000001,0.30070799984969199,0.00029199989512562752,1.1943750001955777,1.7695419999999999,22.235793999999999,0.19658400000000001,4.6270009999999999,0.012833000000000001,25.911086000000001,39.282267000060529,1238512.043847,1238512.0441389999
8,24,8193,1,1238523.2679999999,1238537.6151419999,1238561.794311,0.42583300000000002,0.33191599999554455,0.00029199989512562752,0.052792000118643045,1.7873330000000001,21.690086000000001,0.198042,2.7641249999999999,0.012834,24.231086000000001,38.526311000110582,1238537.989058,1238537.9893499999
9,27,8193,1,1238548.2290000001,1238561.9232270001,1238586.676397,0.42758299999999999,0.3030419999267906,0.00029200012795627117,0.053374999901279807,1.778875,22.290336,0.20300000000000001,2.6716669999999998,0.012833000000000001,24.837461000000001,38.447396999923512,1238562.2662269999,1238562.2665190001
10,30,8193,1,1238573.2290000001,1238586.784313,1238611.2318160001,0.38295800000000002,0.29312499985098839,0.00029199989512562752,0.056000000098720193,1.7838339999999999,22.043876999999998,0.19658300000000001,2.5792079999999999,0.016333,24.495626999999999,38.002816000021994,1238587.118855,1238587.1191469999
11,33,8193,1,1238598.2390000001,1238611.369774,1238636.08036,0.45324999999999999,0.32141699991188943,0.00029199989512562752,0.052499999990686774,1.8281670000000001,22.234918,0.197459,2.702,0.016333,24.799544000000001,37.841359999962151,1238611.7337740001,1238611.734066
12,36,8193,1,1238623.2590000001,1238636.182735,1238660.8828209999,0.36866599999999999,0.27824999997392297,0.00029199989512562752,0.053666000021621585,1.781792,22.271668999999999,0.19454199999999999,2.5296249999999998,0.013417,24.749669000000001,37.623820999870077,1238636.50211,1238636.5024019999
13,39,8193,1,1238648.2279999999,1238661.0169869999,1238685.8357820001,0.42845800000000001,0.29720900021493435,0.00029200012795627117,0.052791999885812402,1.7794589999999999,22.405835,0.19629199999999999,2.685667,0.014291999999999999,24.908335999999998,37.607782000210136,1238661.355612,1238661.3559040001
14,42,8193,1,1238673.2590000001,1238685.9331980001,1238710.2030760001,0.386459,0.29049999988637865,0.00029099988751113415,0.056000000098720193,1.803375,21.805002000000002,0.198625,2.7836660000000002,0.013417,24.324711000000001,36.94407600001432,1238686.2645320001,1238686.2648229999
15,45,8193,1,1238698.2579999999,1238710.332867,1238735.05162,0.41825000000000001,0.28991699987091124,0.00029200012795627117,0.011082999873906374,1.787042,22.359752,0.198042,2.5622919999999998,0.016334000000000001,24.806543999999999,36.793620000127703,1238710.663617,1238710.6639090001
16,48,8193,1,1238723.2320000001,1238735.1881200001,1238759.028372,0.38062499999999999,0.29108299990184605,0.00029099988751113415,0.054834000067785382,1.827,21.361668000000002,0.199209,2.694709,0.0078750000000000001,23.888376999999998,35.7963719998952,1238735.5206200001,1238735.520911
17,51,8193,1,1238748.2579999999,1238759.1456220001,1238786.387875,0.42933300000000002,0.3042089999653399,0.00029199989512562752,2.6273330000694841,1.80775,22.230252,0.19570799999999999,2.5815419999999998,0.017791999999999999,27.325377,38.129875000100583,1238759.4915390001,1238759.491831
18,54,8193,1,1238773.223,1238786.484125,1238810.578711,0.38733299999999998,0.29954200005158782,0.0002910001203417778,0.055124999955296516,1.797542,21.624461,0.19687499999999999,2.6553330000000002,0.013125,24.140668999999999,37.355711000040174,1238786.8256669999,1238786.825958
19,57,8193,1,1238798.2520000001,1238810.7050020001,1238835.1770049999,0.44624999999999998,0.31908399984240532,0.00029200012795627117,0.054540999932214618,1.8025,22.025210999999999,0.19658300000000001,2.6305420000000002,0.016625000000000001,24.557461,36.925004999851808,1238811.0657939999,1238811.0660860001
20,60,8193,1,1238823.264,1238835.27413,1238859.338674,0.392291,0.30099999997764826,0.00029200012795627117,0.054250000044703484,1.8293330000000001,21.576919,0.19454099999999999,2.7326250000000001,0.0084580000000000002,24.114127,36.074674000032246,1238835.6171299999,1238835.617422
21,63,8193,1,1238848.26,1238859.463216,1238883.9168430001,0.46987499999999999,0.34066600003279746,0.00058300001546740532,0.01195800001733005,1.8001670000000001,21.986127,0.193666,2.7305830000000002,0.0093329999999999993,24.541126999999999,35.656843000091612,1238859.845591,1238859.8461740001
22,66,8193,1,1238873.2579999999,1238884.0002599999,1238908.490637,0.38995800000000003,0.29954100004397333,0.00029200012795627117,0.050165999913588166,1.805417,22.021128000000001,0.19629199999999999,2.668167,0.013416000000000001,24.540251999999999,35.232637000037357,1238884.3403429999,1238884.340635
23,69,8193,1,1238898.26,1238908.623346,1238932.745931,0.43137500000000001,0.29866600013338029,0.00029200012795627117,0.055416999850422144,1.8001670000000001,21.658002,0.19395799999999999,2.7632509999999999,0.013416000000000001,24.212419000000001,34.485930999973789,1238908.9648869999,1238908.965179
24,72,8193,1,1238923.25,1238932.8410149999,1238957.499392,0.38179200000000002,0.29050000011920929,0.00029099988751113415,0.010209000203758478,1.8226249999999999,22.220044000000001,0.198625,2.7104590000000002,0.013417,24.708544,34.249392000027001,1238933.17264,1238933.1729309999
25,75,8193,1,1238948.26,1238957.627142,1238981.484895,0.39783299999999999,0.27183400001376867,0.00029200012795627117,0.054250000044703484,1.8086249999999999,21.455584999999999,0.19395899999999999,2.7270829999999999,0.017208999999999999,23.942336000000001,33.224894999992102,1238957.9403919999,1238957.940684
26,78,8193,1,1238973.254,1238981.5761859999,1239006.2969800001,0.42875000000000002,0.34183400007896125,0,0.048999999882653356,1.837208,22.182127999999999,0.19658400000000001,2.7116250000000002,0.0075839999999999996,24.766584999999999,33.042980000143871,1238981.9594360001,1238981.9594360001
27,81,8193,1,1238998.2679999999,1239006.418022,1239030.5414829999,0.41504200000000002,0.28554200008511543,0.0002910001203417778,0.055416999850422144,1.801917,21.663834999999999,0.19658300000000001,2.6844999999999999,0.01225,24.210961000000001,32.273482999997213,1239006.745564,1239006.7458550001
28,84,8193,1,1239023.2209999999,1239030.7027739999,1239055.1960690001,0.38441700000000001,0.29108400014229119,0.00029099988751113415,0.055417000083252788,1.8138749999999999,22.020835999999999,0.19512499999999999,2.7177500000000001,0.012541999999999999,24.546378000000001,31.975069000152871,1239031.0344,1239031.0346909999
29,86,8193,1,1239039.8910000001,1239055.2856099999,1239079.7789040001,0.41416700000000001,0.32404200010932982,0.0002910001203417778,0.055124999955296516,1.8232090000000001,21.972709999999999,0.19716700000000001,2.6906249999999998,0.013125,24.540251999999999,39.887904000002891,1239055.652819,1239055.6531100001
30,89,8193,1,1239064.926,1239079.9142380001,1239104.573199,0.46754099999999998,0.33395799994468689,0.00029200012795627117,0.063874999992549419,1.806875,22.137794,0.19745799999999999,2.6308340000000001,0.013125,24.749669000000001,39.647198999999091,1239080.2907789999,1239080.291071
31,92,8193,1,1239089.9350000001,1239104.663615,1239127.7913259999,0.41387499999999999,0.32520899991504848,0.00029200012795627117,0.065332999918609858,1.8305,20.593126999999999,0.19687499999999999,2.7250420000000002,0.012833000000000001,23.175543999999999,37.856325999833643,1239105.029657,1239105.0299490001
32,95,8193,1,1239114.936,1239127.919951,1239152.675453,1.1112500000000001,0.98058299999684095,0.00058400002308189869,0.061540999915450811,1.806875,21.590917999999999,0.19716700000000001,2.6261670000000001,0.013417,24.842419,37.73945300001651,1239128.944284,1239128.944868
33,98,8193,1,1239139.933,1239152.7667449999,1239179.9063309999,0.454125,0.36341700004413724,0.0002910001203417778,2.6398759998846799,1.8191250000000001,22.041834999999999,0.197459,2.6069170000000002,0.016333,27.188877000000002,39.973330999957398,1239153.1712869999,1239153.1715780001
34,101,8193,1,1239164.926,1239180.0334979999,1239204.6250839999,0.479792,0.352625000057742,0.00029199989512562752,0.053375000134110451,1.8097909999999999,22.059335999999998,0.19745799999999999,2.8221660000000002,0.013417,24.676753000000001,39.699083999963477,1239180.4281230001,1239180.428415
35,104,8193,1,1239189.9280000001,1239204.7157920001,1239229.123044,0.38674999999999998,0.29458300000987947,0,0.056000000098720193,1.8249580000000001,21.913209999999999,0.198625,2.753625,0.013125,24.456835000000002,39.195043999934569,1239205.052959,1239205.052959
36,107,8193,1,1239214.9269999999,1239229.2510859999,1239254.059964,0.449459,0.32287500007078052,0.00029099988751113415,0.054834000067785382,1.815042,22.298794000000001,0.19629199999999999,2.7827920000000002,0.016042000000000001,24.893753,39.132964000105858,1239229.6153780001,1239229.615669
37,110,8193,1,1239239.926,1239254.1489220001,1239279.072716,0.45383400000000002,0.3634169998113066,0.0002910001203417778,0.054833999834954739,1.810084,22.384252,0.19395799999999999,2.6827510000000001,0.013125,24.971336000000001,39.146716000046581,1239254.5552139999,1239254.5555050001
38,113,8193,1,1239264.8899999999,1239279.205424,1239306.264802,0.487375,0.35641700006090105,0.00029200012795627117,2.6264589999336749,1.821167,21.985544000000001,0.199791,2.5923340000000001,0.014291,27.149502999999999,41.374802000122145,1239279.602674,1239279.6029660001
39,117,8193,1,1239298.2649999999,1239306.385552,1239332.067388,0.45616699999999999,0.33133399998769164,0,2.7069580000825226,1.801042,20.563960000000002,0.19775000000000001,2.625292,0.0081659999999999996,25.763210999999998,33.802388000069186,1239306.760636,1239306.760636
40,120,8193,1,1239323.2709999999,1239332.1592629999,1239356.9060160001,0.36604199999999998,0.2765000001527369,0.00029099988751113415,0.053375000134110451,1.7887919999999999,22.360043999999998,0.19745799999999999,2.7854169999999998,0.014,24.795753000000001,33.635016000131145,1239332.476305,1239332.4765959999
41,123,8193,1,1239348.26,1239357.040182,1239381.431685,0.42583300000000002,0.30158400000073016,0.00029199989512562752,0.054542000172659755,1.827,21.945001999999999,0.19687499999999999,2.7022919999999999,0.013708,24.474919,33.17168499995023,1239357.382307,1239357.3825989999
42,126,8193,1,1239373.237,1239381.530851,1239406.2373540001,0.45470899999999997,0.36895900010131299,0,0.050749999936670065,1.824959,22.181836000000001,0.19629099999999999,2.7897919999999998,0.013125,24.750836,33.000354000134394,1239381.9409350001,1239381.9409350001
43,129,8193,1,1239398.226,1239406.362187,1239430.984106,0.49145800000000001,0.36225000000558794,0.0002910001203417778,0.055708999978378415,1.7955000000000001,22.089086000000002,0.19687499999999999,2.9163749999999999,0.012834,24.707084999999999,32.758106000022963,1239406.768771,1239406.7690620001
44,132,8193,1,1239423.2609999999,1239431.070148,1239455.829442,0.42291699999999999,0.3362920000217855,0.00058300001546740532,0.05629199999384582,1.841,22.215668999999998,0.19337499999999999,2.776958,0.013125,24.803336000000002,32.568442000076175,1239431.4493150001,1239431.4498980001
45,135,8193,1,1239448.2279999999,1239455.9662339999,1239480.7940700001,0.47279100000000002,0.34095800016075373,0.00029199989512562752,0.010500000091269612,1.8386670000000001,22.356836000000001,0.19512499999999999,2.6941250000000001,0.013417,24.917669,32.566070000175387,1239456.349192,1239456.3494839999
46,138,8193,1,1239473.27,1239480.882153,1239505.2141549999,0.36166700000000002,0.27329199993982911,0.0002910001203417778,0.054250000044703484,1.810959,21.878502000000001,0.19512499999999999,2.6760419999999998,0.013416000000000001,24.379252000000001,31.944154999917373,1239481.1965699999,1239481.196861
47,140,8193,1,1239489.929,1239505.3028220001,1239528.6554080001,0.40804200000000002,0.31908399984240532,0.00029099988751113415,0.05220900010317564,1.831958,20.878959999999999,0.198625,2.7270829999999999,0.013708,23.398669000000002,38.726408000104129,1239505.664781,1239505.6650719999
48,143,8193,1,1239514.9269999999,1239528.826325,1239554.107994,0.40804099999999999,0.2785409998614341,0.00029199989512562752,0.75833300012163818,1.778,22.206336,0.19775000000000001,4.5467919999999999,0.0078750000000000001,25.369751999999998,39.180994000053033,1239529.146283,1239529.1465749999
49,146,8193,1,1239539.9280000001,1239554.1943270001,1239578.9521629999,0.43604100000000001,0.34591699996963143,0.00029200012795627117,0.05133299995213747,1.8220419999999999,22.278960999999999,0.19891600000000001,2.7547920000000001,0.0052500000000000003,24.806543999999999,39.024162999819964,1239554.5816599999,1239554.581952
50,149,8193,1,1239564.9310000001,1239579.0968299999,1239602.9685819999,0.43254199999999998,0.30829100008122623,0.0002910001203417778,0.011375000001862645,1.7885,21.449169000000001,0.19629199999999999,2.7574169999999998,0.0081670000000000006,23.956043999999999,38.037581999786198,1239579.44508,1239579.4453710001
51,152,8193,1,1239589.9280000001,1239603.051124,1239627.773084,0.40629100000000001,0.31470800004899502,0.00029200012795627117,0.054832999827340245,1.815042,22.216252000000001,0.19658400000000001,2.743709,0.013416000000000001,24.770959999999999,37.845083999913186,1239603.408415,1239603.4087070001
52,155,8193,1,1239614.9310000001,1239627.9043340001,1239652.8190870001,0.48970900000000001,0.35612599994055927,0.00029200012795627117,0.054250000044703484,1.8057080000000001,22.415461000000001,0.19716700000000001,2.7997079999999999,0.013708,25.005752999999999,37.888086999999359,1239628.3030429999,1239628.3033350001
53,158,8193,1,1239639.9280000001,1239652.9074619999,1239677.579839,0.422041,0.33191700000315905,0,0.056000000098720193,1.7885009999999999,22.174835000000002,0.19512499999999999,2.814584,0.013416000000000001,24.71846,37.651838999940082,1239653.28342,1239653.28342
54,161,8193,1,1239664.929,1239677.7084639999,1239701.951509,0.487375,0.35700100008398294,0.00029199989512562752,0.055417000083252788,1.814459,21.695627000000002,0.19833300000000001,2.76675,0.013417,24.331128,37.022509000031278,1239678.107756,1239678.1080479999
55,164,8193,1,1239689.929,1239702.042509,1239726.3648860001,0.42525000000000002,0.33599999989382923,0.00029199989512562752,0.054540999932214618,1.8223339999999999,21.794502000000001,0.19775000000000001,2.7022919999999999,0.013417,24.369043999999999,36.435886000050232,1239702.4210920001,1239702.421384
56,167,8193,1,1239714.9299999999,1239726.5568029999,1239753.878972,0.47191699999999998,0.33162500010803342,0.0002910001203417778,2.6579589999746531,1.804834,22.254460000000002,0.19775000000000001,2.623542,0.018374999999999999,27.420461,38.948972000041977,1239726.9304279999,1239726.9307190001
57,170,8193,1,1239739.8910000001,1239754.0157639999,1239781.3178079999,0.40279199999999998,0.31325000012293458,0.00029199989512562752,2.9280419999267906,1.808333,21.988752999999999,0.19629099999999999,2.7585829999999998,0.0075839999999999996,27.350753000000001,41.426807999843732,1239754.3698470001,1239754.370139
58,174,8193,1,1239773.2250000001,1239781.494558,1239806.0581439999,0.46229100000000001,0.29779199999757111,0.00029199989512562752,0.053667000029236078,1.788791,22.165794000000002,0.19570899999999999,2.8516249999999999,0.0058329999999999996,24.687252000000001,32.833143999800086,1239781.8331830001,1239781.833475
59,177,8193,1,1239798.2649999999,1239806.122311,1239830.33473,0.35262500000000002,0.30420799995772541,0,0.053959000157192349,1.8007500000000001,21.792169000000001,0.19658400000000001,2.824792,0.0072919999999999999,24.218253000000001,32.069730000104755,1239806.4691019999,1239806.4691019999
60,179,8193,1,1239814.9310000001,1239830.4362300001,1239855.1272740001,0.39754200000000001,0.31324999989010394,0.00029099988751113415,0.053084000013768673,1.7879160000000001,22.278960999999999,0.19629199999999999,2.7900830000000001,0.0070000000000000001,24.735669000000001,40.19627399998717,1239830.7891470001,1239830.7894379999
61,182,8193,1,1239839.9310000001,1239855.268441,1239879.3268599999,0.43283300000000002,0.30479099997319281,0.00029199989512562752,0.053375000134110451,1.8229169999999999,21.621835000000001,0.19570799999999999,2.7725840000000002,0.0055420000000000001,24.144169000000002,39.395859999815002,1239855.615524,1239855.6158159999
62,185,8193,1,1239864.9339999999,1239879.4035680001,1239904.1071540001,0.36312499999999998,0.27737499983049929,0.00029099988751113415,0.0093340000603348017,1.8194170000000001,22.280418999999998,0.19745799999999999,2.7037499999999999,0.012833000000000001,24.748794,39.173154000192881,1239879.7214850001,1239879.721776
63,188,8193,1,1239889.939,1239904.2404459999,1239928.15974,0.49233300000000002,0.35729100019671023,0,0.055708000203594565,1.806,21.385002,0.19775000000000001,2.7466249999999999,0.013709000000000001,24.012043999999999,38.22074000001885,1239904.6400289999,1239904.6400289999
64,191,8193,1,1239914.9099999999,1239928.2574479999,1239955.178576,0.39666699999999999,0.3010000002104789,0.00029099988751113415,2.5608340001199394,1.7946249999999999,21.994585000000001,0.19716700000000001,2.5267080000000002,0.018374999999999999,26.976253,40.268576000118628,1239928.5989900001,1239928.599281
65,194,8193,1,1239939.899,1239955.314492,1239982.5955370001,0.426709,0.30012500006705523,0.00029099988751113415,2.7565419999882579,1.799876,22.109210000000001,0.19745799999999999,2.6737090000000001,0.013417,27.364753,42.696537000127137,1239955.657201,1239955.6574919999
66,198,8193,1,1239973.243,1239982.7332029999,1240007.3901229999,0.46579199999999998,0.33279200014658272,0.0002910001203417778,0.010208999970927835,1.7858750000000001,22.250959999999999,0.19600000000000001,2.7886250000000001,0.022166999999999999,24.749085999999998,34.147122999886051,1239983.1068289999,1239983.1071200001
67,201,8193,1,1239998.263,1240007.472664,1240032.406958,0.42904100000000001,0.34095899993553758,0.00058399979025125504,0.050458000041544437,1.8275840000000001,22.405543000000002,0.19833400000000001,2.7130830000000001,0.0078750000000000001,24.979209999999998,34.143958000000566,1240007.8567890001,1240007.8573729999
68,204,8193,1,1240023.2660000001,1240032.530333,1240059.9274609999,0.43429200000000001,0.30187599989585578,0.00029199989512562752,2.7265000001061708,1.7984169999999999,22.253294,0.19716600000000001,2.692958,0.0090410000000000004,27.488128,36.661460999865085,1240032.873625,1240032.8739169999
69,207,8193,1,1240048.264,1240060.0111700001,1240084.6071299999,0.42349999999999999,0.33220799989067018,0.00029099988751113415,0.056000000098720193,1.8138749999999999,22.077418999999999,0.19658300000000001,2.7469169999999998,0.013125,24.645835000000002,36.343129999935627,1240060.3847950001,1240060.385086
70,210,8193,1,1240073.273,1240084.74013,1240109.5618410001,0.49175000000000002,0.35641700006090105,0.00029199989512562752,0.054250000044703484,1.8290420000000001,22.257377000000002,0.20125000000000001,2.6999590000000002,0.013708,24.914460999999999,36.28884100005962,1240085.13913,1240085.1394219999
71,213,8193,1,1240098.2660000001,1240109.65255,1240134.0233440001,0.43924999999999997,0.35000000009313226,0.00029200012795627117,0.05716599989682436,1.815917,21.825710999999998,0.19891600000000001,2.734667,0.013417,24.416585999999999,35.757344000041485,1240110.0460079999,1240110.0463
72,216,8193,1,1240123.263,1240134.1505100001,1240158.4653040001,0.44770799999999999,0.32287499983794987,0.00029199989512562752,0.054833000060170889,1.8194170000000001,21.805002000000002,0.19600000000000001,2.799417,0.013125,24.398209999999999,35.202304000034928,1240134.514802,1240134.5150939999
73,219,8193,1,1240148.2250000001,1240158.5600960001,1240183.224015,0.38179200000000002,0.2960419999435544,0.00029199989512562752,0.053666000021621585,1.7995840000000001,22.234919000000001,0.19804099999999999,2.839375,0.026834,24.709128,34.999014999950305,1240158.8963880001,1240158.89668
74,222,8193,1,1240173.2649999999,1240183.343015,1240207.998476,0.49204199999999998,0.3695420001167804,0.00029099988751113415,0.05016699992120266,1.8278749999999999,22.136918999999999,0.19279199999999999,2.7025830000000002,0.0075830000000000003,24.737127000000001,34.73347600013949,1240183.7530990001,1240183.75339
75,225,8193,1,1240198.264,1240208.088309,1240232.8604369999,0.43895899999999999,0.34854199993424118,0.00029099988751113415,0.054541999939829111,1.854417,22.246586000000001,0.19629199999999999,2.7591670000000001,0.014874999999999999,24.821128000000002,34.596436999971047,1240208.4782680001,1240208.478559
76,228,8193,1,1240223.264,1240232.9913949999,1240257.132648,0.46987499999999999,0.34475000016391277,0.00029199989512562752,0.054833000060170889,1.7911250000000001,21.679293999999999,0.19775000000000001,2.7956259999999999,0.016042000000000001,24.224086,33.868648000061512,1240233.3784370001,1240233.378729
77,231,8193,1,1240248.267,1240257.226273,1240281.785775,0.39900000000000002,0.31412500003352761,0.00029200012795627117,0.053957999916747212,1.786751,22.138669,0.19716700000000001,2.8457919999999999,0.015459000000000001,24.603543999999999,33.518775000004098,1240257.5812309999,1240257.581523
78,234,8193,1,1240273.263,1240281.922859,1240306.478569,0.48941699999999999,0.36341600003652275,0.00029099988751113415,0.049292000010609627,1.840708,21.992836,0.19045899999999999,2.7186249999999998,0.012833000000000001,24.640001999999999,33.215568999992684,1240282.3279840001,1240282.328275
79,237,8193,1,1240298.264,1240306.5719029999,1240330.9739049999,0.441583,0.34883300005458295,0.00029199989512562752,0.055707999970763922,1.804834,21.880544,0.191334,2.6751670000000001,0.013125,24.453918999999999,32.709904999937862,1240306.961569,1240306.9618609999
80,240,8193,1,1240323.264,1240331.098738,1240354.1019069999,0.44624999999999998,0.3211260000243783,0.00029200012795627117,0.055707999970763922,1.8290420000000001,20.478210000000001,0.19629099999999999,2.7661669999999998,0.013416000000000001,23.085709999999999,30.837906999979168,1240331.462447,1240331.4627390001
81,241,8193,1,1240331.598,1240354.148574,1240377.4766599999,0.37741599999999997,0.33045800006948411,0.00029199989512562752,0.05629199999384582,1.8080419999999999,20.814209999999999,0.19687499999999999,2.715125,0.013417,23.332169,45.878659999929368,1240354.5219070001,1240354.522199
82,245,8193,1,1240364.9310000001,1240377.603535,1240402.2277869999,0.47162500000000002,0.34562500007450581,0.00029199989512562752,0.056583000114187598,1.815625,22.090252,0.19512499999999999,2.7454589999999999,0.013125,24.709126999999999,37.296786999795586,1240377.9902850001,1240377.990577
83,248,8193,1,1240389.9310000001,1240402.367787,1240429.5963320001,0.39550000000000002,0.30070900009013712,0.00029099988751113415,2.6737089999951422,1.8092079999999999,22.122336000000001,0.19891600000000001,2.5768749999999998,0.013709000000000001,27.282211,39.665332000004128,1240402.7096210001,1240402.709912
84,251,8193,1,1240414.9310000001,1240429.7252479999,1240454.4466260001,0.466667,0.33833400020375848,0,0.054833000060170889,1.8030839999999999,22.206627999999998,0.19658400000000001,2.7620840000000002,0.013125,24.807711000000001,39.515626000007614,1240430.105582,1240430.105582
85,254,8193,1,1240439.899,1240454.5352930001,1240479.119587,0.43195899999999998,0.34270799998193979,0.00029099988751113415,0.057750000152736902,1.807458,22.063711000000001,0.19483400000000001,2.7962090000000002,0.013417,24.631253000000001,39.220587000017986,1240454.9202930001,1240454.9205839999
86,257,8193,1,1240464.895,1240479.2578370001,1240504.116589,0.49029099999999998,0.35554099990986288,0.00029200012795627117,0.015167000005021691,1.819709,22.353918,0.19425000000000001,2.7162920000000002,0.013125,24.952376999999998,39.221588999964297,1240479.654503,1240479.6547950001
87,260,8193,1,1240489.9310000001,1240504.2096309999,1240528.9887580001,0.45237500000000003,0.35904200002551079,0.00029200012795627117,0.054540999932214618,1.782667,22.267876999999999,0.19891700000000001,2.8516249999999999,0.013416000000000001,24.831043999999999,39.057757999980822,1240504.610381,1240504.6106730001
88,263,8193,1,1240514.9399999999,1240529.122925,1240555.2160110001,0.44012499999999999,0.30683299992233515,0.00029099988751113415,2.7650010001379997,1.8089170000000001,20.928834999999999,0.198042,2.7302919999999999,0.012833000000000001,26.185251999999998,40.27601100015454,1240529.4705920001,1240529.4708829999
89,266,8193,1,1240539.9310000001,1240555.313136,1240579.803513,0.421458,0.32462500012479722,0,0.053374999901279807,1.7858750000000001,22.004792999999999,0.19775000000000001,2.8446250000000002,0.013125,24.545210000000001,39.872512999922037,1240555.6800530001,1240555.6800530001
90,269,8193,1,1240564.932,1240579.941472,1240603.641141,0.45325100000000001,0.31558299995958805,0,0.053667000029236078,1.7873330000000001,21.262794,0.19541700000000001,2.8355839999999999,0.014,23.795628000000001,38.709140999941155,1240580.2990550001,1240580.2990550001
91,272,8193,1,1240589.8910000001,1240603.739141,1240628.390227,0.38966699999999999,0.29341699997894466,0.0002910001203417778,0.052791999885812402,1.774208,22.213336000000002,0.19658400000000001,2.7970830000000002,0.013417,24.706211,38.499226999934763,1240604.0736829999,1240604.0739740001
92,275,8193,1,1240614.9029999999,1240628.5208930001,1240653.1556460001,0.47862500000000002,0.34766700002364814,0.00029200012795627117,0.055124999955296516,1.792001,22.119418,0.19629199999999999,2.901208,0.013708,24.723127999999999,38.252646000124514,1240628.9114349999,1240628.911727
93,278,8193,1,1240639.9199999999,1240653.2553960001,1240677.8116899999,0.40629199999999999,0.30595799977891147,0,0.055708000203594565,1.7887919999999999,22.086169000000002,0.19833300000000001,2.8072919999999999,0.013708,24.614919,37.891689999960363,1240653.6030629999,1240653.6030629999
94,281,8193,1,1240664.9310000001,1240677.9411899999,1240702.8655669999,0.47425,0.34358300012536347,0.00029099988751113415,0.055708999978378415,1.8022089999999999,22.402626999999999,0.19658400000000001,2.7781250000000002,0.013125,25.01071,37.934566999785602,1240678.329107,1240678.3293979999
95,284,8193,1,1240689.933,1240702.9554010001,1240727.0114869999,0.42029100000000003,0.33133299998007715,0.00029200012795627117,0.062416999833658338,1.79375,21.586544,0.19658300000000001,2.7854160000000001,0.013417,24.103044000000001,37.078486999962479,1240703.328734,1240703.3290260001
96,287,8193,1,1240714.932,1240727.1450700001,1240750.597114,0.436917,0.30274999979883432,0.00029200012795627117,0.056582999881356955,1.778875,20.992127,0.198625,2.938542,0.013708,23.543336,35.665113999973983,1240727.4906949999,1240727.4909870001
97,290,8193,1,1240739.932,1240750.6904470001,1240775.3077,0.45441700000000002,0.36049999995157123,0,0.054833999834954739,1.7850010000000001,22.098710000000001,0.19570799999999999,2.9507919999999999,0.013125,24.668293999999999,35.375699999975041,1240751.0938220001,1240751.0938220001
98,293,8193,1,1240764.898,1240775.4339910001,1240800.0104110001,0.45791700000000002,0.33133399998769164,0.00029099988751113415,0.051042000064626336,1.8007500000000001,22.112711000000001,0.203292,2.8627090000000002,0.01925,24.660128,35.112411000067368,1240775.8082000001,1240775.808491
99,296,8193,1,1240789.932,1240800.1133689999,1240824.243246,0.45500000000000002,0.36691700015217066,0.00029199989512562752,0.049000000115483999,1.7966660000000001,21.604628000000002,0.19570799999999999,2.8148749999999998,0.013416000000000001,24.176252000000002,34.311245999997482,1240800.5219940001,1240800.522286
100,299,8193,1,1240814.912,1240824.36983,1240849.0302490001,0.48766599999999999,0.36341600003652275,0,0.054541999939829111,1.805709,22.171334999999999,0.199209,2.9557500000000001,0.013708,24.744126999999999,34.118249000050128,1240824.773788,1240824.773788
101,302,8193,1,1240839.8959999999,1240849.1224160001,1240873.6912509999,0.387625,0.30274999979883432,0.0002910001203417778,0.0096249999478459358,1.794916,22.142461000000001,0.200958,2.981125,0.014,24.61346,33.795250999974087,1240849.465416,1240849.4657070001
102,305,8193,1,1240864.936,1240873.8315429999,1240897.6166699999,0.486792,0.35058300010859966,0.00058300001546740532,0.058041999815031886,1.7908329999999999,21.267461000000001,0.19687499999999999,2.8151670000000002,0.013125,23.879626999999999,32.680669999914244,1240874.2238350001,1240874.2244180001
103,308,8193,1,1240889.8929999999,1240897.7091290001,1240922.3672150001,0.41679100000000002,0.32899999991059303,0,0.055124999955296516,1.7992919999999999,22.158211000000001,0.19570799999999999,2.8315009999999998,0.01225,24.704169,32.474215000169352,1240898.0795450001,1240898.0795450001
104,311,8193,1,1240914.942,1240922.4993400001,1240946.266384,0.48125000000000001,0.34795799991115928,0.0002910001203417778,0.015167000005021691,1.7911250000000001,21.301002,0.19658300000000001,2.9849169999999998,0.013708,23.859210999999998,31.324383999919519,1240922.8887149999,1240922.889006
105,312,8193,1,1240923.2690000001,1240946.3215089999,1240973.682761,0.38120799999999999,0.32783300010487437,0.00029199989512562752,2.6979169999249279,1.8135829999999999,22.200793999999998,0.193666,2.6646670000000001,0.013416000000000001,27.370001999999999,50.413760999916121,1240946.6939670001,1240946.694259
106,317,8193,1,1240964.936,1240973.8542609999,1240998.486972,0.49466700000000002,0.32550000003539026,0.00029200012795627117,0.055124999955296516,1.768084,22.166377000000001,0.19658300000000001,3.005042,0.013125,24.761336,33.550971999997273,1240974.220303,1240974.2205950001
107,320,8193,1,1240989.9369999999,1240998.5365559999,1241023.1549750001,0.41883300000000001,0.36545800021849573,0.00029200012795627117,0.055416999850422144,1.7998749999999999,22.078002000000001,0.19570899999999999,2.891,0.012834,24.626586,33.217975000152364,1240998.947222,1240998.9475140001
108,323,8193,1,1241014.943,1241023.289725,1241047.992727,0.46899999999999997,0.33483299985527992,0.00029200012795627117,0.056582999881356955,1.7893749999999999,22.203419,0.19600000000000001,2.7652920000000001,0.012833000000000001,24.793710999999998,33.049727000063285,1241023.668016,1241023.6683080001
109,326,8193,1,1241039.9099999999,1241048.100352,1241072.3116049999,0.41533300000000001,0.32695899996906519,0.00029200012795627117,0.054832999827340245,1.831958,21.685127999999999,0.19570899999999999,2.767042,0.013125,24.257335999999999,32.401605000020936,1241048.469602,1241048.4698940001
110,329,8193,1,1241064.933,1241072.443438,1241099.7489819999,0.470167,0.34095799992792308,0.00029099988751113415,2.7530420001130551,1.811542,22.079169,0.19687499999999999,2.7180420000000001,0.013125,27.393628,34.815981999970973,1241072.8252300001,1241072.825521
111,332,8193,1,1241089.936,1241099.8434820001,1241124.0944010001,0.422041,0.33016699994914234,0.00029199989512562752,0.055707999970763922,1.782667,21.765336000000001,0.198625,2.8769999999999998,0.012833000000000001,24.301960000000001,34.15840100008063,1241100.2144820001,1241100.214774
112,335,8193,1,1241114.936,1241124.2720270001,1241148.6151119999,0.49466700000000002,0.36225000000558794,0.00029199989512562752,0.052208000095561147,1.7966660000000001,21.819586000000001,0.19658300000000001,2.7868750000000002,0.013416000000000001,24.433793999999999,33.679111999925226,1241124.6759850001,1241124.676277
113,338,8193,1,1241139.933,1241148.709029,1241173.3353230001,0.394042,0.30187499988824129,0,0.023624999914318323,1.7864580000000001,22.240752000000001,0.200958,2.7545000000000002,0.018082999999999998,24.677336,33.402323000133038,1241149.052321,1241149.052321
114,341,8193,1,1241164.9369999999,1241173.477948,1241197.6145339999,0.47775000000000001,0.35000000009313226,0.00029199989512562752,0.050749999936670065,1.7998749999999999,21.653335999999999,0.19833300000000001,2.786292,0.012833000000000001,24.221461000000001,32.677534000016749,1241173.8708230001,1241173.871115
115,344,8193,1,1241189.943,1241197.7075759999,1241222.3656609999,0.42583300000000002,0.33191599999554455,0.00029199989512562752,0.05308300000615418,1.803083,22.156752000000001,0.19716700000000001,2.8192499999999998,0.013708,24.710584999999998,32.422660999931395,1241198.080909,1241198.0812009999
116,347,8193,1,1241214.933,1241222.505078,1241247.5341640001,0.42816700000000002,0.29720799997448921,0.00029200012795627117,0.013124999823048711,1.7946249999999999,22.604168999999999,0.19687499999999999,2.8743759999999998,0.012833000000000001,25.119503000000002,32.601164000108838,1241222.842828,1241222.8431200001
117,350,8193,1,1241239.9339999999,1241247.6280809999,1241272.429666,0.37420799999999999,0.28670800011605024,0.00029199989512562752,0.054541000165045261,1.8135829999999999,22.335253000000002,0.19745799999999999,2.7644169999999999,0.013125,24.84796,32.495666000060737,1241247.955914,1241247.9562059999
118,353,8193,1,1241264.9339999999,1241272.560916,1241296.9696269999,0.47162500000000002,0.34241699986159801,0.00029200012795627117,0.011082999873906374,1.805126,21.932168000000001,0.197459,2.7428330000000001,0.012541999999999999,24.496794000000001,32.035627000033855,1241272.9444579999,1241272.94475
119,354,8193,1,1241273.2709999999,1241297.0183359999,1241321.62188,0.39287499999999997,0.34183300007134676,0.00029200012795627117,0.055124999955296516,1.81125,22.120585999999999,0.199209,2.7682090000000001,0.017208999999999999,24.612003000000001,48.350880000041798,1241297.4027519999,1241297.403044
120,358,8193,1,1241306.601,1241321.7992130001,1241343.9699649999,0.467833,0.33804199984297156,0.00029099988751113415,0.054541999939829111,1.806001,19.702667999999999,0.198625,2.8609580000000001,0.0070000000000000001,22.258835000000001,37.368964999914169,1241322.1792550001,1241322.179546
121,361,8193,1,1241331.5600000001,1241344.070882,1241369.5132589999,0.43283300000000002,0.3438750000204891,0.00087499991059303284,2.7632500000763685,1.8057080000000001,20.266169000000001,0.199792,2.6311249999999999,0.0043750000000000004,25.487584999999999,37.953258999856189,1241344.458507,1241344.4593819999
122,364,8193,1,1241356.571,1241369.628176,1241393.842345,0.43254199999999998,0.30158400000073016,0,0.012541000032797456,1.769541,21.821335999999999,0.19600000000000001,2.728542,0.0075830000000000003,24.304293999999999,37.271345000015572,1241369.970885,1241369.970885
123,367,8193,1,1241381.602,1241393.9324700001,1241418.4861389999,0.426709,0.33220899989828467,0.00058300001546740532,0.053667000029236078,1.7917080000000001,22.112418999999999,0.19454099999999999,2.9073340000000001,0.014291,24.606169000000001,36.884138999972492,1241394.3066789999,1241394.3072619999
124,370,8193,1,1241406.602,1241418.667264,1241443.567725,0.41008299999999998,0.28291699988767505,0.00029199989512562752,0.05308300000615418,1.826417,22.479627000000001,0.19891700000000001,2.7580010000000001,0.0035000000000000001,24.987376999999999,36.965725000016391,1241418.990431,1241418.9907229999
125,373,8193,1,1241431.598,1241443.647934,1241468.112061,0.441,0.35029099998064339,0.00029199989512562752,0.050458000041544437,1.8159160000000001,21.930128,0.19833400000000001,2.737876,0.012541999999999999,24.512543999999998,36.514060999965295,1241444.040517,1241444.0408089999
126,376,8193,1,1241456.605,1241468.2392279999,1241492.9897719999,0.46491700000000002,0.33775000018067658,0.00029099988751113415,0.052499999990686774,1.809501,22.23171,0.19600000000000001,2.7617919999999998,0.017208000000000001,24.835711,36.384771999903023,1241468.618978,1241468.6192689999
127,379,8193,1,1241481.6029999999,1241493.0828140001,1241517.6787739999,0.38908300000000001,0.29720799997448921,0.00058300001546740532,0.055416999850422144,1.8229169999999999,22.096084999999999,0.199208,2.7361249999999999,0.016625000000000001,24.646419000000002,36.075774000026286,1241493.421147,1241493.4217300001
128,382,8193,1,1241506.602,1241517.807399,1241542.46811,0.48912499999999998,0.35787499998696148,0.00029200012795627117,0.054250000044703484,1.8471249999999999,22.133711000000002,0.197459,2.7778339999999999,0.014291,24.749960999999999,35.866110000060871,1241518.2072739999,1241518.2075660001
129,385,8193,1,1241531.602,1241542.55911,1241565.993363,0.40775,0.32345899986103177,0,0.0096249999478459358,1.806583,20.980169,0.19716700000000001,2.8449170000000001,0.013417,23.477419000000001,34.391363000031561,1241542.923985,1241542.923985
130,388,8193,1,1241556.567,1241566.1187789999,1241590.87574,0.46170800000000001,0.33716700016520917,0.00029199989512562752,0.054833000060170889,1.7885,22.260293999999998,0.19629099999999999,2.8460839999999998,0.013125,24.839794000000001,34.308740000007674,1241566.4976540001,1241566.497946
131,391,8193,1,1241581.6040000001,1241590.9641150001,1241615.6525340001,0.424375,0.33599999989382923,0.00029199989512562752,0.056583000114187598,1.7902499999999999,22.189419000000001,0.19716600000000001,2.7965010000000001,0.013417,24.733628,34.04853400005959,1241591.34299,1241591.3432819999
132,394,8193,1,1241606.602,1241615.788159,1241640.8814119999,0.486792,0.35583400004543364,0.00029199989512562752,0.015165999997407198,1.815625,22.585794,0.19541700000000001,2.795042,0.013417,25.182503000000001,34.2794119999744,1241616.185701,1241616.1859929999
133,397,8193,1,1241631.6089999999,1241640.990495,1241665.7489140001,0.39724999999999999,0.31033300003036857,0.0002910001203417778,0.051916999975219369,1.8074589999999999,22.280709999999999,0.19395799999999999,2.7763749999999998,0.014,24.804501999999999,34.139914000174031,1241641.3416619999,1241641.3419530001
134,400,8193,1,1241656.605,1241665.8784139999,1241693.274375,0.47862500000000002,0.34941700007766485,0.00029200012795627117,2.6699169999919832,1.825833,22.228501999999999,0.19775000000000001,2.6360839999999999,0.013125,27.483169,36.669375000055879,1241666.2698309999,1241666.270123
135,403,8193,1,1241681.605,1241693.3621670001,1241717.987586,0.41270899999999999,0.32491700001992285,0.0002910001203417778,0.05424999981187284,1.8097920000000001,22.11796,0.19658300000000001,2.7442920000000002,0.013417,24.671211,36.382586000021547,1241693.729084,1241693.7293750001
136,406,8193,1,1241706.602,1241718.11417,1241742.721505,0.46812500000000001,0.34270799998193979,0.00029199989512562752,0.055417000083252788,1.8278749999999999,22.068377999999999,0.19716700000000001,2.7530420000000002,0.013416000000000001,24.691918999999999,36.119505000067875,1241718.497711,1241718.4980029999
137,409,8193,1,1241731.6040000001,1241742.819505,1241767.1809660001,0.46404200000000001,0.35670899995602667,0.00029200012795627117,0.050749999936670065,1.7957920000000001,21.863043999999999,0.19541600000000001,2.9049999999999998,0.014,24.413086,35.576966000022367,1241743.2319219999,1241743.2322140001
138,412,8193,1,1241756.6040000001,1241767.3130910001,1241791.9755520001,0.43779200000000001,0.30683299992233515,0.00029199989512562752,0.052790999878197908,1.8232090000000001,22.159669000000001,0.19950000000000001,2.7699579999999999,0.012833000000000001,24.752002999999998,35.37155200005509,1241767.6613410001,1241767.661633
139,415,8193,1,1241781.5649999999,1241792.0639269999,1241817.0577209999,0.43108299999999999,0.34183300007134676,0.00029200012795627117,0.052790999878197908,1.8086249999999999,22.469418999999998,0.197459,2.968,0.013417,25.039877000000001,35.492720999987796,1241792.4489269999,1241792.4492190001
140,418,8193,1,1241806.6029999999,1241817.2391379999,1241841.735349,0.45033299999999998,0.31412500003352761,0.00029200012795627117,0.055707999970763922,1.786459,22.021709999999999,0.19716700000000001,2.8802080000000001,0.012834,24.589835999999998,35.132349000079557,1241817.5958459999,1241817.596138
141,421,8193,1,1241831.602,1241841.824307,1241866.321393,0.42933300000000002,0.34125000005587935,0.00029200012795627117,0.055124999955296516,1.8278749999999999,21.958127999999999,0.19337499999999999,2.7874590000000001,0.012834,24.543168999999999,34.719393000006676,1241842.207557,1241842.2078490001
142,424,8193,1,1241856.568,1241866.4491429999,1241891.0048539999,0.46987499999999999,0.34300000010989606,0.00029199989512562752,0.053375000134110451,1.791126,22.04796,0.19716700000000001,2.7967919999999999,0.013417,24.640294999999998,34.436853999970481,1241866.8344340001,1241866.834726
143,427,8193,1,1241881.5989999999,1241891.093229,1241915.800606,0.42320799999999997,0.336291000014171,0,0.055124999955296516,1.8386659999999999,22.162877999999999,0.19600000000000001,2.780459,0.013416000000000001,24.752002000000001,34.201606000075117,1241891.471812,1241891.471812
144,430,8193,1,1241906.6029999999,1241915.930981,1241942.82965,0.483875,0.35408299998380244,0.00029199989512562752,2.7533330000005662,1.826417,21.699127000000001,0.19454199999999999,2.719792,0.014291,26.987044000000001,36.226650000084192,1241916.3264810001,1241916.3267729999
145,433,8193,1,1241931.6040000001,1241942.965567,1241969.4308199999,0.41649999999999998,0.32520799990743399,0.00029099988751113415,2.7632510000839829,1.814459,21.302168000000002,0.19775000000000001,2.6728329999999998,0.006417,26.513960999999998,37.826819999841973,1241943.333359,1241943.3336499999
146,436,8193,1,1241956.6029999999,1241969.5504030001,1241994.327489,0.46258300000000002,0.32491700001992285,0.00029200012795627117,0.050458000041544437,1.7887919999999999,22.288003,0.19716600000000001,2.8005840000000002,0.0078750000000000001,24.861086,37.724489000160247,1241969.9289859999,1241969.929278
147,439,8193,1,1241981.605,1241994.411197,1242019.0051160001,0.424375,0.33191700000315905,0,0.055124999955296516,1.7955000000000001,22.095502,0.199792,2.9484590000000002,0.013417,24.644378,37.400116000091657,1241994.7851140001,1241994.7851140001
148,442,8193,1,1242006.6040000001,1242019.1346160001,1242044.301952,0.487958,0.35816699988208711,0.00029199989512562752,0.013125000055879354,1.814459,22.708293999999999,0.198625,2.8632919999999999,0.017500000000000002,25.255419,37.697951999958605,1242019.534491,1242019.5347829999
149,445,8193,1,1242031.6059999999,1242044.3850769999,1242069.079038,0.44508399999999998,0.35962500004097819,0.00029099988751113415,0.049292000010609627,1.854125,22.12321,0.19716700000000001,2.78775,0.0078750000000000001,24.738586000000002,37.473038000054657,1242044.785536,1242044.7858269999
150,448,8193,1,1242056.6059999999,1242069.2062049999,1242093.011166,0.42670799999999998,0.29662499995902181,0.00029199989512562752,0.010500000091269612,1.794333,21.429044000000001,0.19629199999999999,2.8105009999999999,0.020417000000000001,23.895085999999999,36.405166000127792,1242069.5427880001,1242069.54308
151,451,8193,1,1242081.6040000001,1242093.092832,1242117.671876,0.44829200000000002,0.35991699993610382,0.00029200012795627117,0.050458000041544437,1.807167,22.045335000000001,0.198042,2.800001,0.0078750000000000001,24.623377000000001,36.067875999957323,1242093.4970819999,1242093.497374
152,454,8193,1,1242106.6070000001,1242117.79321,1242142.592462,0.47862500000000002,0.34970799996517599,0.00029200012795627117,0.05424999981187284,1.810084,22.266127000000001,0.19745799999999999,2.8297500000000002,0.013125,24.887043999999999,35.985461999895051,1242118.184043,1242118.1843350001
153,457,8193,1,1242131.6040000001,1242142.680837,1242166.859715,0.416792,0.32841699989512563,0.00058300001546740532,0.014875000109896064,1.817375,21.701169,0.19658300000000001,2.7334999999999998,0.013417,24.224961,35.255714999977499,1242143.0515459999,1242143.052129
154,460,8193,1,1242156.605,1242166.986881,1242191.7546339999,0.47395900000000002,0.34766700002364814,0.0002910001203417778,0.054250000044703484,1.819126,22.226752000000001,0.197459,2.6658330000000001,0.013417,24.852627999999999,35.149633999913931,1242167.3759649999,1242167.376256
155,463,8193,1,1242181.5870000001,1242191.8462169999,1242216.480095,0.42816700000000002,0.34066700004041195,0,0.051916999975219369,1.8322499999999999,22.100169000000001,0.18812499999999999,2.7632500000000002,0.011667,24.680253,34.893094999948516,1242192.2283000001,1242192.2283000001
156,466,8193,1,1242206.571,1242216.6177610001,1242240.84243,0.49466700000000002,0.35670899995602667,0.00029199989512562752,0.05512500018812716,1.819709,21.674043999999999,0.197459,2.7413750000000001,0.013125,24.320919,34.271429999964312,1242217.016178,1242217.0164699999
157,469,8193,1,1242231.605,1242240.9325550001,1242265.588308,0.417375,0.3287090000230819,0.00058300001546740532,0.051916999975219369,1.8176669999999999,22.139543,0.19454199999999999,2.7752080000000001,0.013708,24.702418999999999,33.983308000024408,1242241.303264,1242241.303847
158,472,8193,1,1242256.6040000001,1242265.716641,1242293.240061,0.44508399999999998,0.32025000010617077,0.0002910001203417778,2.9038339999970049,1.804834,22.205169000000001,0.19950000000000001,2.8647499999999999,0.014584,27.607420000000001,36.636060999939218,1242266.077725,1242266.0780160001
159,475,8193,1,1242281.6059999999,1242293.3401019999,1242317.992938,0.37304199999999998,0.27562500000931323,0.00058300001546740532,0.053958999924361706,1.8048329999999999,22.201961000000001,0.197459,2.748958,0.013417,24.710585999999999,36.386938000097871,1242293.655394,1242293.655977
160,478,8193,1,1242306.605,1242318.1198130001,1242342.910316,0.479792,0.35291699995286763,0.00029199989512562752,0.053667000029236078,1.8299160000000001,22.237544,0.19600000000000001,2.786,0.013417,24.87567,36.305316000012681,1242318.514438,1242318.5147299999
161,481,8193,1,1242331.6070000001,1242342.9978159999,1242367.36161,0.42787500000000001,0.33862500009126961,0.00029099988751113415,0.056000000098720193,1.8173760000000001,21.830960000000001,0.19629199999999999,2.7381669999999998,0.013417,24.410461000000002,35.754609999945387,1242343.379316,1242343.3796069999
162,484,8193,1,1242356.605,1242367.492568,1242391.7633209999,0.44362499999999999,0.31091700005345047,0.00029099988751113415,0.054250000044703484,1.8138749999999999,21.774377000000001,0.19512599999999999,2.7886250000000001,0.013125,24.360586000000001,35.158320999937132,1242367.8463600001,1242367.846651
163,487,8193,1,1242381.588,1242391.8525710001,1242416.481198,0.42670799999999998,0.33804099983535707,0.00058400002308189869,0.053957999916747212,1.8100830000000001,22.109501999999999,0.19425000000000001,2.7787090000000001,0.012833000000000001,24.674419,34.893198000034317,1242392.233487,1242392.234071
164,490,8193,1,1242406.5649999999,1242416.616531,1242441.335284,0.46345799999999998,0.3287090000230819,0.00029200012795627117,0.056582999881356955,1.8223339999999999,22.190002,0.197459,2.6745839999999999,0.013125,24.810044000000001,34.770284000085667,1242416.988406,1242416.9886980001
165,493,8193,1,1242431.605,1242441.4496170001,1242466.1788699999,0.41241699999999998,0.32433400000445545,0,0.052208999870344996,1.83575,22.203710999999998,0.19279199999999999,2.7294170000000002,0.014,24.777086000000001,34.57386999996379,1242441.814492,1242441.814492
166,496,8193,1,1242456.605,1242466.3066199999,1242491.282622,0.51975000000000005,0.39141599996946752,0.0002910001203417778,0.052791999885812402,1.8316669999999999,22.379002,0.196876,2.7778330000000002,0.014,25.060877000000001,34.677621999988332,1242466.741495,1242466.7417860001
167,499,8193,1,1242481.605,1242491.3707059999,1242515.0307080001,0.44274999999999998,0.35729100019671023,0.00029199989512562752,0.054833000060170889,1.8334170000000001,21.095960000000002,0.197459,2.7953329999999998,0.013708,23.703461000000001,33.425708000082523,1242491.769997,1242491.7702889999
168,502,8193,1,1242506.6100000001,1242515.204833,1242539.659919,0.470167,0.34474999993108213,0.00029099988751113415,0.054541999939829111,1.825833,21.911752,0.19775000000000001,2.7265000000000001,0.013709000000000001,24.539961000000002,33.049918999895453,1242515.5901250001,1242515.590416
169,505,8193,1,1242531.605,1242539.749752,1242564.1785879999,0.45295800000000003,0.36400000005960464,0.00029200012795627117,0.052207999862730503,1.825834,21.86946,0.19629199999999999,2.7171669999999999,0.013708,24.475211000000002,32.573587999911979,1242540.1563349999,1242540.1566270001
170,508,8193,1,1242556.615,1242564.3069209999,1242587.8522989999,0.47512500000000002,0.34912500018253922,0.00029199989512562752,0.055124999955296516,1.839542,20.980751999999999,0.198042,2.7454589999999999,0.014,23.629377999999999,31.237298999913037,1242564.6983380001,1242564.69863
171,509,8193,1,1242564.9399999999,1242587.900132,1242612.4511760001,0.40804200000000002,0.3602080000564456,0.00029099988751113415,0.054541999939829111,1.836916,21.985835999999999,0.19366700000000001,2.7124999999999999,0.014,24.555419000000001,47.511176000116393,1242588.3037990001,1242588.30409
172,513,8193,1,1242598.233,1242612.5862179999,1242639.845679,0.496417,0.36254100012592971,0.00029200012795627117,2.6562079999130219,1.8305009999999999,22.085001999999999,0.19775000000000001,2.6232500000000001,0.017500000000000002,27.35192,41.612679000012577,1242612.9901759999,1242612.9904680001
173,517,8193,1,1242631.6059999999,1242639.996179,1242664.6463899999,0.450042,0.31966600008308887,0.00058300001546740532,0.052499999990686774,1.778875,22.177461000000001,0.19687499999999999,2.9642089999999999,0.016917000000000001,24.739753,33.040389999980107,1242640.356679,1242640.357262
174,520,8193,1,1242656.574,1242664.7423479999,1242688.8605589999,0.40104200000000001,0.30712500005029142,0.00029099988751113415,0.051917000208050013,1.836625,21.639918999999999,0.19891700000000001,2.7119170000000001,0.021000000000000001,24.169836,32.286558999912813,1242665.091765,1242665.0920559999
175,523,8193,1,1242681.571,1242689.0341,1242713.0735609999,0.39812500000000001,0.2703749998472631,0.00029199989512562752,0.055124999955296516,1.8025009999999999,21.643709999999999,0.19629199999999999,2.8991669999999998,0.0078750000000000001,24.126669,31.502560999942943,1242689.3450170001,1242689.345309
176,524,8193,1,1242689.9399999999,1242713.1394780001,1242740.7664389999,0.39200099999999999,0.33891699998639524,0.0002910001203417778,2.8370419999118894,1.8074589999999999,22.325918999999999,0.19687499999999999,2.7553749999999999,0.0078750000000000001,27.63542,50.82643899996765,1242713.52302,1242713.5233110001
177,529,8193,1,1242731.608,1242740.922481,1242764.974775,0.45500000000000002,0.29283299995586276,0.00029199989512562752,0.055707999970763922,1.7771250000000001,21.608711,0.19687499999999999,2.7886259999999998,0.013417,24.175086,33.366775000002235,1242741.2546890001,1242741.254981
178,532,8193,1,1242756.615,1242765.02465,1242788.2252770001,0.41416700000000001,0.36137499986216426,0.00029099988751113415,0.053375000134110451,1.8412919999999999,20.634252,0.188416,2.7851249999999999,0.012541999999999999,23.209669000000002,31.610277000116184,1242765.4297750001,1242765.430066
179,534,8193,1,1242773.273,1242788.312777,1242812.9419879999,0.41970800000000003,0.33191700000315905,0.00029199989512562752,0.055707999970763922,1.8296250000000001,22.090544000000001,0.19716700000000001,2.685959,0.013417,24.673836000000001,39.668987999903038,1242788.6881520001,1242788.688444
180,537,8193,1,1242798.273,1242813.073238,1242837.712365,0.49904199999999999,0.36983300000429153,0.00029199989512562752,0.053666000021621585,1.8278749999999999,22.068669,0.19716600000000001,2.7250420000000002,0.013417,24.726044000000002,39.439364999998361,1242813.4853630001,1242813.485655
181,540,8193,1,1242823.253,1242837.8030739999,1242862.4827429999,0.44624999999999998,0.35816600010730326,0.00029099988751113415,0.05220900010317564,1.835458,22.118836000000002,0.19716600000000001,2.6912090000000002,0.014,24.726044000000002,39.229742999887094,1242838.2029490001,1242838.2032399999
182,543,8193,1,1242848.2830000001,1242862.617785,1242889.6672459999,0.486209,0.3514580000191927,0.00029200012795627117,2.7364159999415278,1.831375,21.807335999999999,0.19775000000000001,2.7037499999999999,0.013709000000000001,27.142212000000001,41.384245999855921,1242863.0112429999,1242863.0115350001
183,547,8193,1,1242881.575,1242889.799079,1242914.3241650001,0.45295800000000003,0.32199999992735684,0.00029200012795627117,0.052207999862730503,1.7899579999999999,22.043002999999999,0.19600000000000001,2.8233329999999999,0.014,24.614336000000002,32.749165000161156,1242890.162787,1242890.1630790001
184,550,8193,1,1242906.6159999999,1242914.411665,1242937.812959,0.42845800000000001,0.33979099988937378,0.00029199989512562752,0.05629199999384582,1.837208,20.846001999999999,0.19745799999999999,2.7323339999999998,0.013417,23.446211000000002,31.196959000080824,1242914.7952060001,1242914.795498
185,552,8193,1,1242923.274,1242937.9025000001,1242962.140294,0.41416599999999998,0.32724999985657632,0.00029199989512562752,0.054250000044703484,1.8322499999999999,21.707585999999999,0.19600000000000001,2.653,0.013416000000000001,24.284459999999999,38.866294000064954,1242938.27,1242938.2702919999
186,555,8193,1,1242948.287,1242962.273878,1242988.666797,0.438666,0.3047919999808073,0.00029199989512562752,2.8942090000491589,1.8220419999999999,21.051627,0.19716600000000001,2.7956249999999998,0.013416000000000001,26.485377,40.379796999972314,1242962.6200860001,1242962.620378
187,558,8193,1,1242973.2749999999,1242988.7531310001,1243013.2718,0.354958,0.26804100000299513,0,0.054250000044703484,1.8036669999999999,22.101334999999999,0.20300000000000001,2.7008329999999998,0.028583999999999998,24.565335999999999,39.996800000080839,1242989.0614219999,1242989.0614219999
188,561,8193,1,1242998.274,1243013.4491330001,1243037.9167599999,0.47891600000000001,0.34708300000056624,0.00029199989512562752,0.05512500018812716,1.8095000000000001,21.983794,0.19658400000000001,2.800583,0.010500000000000001,24.557459999999999,39.642759999958798,1243013.838216,1243013.8385079999
189,564,8193,1,1243023.2749999999,1243038.021469,1243065.7470130001,0.43166700000000002,0.33891599997878075,0.00029099988751113415,2.8125420000869781,1.806584,22.458628000000001,0.19716700000000001,2.7323330000000001,0.0087500000000000008,27.776586000000002,42.472013000166044,1243038.402094,1243038.4023849999
190,568,8193,1,1243056.6070000001,1243065.91093,1243090.543057,0.46929199999999999,0.3024579999037087,0.00029200012795627117,0.010207999963313341,1.782667,22.273419000000001,0.19600000000000001,2.8682500000000002,0.010791,24.759294000000001,33.936056999955326,1243066.253055,1243066.2533470001
191,571,8193,1,1243081.591,1243090.587974,1243115.2425599999,0.423792,0.37041700002737343,0.00029199989512562752,0.051333000184968114,1.8109580000000001,22.163461000000002,0.19570799999999999,2.857459,0.0040829999999999998,24.663627999999999,33.651559999911115,1243091.002724,1243091.0030159999
192,574,8193,1,1243106.605,1243115.388393,1243139.949062,0.480958,0.35145900002680719,0.00029199989512562752,0.054250000044703484,1.806,22.075378000000001,0.203291,2.8650419999999999,0.014584,24.646419000000002,33.344062000047415,1243115.7833100001,1243115.783602
193,577,8193,1,1243131.6070000001,1243140.0429789999,1243164.0993560001,0.39491700000000002,0.3085830002091825,0.00029200012795627117,0.048707999987527728,1.7952090000000001,21.626501999999999,0.19687499999999999,2.9286249999999998,0.024209000000000001,24.100418999999999,32.492356000002474,1243140.3938539999,1243140.394146
194,580,8193,1,1243156.6070000001,1243164.2644400001,1243187.780359,0.40220899999999998,0.27620800002478063,0.0002910001203417778,0.055416999850422144,1.82175,21.092168000000001,0.199792,2.7617919999999998,0.0081670000000000006,23.601085999999999,31.173358999891207,1243164.581482,1243164.5817730001
195,581,8193,1,1243164.943,1243187.8424839999,1243215.0850279999,0.39200000000000002,0.33920800010673702,0.00029200012795627117,0.011082999873906374,4.4805840000000003,22.097836000000001,0.19512499999999999,2.6369590000000001,0.0093329999999999993,27.252168999999999,50.142027999972925,1243188.224859,1243188.2251510001
196,586,8193,1,1243206.608,1243215.285987,1243242.8811560001,0.47075,0.30916599999181926,0.0002910001203417778,2.9537090000230819,1.8234999999999999,22.223544,0.20008400000000001,2.8743750000000001,0.014583,27.716501999999998,36.273156000068411,1243215.6351119999,1243215.6354030001
197,589,8193,1,1243231.611,1243242.928114,1243267.083075,0.36020799999999997,0.31324999989010394,0.00029199989512562752,0.052499999990686774,1.7709999999999999,21.694168999999999,0.199792,2.951667,0.014,24.159627,35.47207499993965,1243243.283364,1243243.2836559999
198,592,8193,1,1243256.608,1243267.2137420001,1243291.8519939999,0.457042,0.32550000003539026,0.00029200012795627117,0.054540999932214618,1.793458,22.145085999999999,0.19775000000000001,2.8516249999999999,0.013416000000000001,24.728086000000001,35.243993999902159,1243267.581242,1243267.5815340001
199,595,8193,1,1243281.6100000001,1243291.941536,1243316.6252880001,0.42787500000000001,0.33804200007580221,0.00029099988751113415,0.054834000067785382,1.7989999999999999,22.164044000000001,0.19775000000000001,2.9017919999999999,0.014291,24.729835000000001,35.015287999995053,1243292.323328,1243292.3236189999
200,598,8193,1,1243306.5800000001,1243316.7521629999,1243339.8372909999,0.45295800000000003,0.32695899996906519,0.00029200012795627117,0.054541999939829111,1.798125,20.590793999999999,0.19629199999999999,2.9881250000000001,0.013417,23.169419000000001,33.257290999870747,1243317.1208299999,1243317.121122
201,601,8193,1,1243331.5689999999,1243339.932666,1243363.9152520001,0.423792,0.33483300008811057,0,0.055124999955296516,1.7957920000000001,21.478044000000001,0.19716700000000001,2.7962090000000002,0.014,24.030128000000001,32.34625200019218,1243340.308916,1243340.308916
202,604,8193,1,1243356.571,1243364.0447519999,1243388.165296,0.45850000000000002,0.33191599999554455,0.00029199989512562752,0.055124999955296516,1.7960830000000001,21.624752000000001,0.19629199999999999,2.8691249999999999,0.014291999999999999,24.206294,31.594295999966562,1243364.4172100001,1243364.417502
203,605,8193,1,1243364.943,1243388.216921,1243415.589257,0.36108400000000002,0.30799999996088445,0,2.7276669999118894,1.8129999999999999,22.199628000000001,0.19687499999999999,2.6935419999999999,0.014291999999999999,27.38167,50.646257000043988,1243388.5689620001,1243388.5689620001
204,610,8193,1,1243406.6089999999,1243415.7566730001,1243443.2278849999,0.467833,0.30129199987277389,0.00029099988751113415,2.9006260000169277,1.802792,22.180959999999999,0.19775000000000001,2.8603749999999999,0.014584,27.596627999999999,36.618885000003502,1243416.099382,1243416.0996729999
205,613,8193,1,1243431.6100000001,1243443.275718,1243467.8684700001,0.34649999999999997,0.29924999992363155,0,0.052791999885812402,1.778292,22.139544000000001,0.19716700000000001,2.867375,0.014291999999999999,24.597418999999999,36.258470000000671,1243443.6175510001,1243443.6175510001
206,616,8193,1,1243456.6089999999,1243467.9979699999,1243492.818223,0.43458400000000003,0.30537499999627471,0.00029099988751113415,0.053667000029236078,1.8051250000000001,22.340502000000001,0.19483300000000001,2.8860420000000002,0.013709000000000001,24.908628,36.209223000099882,1243468.344179,1243468.3444699999
207,619,8193,1,1243481.612,1243492.9092230001,1243517.198934,0.43137500000000001,0.34066700004041195,0.0002910001203417778,0.055124999955296516,1.8229169999999999,21.749002000000001,0.197459,2.723875,0.013708,24.336086000000002,35.586934000020847,1243493.294515,1243493.2948060001
208,622,8193,1,1243506.6089999999,1243517.3258090001,1243541.6216440001,0.45237500000000003,0.328125,0.00029099988751113415,0.055124999955296516,1.7896669999999999,21.806751999999999,0.19541700000000001,2.9300839999999999,0.014,24.378959999999999,35.012644000118598,1243517.695059,1243517.6953499999
209,625,8193,1,1243531.6189999999,1243541.7126440001,1243566.41973,0.42379099999999997,0.33541699987836182,0,0.054541999939829111,1.806584,22.193794,0.19425000000000001,2.9831669999999999,0.014,24.753751999999999,34.800730000017211,1243542.089769,1243542.089769
210,628,8193,1,1243556.6100000001,1243566.5515640001,1243590.4685239999,0.45704099999999998,0.32724999985657632,0,0.056875000009313226,1.7905420000000001,21.423501999999999,0.19658300000000001,2.9172500000000001,0.013709000000000001,24.004460000000002,33.858523999806494,1243566.921105,1243566.921105
211,631,8193,1,1243581.6100000001,1243590.558066,1243617.954902,0.39579199999999998,0.30858299997635186,0.00029099988751113415,2.8195420000702143,1.803083,22.179794000000001,0.199792,2.781917,0.014291,27.443211000000002,36.344901999924332,1243590.9074830001,1243590.907774
212,634,8193,1,1243606.6189999999,1243618.090235,1243642.6121129999,0.40570800000000001,0.27270899992436171,0.00029200012795627117,0.054833000060170889,1.8191250000000001,22.058752999999999,0.20125000000000001,2.7577090000000002,0.014,24.614336000000002,35.993112999945879,1243618.4034849999,1243618.403777
213,637,8193,1,1243631.611,1243642.705446,1243667.1993239999,0.40162500000000001,0.30799999996088445,0.0002910001203417778,0.014583999989554286,1.803375,22.045044000000001,0.19716600000000001,2.6877080000000002,0.013709000000000001,24.545794000000001,35.588323999894783,1243643.055155,1243643.0554460001
214,640,8193,1,1243656.6100000001,1243667.32999,1243691.948993,0.42262499999999997,0.29575000004842877,0,0.051625000080093741,1.8025009999999999,22.153542999999999,0.197459,2.929792,0.014,24.705044000000001,35.338992999866605,1243667.666865,1243667.666865
215,643,8193,1,1243681.6189999999,1243692.0496179999,1243716.9299540001,0.39579199999999998,0.29837500001303852,0.00029200012795627117,0.051915999967604876,1.806583,22.407878,0.19541600000000001,2.8857499999999998,0.013708,24.936627999999999,35.310954000102356,1243692.3891179999,1243692.3894100001
216,646,8193,1,1243706.611,1243717.0585789999,1243741.7464139999,0.42612499999999998,0.29983299993909895,0.00029199989512562752,0.055416000075638294,1.8220419999999999,22.197293999999999,0.193083,2.7501250000000002,0.013125,24.772127000000001,35.135413999902084,1243717.400412,1243717.4007039999
217,649,8193,1,1243731.588,1243741.8344980001,1243766.419667,0.39374999999999999,0.30595800001174212,0.0002910001203417778,0.054541999939829111,1.8284590000000001,22.080627,0.19687499999999999,2.7644169999999999,0.013708,24.631252,34.831666999962181,1243742.1821649999,1243742.182456
218,652,8193,1,1243756.6100000001,1243766.5532500001,1243790.7012110001,0.424958,0.29224999994039536,0.00029099988751113415,0.054834000067785382,1.8103750000000001,21.67521,0.198042,2.7355420000000001,0.014291,24.238959999999999,34.091210999991745,1243766.8872090001,1243766.8875
219,655,8193,1,1243781.5789999999,1243790.799503,1243814.7397970001,0.38966699999999999,0.29662499995902181,0.0002910001203417778,0.010208999970927835,1.7946249999999999,21.525002000000001,0.19658400000000001,2.8221669999999999,0.014,23.992211000000001,33.160797000164166,1243791.1372529999,1243791.1375440001
220,658,8193,1,1243806.6189999999,1243814.867839,1243839.5329239999,0.40949999999999998,0.2840830001514405,0,0.054541999939829111,1.8255410000000001,22.185628000000001,0.19687499999999999,2.7472080000000001,0.013708,24.749085000000001,32.913923999993131,1243815.1936300001,1243815.1936300001
221,661,8193,1,1243831.612,1243839.6227579999,1243864.1930519999,0.38441700000000001,0.29516600002534688,0.00029200012795627117,0.055415999842807651,1.8179590000000001,22.085877,0.19658300000000001,2.757126,0.013709000000000001,24.617253000000002,32.58105199993588,1243839.960216,1243839.9605080001
222,664,8193,1,1243856.6189999999,1243864.3202180001,1243889.0331379999,0.410667,0.28700100001879036,0,0.052792000118643045,1.816791,22.246586000000001,0.19600000000000001,2.6877089999999999,0.014,24.796044999999999,32.414137999992818,1243864.648052,1243864.648052
223,667,8193,1,1243881.6189999999,1243889.1200540001,1243914.1686819999,0.35699999999999998,0.27212499990127981,0,0.013417000183835626,1.793167,22.650251999999998,0.19629099999999999,2.7801670000000001,0.013708,25.093253000000001,32.549681999953464,1243889.4327209999,1243889.4327209999
224,670,8193,1,1243906.5730000001,1243914.357974,1243938.8652679999,0.47162500000000002,0.33774999994784594,0.00029199989512562752,0.055417000083252788,1.8462499999999999,21.946752,0.198042,2.7825000000000002,0.013417,24.598877999999999,32.292267999844626,1243914.738015,1243914.7383069999
225,671,8193,1,1243914.9450000001,1243938.916893,1243965.697437,0.35670800000000003,0.30216600000858307,0.00029200012795627117,2.7524590000975877,1.827583,21.625627999999999,0.19600000000000001,2.6567919999999998,0.016042000000000001,26.790461000000001,50.752436999930069,1243939.2636839999,1243939.263976
226,676,8193,1,1243956.6200000001,1243965.8651449999,1243990.2971890001,0.44566699999999998,0.28145899996161461,0.00029099988751113415,0.011375000001862645,1.8144579999999999,22.016169000000001,0.19745799999999999,2.6982089999999999,0.0078750000000000001,24.556877,33.677188999950886,1243966.1859790001,1243966.1862699999
227,679,8193,1,1243981.6140000001,1243990.3383140001,1244011.9406079999,0.42933300000000002,0.3721669998485595,0.00029200012795627117,0.053667000029236078,1.803083,19.110586000000001,0.19716700000000001,2.786,0.0064159999999999998,21.613959999999999,30.326607999857515,1243990.7559809999,1243990.756273
228,681,8193,1,1243998.2379999999,1244012.007983,1244036.6013189999,0.39608300000000002,0.31208400009199977,0,0.053375000134110451,1.804251,22.113876999999999,0.19804099999999999,2.7804579999999999,0.0081670000000000006,24.637668999999999,38.363318999996409,1244012.3597329999,1244012.3597329999
229,684,8193,1,1244023.277,1244036.747152,1244061.3676130001,0.45850000000000002,0.33075099997222424,0.00029199989512562752,0.054250000044703484,1.826125,22.094044,0.19570899999999999,2.8140000000000001,0.016333,24.706793999999999,38.090613000094891,1244037.119319,1244037.1196109999
230,687,8193,1,1244048.2819999999,1244061.453947,1244086.178241,0.394625,0.30420799995772541,0.00029199989512562752,0.054250000044703484,1.816792,22.275752000000001,0.19366700000000001,2.7676249999999998,0.020125000000000001,24.770085999999999,37.896241000154987,1244061.80278,1244061.8030719999
231,690,8193,1,1244073.2790000001,1244086.302782,1244111.0512850001,0.47979100000000002,0.35291699995286763,0.00029199989512562752,0.051042000064626336,1.8013330000000001,22.267878,0.19629099999999999,2.8597920000000001,0.0078750000000000001,24.833669,37.772284999955446,1244086.697407,1244086.6976989999
232,693,8193,1,1244098.2579999999,1244111.14316,1244135.6907039999,0.38850000000000001,0.29866699990816414,0,0.052207999862730503,1.811542,22.118835000000001,0.19687499999999999,2.7889170000000001,0.013125,24.596544000000002,37.432704000035301,1244111.4829520001,1244111.4829520001
233,696,8193,1,1244123.257,1244135.822829,1244160.878457,0.42029100000000003,0.29691700008697808,0.00029199989512562752,0.011083000106737018,1.7984169999999999,22.627503000000001,0.19950000000000001,2.6439590000000002,0.0081670000000000006,25.136419,37.621457000030205,1244136.1620370001,1244136.162329
234,699,8193,1,1244148.2790000001,1244160.9604150001,1244185.6450420001,0.38383299999999998,0.29516699980013072,0.00029199989512562752,0.055417000083252788,1.7984169999999999,22.223251999999999,0.19658300000000001,2.914917,0.013709000000000001,24.732752000000001,37.366042000008747,1244161.2961230001,1244161.296415
235,702,8193,1,1244173.2879999999,1244185.7821259999,1244209.4908360001,0.42991600000000002,0.29750000010244548,0.00029200012795627117,0.012832999927923083,1.805709,21.270377,0.19658300000000001,2.7512919999999998,0.013708,23.799710000000001,36.202836000127718,1244186.1210419999,1244186.121334
236,705,8193,1,1244198.2879999999,1244209.577753,1244234.250422,0.388208,0.29458400001749396,0.00029199989512562752,0.054540999932214618,1.817375,22.177461000000001,0.19745799999999999,2.7982499999999999,0.013709000000000001,24.716709999999999,35.962422000011429,1244209.9219200001,1244209.922212
237,708,8193,1,1244223.2779999999,1244234.3845889999,1244259.000675,0.441,0.30625000013969839,0.00029199989512562752,0.055416000075638294,1.828751,22.150043,0.19483300000000001,2.7632509999999999,0.014,24.709710999999999,35.722675000084564,1244234.731964,1244234.7322559999
238,711,8193,1,1244248.2779999999,1244259.0875909999,1244285.995594,0.34445900000000002,0.2601670001167804,0.00029199989512562752,2.8023330001160502,1.815334,21.762418,0.19687499999999999,2.7606250000000001,0.01575,26.951753,37.71759400004521,1244259.3883,1244259.3885919999
239,714,8193,1,1244273.274,1244286.125678,1244310.87418,0.39200000000000002,0.26979100005701184,0.00029200012795627117,0.0096249999478459358,1.7815000000000001,22.367628,0.19716700000000001,2.9575,0.013708,24.830461,37.600180000066757,1244286.4357189999,1244286.4360110001
240,717,8193,1,1244298.2720000001,1244310.9750969999,1244334.820599,0.44654199999999999,0.35058300010859966,0.00029099988751113415,0.051625000080093741,1.809501,21.318210000000001,0.19658300000000001,2.9889999999999999,0.013708,23.899169000000001,36.54859899985604,1244311.367972,1244311.3682629999
241,720,8193,1,1244323.2790000001,1244334.9535989999,1244359.591268,0.42525000000000002,0.29662500019185245,0.00058300001546740532,0.054250000044703484,1.830792,22.139835999999999,0.19600000000000001,2.7480829999999998,0.013416000000000001,24.723419,36.312267999863252,1244335.2930989999,1244335.2936819999
242,723,8193,1,1244348.2790000001,1244359.6813930001,1244383.859104,0.40075,0.31208399985916913,0,0.053667000029236078,1.793167,21.701169,0.19687499999999999,2.8128340000000001,0.014,24.223502,35.580103999935091,1244360.0366430001,1244360.0366430001
243,726,8193,1,1244373.2790000001,1244383.986854,1244406.9071899999,0.41504200000000002,0.29020799999125302,0.00029200012795627117,0.055124999955296516,1.820001,20.445252,0.19716600000000001,2.7349589999999999,0.013709000000000001,23.004628,33.628189999843016,1244384.317604,1244384.3178960001
244,729,8193,1,1244398.2390000001,1244407.001106,1244432.456609,0.36604100000000001,0.27474999986588955,0.00029200012795627117,2.59320899983868,1.7995829999999999,20.523419000000001,0.19600000000000001,4.6278750000000004,0.015458,25.506544000000002,34.217608999926597,1244407.316106,1244407.3163980001
245,732,8193,1,1244423.24,1244432.5910670001,1244457.3235279999,0.43079200000000001,0.30099999997764826,0.00029199989512562752,0.010207999963313341,1.7940419999999999,22.306961000000001,0.197459,2.7699590000000001,0.013708,24.819960999999999,34.083527999930084,1244432.9343590001,1244432.934651
246,735,8193,1,1244448.2890000001,1244457.4177359999,1244481.920072,0.43662499999999999,0.34241700009442866,0.00058400002308189869,0.055124999955296516,1.7969580000000001,22.031628000000001,0.19745799999999999,2.94875,0.01925,24.554836000000002,33.631071999901906,1244457.801861,1244457.802445
247,738,8193,1,1244473.2549999999,1244482.0924470001,1244509.5330330001,0.412416,0.28495899983681738,0.00029199989512562752,2.8370420001447201,1.827,22.231711000000001,0.19716600000000001,2.7495419999999999,0.0070000000000000001,27.526627000000001,36.278033000184223,1244482.418822,1244482.4191139999
248,741,8193,1,1244498.2790000001,1244509.6138249999,1244534.127536,0.40425,0.31645800010301173,0,0.050458000041544437,1.7815000000000001,22.109501999999999,0.193083,2.870876,0.0075830000000000003,24.558918999999999,35.848535999888554,1244509.9728669999,1244509.9728669999
249,744,8193,1,1244523.2790000001,1244534.294369,1244559.0002880001,0.42058299999999998,0.29429199988953769,0.00029199989512562752,0.056292000226676464,1.8025,22.248335999999998,0.19629099999999999,2.8172090000000001,0.0081659999999999996,24.791377000000001,35.721288000000641,1244534.629494,1244534.6297859999
250,747,8193,1,1244548.28,1244559.0810799999,1244586.439124,0.392291,0.30304200015962124,0.00029199989512562752,2.7816250000614673,1.8092079999999999,22.187086000000001,0.199791,2.7475000000000001,0.0096249999999999999,27.406461,38.159123999997973,1244559.424663,1244559.4249549999
251,750,8193,1,1244573.254,1244586.575041,1244610.3365430001,0.43604199999999999,0.30449999985285103,0.0002910001203417778,0.055416999850422144,1.7896669999999999,21.33221,0.198625,2.8845839999999998,0.013708,23.850752,37.082543000113219,1244586.9218329999,1244586.922124
252,753,8193,1,1244598.2819999999,1244610.4768350001,1244635.924754,0.35904199999999997,0.26891699992120266,0.00029199989512562752,2.4558329998981208,1.7917080000000001,20.618794000000001,0.19658300000000001,4.6660839999999997,0.013417,25.496919999999999,37.642754000145942,1244610.7865850001,1244610.786877
253,756,8193,1,1244623.281,1244636.0662130001,1244660.851757,0.41620800000000002,0.28524999995715916,0.00029200012795627117,0.010207999963313341,1.821167,22.353044000000001,0.19570899999999999,2.7031670000000001,0.014,24.875377,37.570757000008598,1244636.3922959999,1244636.392588
254,759,8193,1,1244648.27,1244660.944507,1244685.2216759999,0.43137500000000001,0.33774999994784594,0.00029200012795627117,0.054541999939829111,1.802792,21.765919,0.19687499999999999,2.9093749999999998,0.013708,24.328211,36.951675999909639,1244661.3248399999,1244661.325132
255,762,8193,1,1244673.28,1244685.3508840001,1244709.941595,0.41999999999999998,0.29224999994039536,0.00058300001546740532,0.062999999849125743,1.8237920000000001,22.093167999999999,0.19775000000000001,2.7515839999999998,0.013708,24.676752,36.661594999954104,1244685.684843,1244685.685426
256,765,8193,1,1244698.2819999999,1244710.03697,1244734.698264,0.38062499999999999,0.28524999995715916,0.00029200012795627117,0.061540999915450811,1.7852920000000001,22.208669,0.19512499999999999,2.795042,0.013417,24.712918999999999,36.416264000115916,1244710.3659699999,1244710.3662620001
257,768,8193,1,1244723.281,1244734.8295140001,1244758.2520999999,0.44566699999999998,0.31324999989010394,0.00029199989512562752,0.054250000044703484,1.796084,20.94021,0.19775000000000001,2.9318339999999998,0.013125,23.512710999999999,34.9710999999661,1244735.185056,1244735.1853479999
258,771,8193,1,1244748.2819999999,1244758.3413499999,1244782.9451860001,0.38470799999999999,0.29575000004842877,0.00029199989512562752,0.053667000029236078,1.793458,22.143626999999999,0.19570899999999999,2.8991669999999998,0.014,24.649919000000001,34.663186000194401,1244758.6796830001,1244758.679975
259,774,8193,1,1244773.28,1244783.0726439999,1244807.325897,0.47891600000000001,0.35116700013168156,0,0.054834000067785382,1.8249580000000001,21.750461000000001,0.19600000000000001,2.74925,0.018667,24.337835999999999,34.045897000003606,1244783.4672689999,1244783.4672689999
260,777,8193,1,1244798.29,1244807.4133969999,1244831.5132319999,0.39783299999999999,0.31266600009985268,0.00029199989512562752,0.052791000111028552,1.792875,21.631751999999999,0.19716700000000001,2.9260009999999999,0.0078750000000000001,24.144459999999999,33.223231999902055,1244807.766605,1244807.7668969999
261,780,8193,1,1244823.247,1244831.630774,1244856.3498180001,0.45733299999999999,0.33220800012350082,0.00029199989512562752,0.053958000149577856,1.797833,22.280127,0.19425000000000001,2.9388339999999999,0.0078750000000000001,24.803626999999999,33.102818000130355,1244832.0035240001,1244832.003816
262,783,8193,1,1244848.2830000001,1244856.479027,1244881.0814040001,0.38791700000000001,0.29633300006389618,0.00029200012795627117,0.055999999865889549,1.7917080000000001,22.187377000000001,0.19745799999999999,2.9283329999999999,0.0087500000000000008,24.651085999999999,32.798404000001028,1244856.8182349999,1244856.818527
263,786,8193,1,1244873.29,1244881.222571,1244908.192698,0.44624999999999998,0.31733300001360476,0.00029200012795627117,2.8519170000217855,1.791417,21.696210000000001,0.19454199999999999,2.771709,0.0084589999999999995,27.056751999999999,34.902697999961674,1244881.5824869999,1244881.582779
264,789,8193,1,1244898.2819999999,1244908.271157,1244933.087909,0.37070900000000001,0.28466599993407726,0.00029099988751113415,0.053667000029236078,1.8234999999999999,22.337002999999999,0.19745799999999999,2.7017090000000001,0.013416000000000001,24.861961000000001,34.805909000104293,1244908.596657,1244908.5969479999
265,792,8193,1,1244923.2819999999,1244933.2203259999,1244957.6987449999,0.454708,0.32375000021420419,0,0.056583000114187598,1.8124169999999999,21.967168999999998,0.19600000000000001,2.7463329999999999,0.013417,24.568252000000001,34.416745000053197,1244933.585493,1244933.585493
266,795,8193,1,1244948.2830000001,1244957.7912029999,1244982.3670389999,0.41066599999999998,0.31704200012609363,0.00029199989512562752,0.051042000064626336,1.8334170000000001,22.102793999999999,0.19745799999999999,2.7822079999999998,0.015458,24.627752000000001,34.084038999862969,1244958.149953,1244958.1502449999
267,798,8193,1,1244973.2919999999,1244982.490122,1245009.319959,0.40979199999999999,0.28670900012366474,0.0002910001203417778,2.7737499999348074,1.81125,21.649252000000001,0.19833400000000001,2.6745830000000002,0.0084589999999999995,26.911503,36.027959000086412,1244982.818248,1244982.8185390001
268,801,8193,1,1244998.2439999999,1245009.4144590001,1245033.3150859999,0.37887500000000002,0.28729099989868701,0,0.010207999963313341,1.773334,21.511877999999999,0.20300000000000001,2.8621259999999999,0.0090419999999999997,23.951961000000001,35.071085999952629,1245009.742292,1245009.742292
269,804,8193,1,1245023.281,1245033.436711,1245058.0195470001,0.482709,0.35233299992978573,0.00029099988751113415,0.052499999990686774,1.791417,22.072168999999999,0.19716600000000001,2.8732090000000001,0.013417,24.672377999999998,34.738547000102699,1245033.8298780001,1245033.830169
270,807,8193,1,1245048.281,1245058.1073380001,1245082.5901329999,0.39316699999999999,0.30537499999627471,0.00029200012795627117,0.053665999788790941,1.7987089999999999,22.056711,0.19804099999999999,2.9481670000000002,0.014584,24.529170000000001,34.309132999973372,1245058.45413,1245058.4544220001
271,810,8193,1,1245073.2879999999,1245082.7167160001,1245106.9801769999,0.43633300000000003,0.30799999996088445,0.00029199989512562752,0.028291000053286552,1.7963750000000001,21.870044,0.19629099999999999,2.8058329999999998,0.0090419999999999997,24.350669,33.692176999989897,1245083.0658410001,1245083.066133
272,813,8193,1,1245098.281,1245107.0460930001,1245131.452762,0.403667,0.31616699998266995,0.00029200012795627117,0.049291000002995133,1.786751,21.942377,0.19483300000000001,2.9423339999999998,0.0099170000000000005,24.451294000000001,33.171762000070885,1245107.4051349999,1245107.405427
273,816,8193,1,1245123.281,1245131.5743869999,1245155.718265,0.410667,0.28000100003555417,0.00029099988751113415,0.055417000083252788,1.799291,21.694168999999999,0.19775000000000001,2.8154590000000002,0.014291,24.232544000000001,32.437265000073239,1245131.8963880001,1245131.896679
274,819,8193,1,1245148.281,1245155.8148070001,1245180.351851,0.378,0.2867079998832196,0.0002910001203417778,0.0096249999478459358,1.802208,22.156461,0.19687499999999999,2.941459,0.01575,24.588086000000001,32.070851000025868,1245156.142057,1245156.1423480001
275,821,8193,1,1245164.9480000001,1245180.4413920001,1245204.705728,0.35816700000000001,0.27066699997521937,0.00029200012795627117,0.054833000060170889,1.7855840000000001,21.830960000000001,0.198625,2.8688340000000001,0.015167,24.311585999999998,39.757727999938652,1245180.7523089999,1245180.752601
276,824,8193,1,1245189.9509999999,1245204.840478,1245228.1321060001,0.44712499999999999,0.31120899994857609,0.00029200012795627117,0.05424999981187284,1.806,20.804877000000001,0.19541700000000001,2.9257089999999999,0.014874999999999999,23.385836000000001,38.181106000207365,1245205.193395,1245205.1936870001
277,827,8193,1,1245214.9299999999,1245228.219606,1245252.8438579999,0.37479099999999999,0.28583299997262657,0.00029199989512562752,0.056000000098720193,1.7887919999999999,22.177752000000002,0.19483400000000001,2.858625,0.014874999999999999,24.669460000000001,37.913857999956235,1245228.548897,1245228.5491889999
278,830,8193,1,1245239.95,1245252.9698580001,1245277.2225269999,0.43370799999999998,0.30770799983292818,0,0.062416000058874488,1.801042,21.758044000000002,0.19804099999999999,2.7469169999999998,0.014291,24.336085000000001,37.272526999935508,1245253.32015,1245253.32015
279,833,8193,1,1245264.949,1245277.3184849999,1245301.896655,0.44304199999999999,0.344459000043571,0.00029099988751113415,0.054834000067785382,1.7984169999999999,22.062543999999999,0.19687499999999999,2.8376260000000002,0.014584,24.634170000000001,36.947655000025406,1245277.705819,1245277.7061099999
280,836,8193,1,1245289.949,1245302.0722380001,1245326.6644069999,0.41912500000000003,0.29224999994039536,0,0.054250000044703484,1.8243750000000001,22.101918999999999,0.201541,2.7737500000000002,0.014,24.677918999999999,36.715406999923289,1245302.405613,1245302.405613
281,839,8193,1,1245314.949,1245326.7524900001,1245350.5154510001,0.38966699999999999,0.303624999942258,0.00029199989512562752,0.051625000080093741,1.7791669999999999,21.313544,0.19395799999999999,2.9262920000000001,0.014583,23.808461000000001,35.56645100004971,1245327.096657,1245327.0969489999
282,842,8193,1,1245339.949,1245350.644076,1245375.257245,0.45237500000000003,0.32579199993051589,0.00029200012795627117,0.053957999916747212,1.7812079999999999,22.137502000000001,0.19600000000000001,2.8702909999999999,0.014584,24.698336000000001,35.30824499996379,1245351.0109929999,1245351.011285
283,845,8193,1,1245364.9310000001,1245375.3453289999,1245399.810914,0.37537500000000001,0.28962499997578561,0,0.054541999939829111,1.7957920000000001,22.014417999999999,0.19600000000000001,2.8460839999999998,0.015166000000000001,24.510501999999999,34.879913999931887,1245375.675787,1245375.675787
284,848,8193,1,1245389.953,1245399.946831,1245423.687042,0.42875000000000002,0.2948749999050051,0.00029199989512562752,0.048707999987527728,1.77275,21.357002000000001,0.19629199999999999,2.7410839999999999,0.014874999999999999,23.833836000000002,33.734042000025511,1245400.281956,1245400.2822479999
285,851,8193,1,1245414.9310000001,1245423.768709,1245448.6268780001,0.44187500000000002,0.35495800012722611,0.00029199989512562752,0.011667000129818916,1.788208,22.384253000000001,0.198625,2.665251,0.0084580000000000002,24.902502999999999,33.695877999998629,1245424.16625,1245424.1665419999
286,854,8193,1,1245439.9210000001,1245448.747919,1245473.24238,0.425541,0.29691700008697808,0.00029200012795627117,0.054832999827340245,1.802792,22.017627000000001,0.19600000000000001,2.8376260000000002,0.019542,24.582252,33.321379999862984,1245449.0856689999,1245449.0859610001
287,857,8193,1,1245464.952,1245473.3310469999,1245496.163591,0.40308300000000002,0.31441700016148388,0.00029200012795627117,0.057457999791949987,1.793458,20.397418999999999,0.198625,2.7690839999999999,0.016042000000000001,22.878627000000002,31.211590999970213,1245473.688047,1245473.6883390001
288,859,8193,1,1245481.6200000001,1245496.261591,1245520.5224270001,0.406584,0.31587500008754432,0.00029099988751113415,0.050750000169500709,1.787917,21.786044,0.198625,2.865917,0.014291999999999999,24.309545,38.902426999993622,1245496.619466,1245496.6197569999
289,862,8193,1,1245506.577,1245520.6595099999,1245545.2423459999,0.497,0.36225000000558794,0.00029200012795627117,0.053957999916747212,1.7844169999999999,22.100460000000002,0.19483400000000001,2.8069999999999999,0.024209000000000001,24.674419,38.6653459998779,1245521.065218,1245521.0655100001
290,865,8193,1,1245531.621,1245545.379429,1245569.8916819999,0.36254199999999998,0.26949999993667006,0.00029199989512562752,0.054541000165045261,1.784125,22.131377000000001,0.197459,2.8166250000000002,0.0087500000000000008,24.563295,38.270681999856606,1245545.690929,1245545.6912209999
291,868,8193,1,1245556.6159999999,1245570.0340150001,1245594.254892,0.46200000000000002,0.32958299992606044,0.00029199989512562752,0.05308300000615418,1.792583,21.776126999999999,0.201542,2.8315000000000001,0.0081659999999999996,24.309543999999999,37.63889200007543,1245570.4076400001,1245570.407932
292,871,8193,1,1245581.6200000001,1245594.3581419999,1245618.73652,0.40949999999999998,0.31908400007523596,0.00029200012795627117,0.053957999916747212,1.8036669999999999,21.938877000000002,0.19570799999999999,2.7763749999999998,0.0081670000000000006,24.425628,37.116519999923185,1245594.7203919999,1245594.7206840001
293,874,8193,1,1245606.6159999999,1245618.875645,1245642.933772,0.43866699999999997,0.31324999989010394,0.0002910001203417778,0.051042000064626336,1.80775,21.623002,0.19775000000000001,2.7629589999999999,0.0093329999999999993,24.142710999999998,36.317772000096738,1245619.2300199999,1245619.230311
294,877,8193,1,1245631.618,1245643.0352719999,1245667.624233,0.41562500000000002,0.32608400005847216,0.00029199989512562752,0.05133299995213747,1.7957920000000001,22.152668999999999,0.19775000000000001,2.762667,0.0081659999999999996,24.635626999999999,36.006232999963686,1245643.4039390001,1245643.404231
295,880,8193,1,1245656.6170000001,1245667.7624830001,1245692.3642770001,0.44683299999999998,0.32258299994282424,0.00029200012795627117,0.052499999990686774,1.807458,22.156168999999998,0.19716600000000001,2.7903760000000002,0.0087500000000000008,24.684626999999999,35.747276999987662,1245668.1264829999,1245668.126775
296,883,8193,1,1245681.6170000001,1245692.4672350001,1245717.044821,0.373334,0.28466699994169176,0.0002910001203417778,0.009917000075802207,1.8243750000000001,22.200793999999998,0.19833300000000001,2.7638340000000001,0.0037919999999999998,24.625128,35.427820999873802,1245692.7927359999,1245692.793027
297,886,8193,1,1245706.588,1245717.199696,1245741.88374,0.40833399999999997,0.2802919999230653,0.00029099988751113415,0.05512500018812716,1.8112509999999999,22.268167999999999,0.19745799999999999,2.71075,0.0081659999999999996,24.770669000000002,35.295739999972284,1245717.521405,1245717.5216959999
298,889,8193,1,1245731.6170000001,1245741.9831989999,1245769.204743,0.40745900000000002,0.31995800021104515,0.00029199989512562752,2.7340830001048744,1.8080419999999999,22.095210000000002,0.19745799999999999,2.6556250000000001,0.0072919999999999999,27.265878000000001,37.587742999894544,1245742.346324,1245742.3466159999
299,892,8193,1,1245756.618,1245769.3246180001,1245793.6607039999,0.41679100000000002,0.28962499997578561,0.00058400002308189869,0.012541000032797456,1.769833,22.010044000000001,0.19483300000000001,2.7031670000000001,0.0035000000000000001,24.423002,37.042703999904916,1245769.6544929999,1245769.6550769999
300,895,8193,1,1245781.618,1245793.772996,1245818.1919150001,0.42787500000000001,0.33804100006818771,0.00029099988751113415,0.054250000044703484,1.8092090000000001,21.956669000000002,0.19512499999999999,2.8554170000000001,0.0078750000000000001,24.466169000000001,36.573915000073612,1245794.153621,1245794.1539119999
301,898,8193,1,1245806.6270000001,1245818.333081,1245841.680125,0.44770900000000002,0.31908400007523596,0,0.054250000044703484,1.8092090000000001,20.902584999999998,0.19483300000000001,2.7938749999999999,0.0084580000000000002,23.432501999999999,35.053124999860302,1245818.6956229999,1245818.6956229999
302,901,8193,1,1245831.6170000001,1245841.7822090001,1245865.8251700001,0.40775,0.32112500001676381,0.00029200012795627117,0.053374999901279807,1.8200000000000001,21.592960999999999,0.19658300000000001,2.7676249999999998,0.006417,24.088753000000001,34.208169999998063,1245842.144167,1245842.1444590001
303,904,8193,1,1245856.581,1245865.9450449999,1245890.270339,0.41999999999999998,0.29283299995586276,0.00029200012795627117,0.0096249999478459358,1.7946249999999999,21.907377,0.199792,2.7868750000000002,0.014584,24.411335999999999,33.689339000033215,1245866.2790029999,1245866.279295
304,907,8193,1,1245881.6200000001,1245890.3592970001,1245912.8007159999,0.408916,0.3205420000012964,0.00058400002308189869,0.054833000060170889,1.806292,19.941251999999999,0.19425000000000001,2.7892079999999999,0.014583,22.487501999999999,31.180715999798849,1245890.7221299999,1245890.7227139999
305,909,8193,1,1245898.2439999999,1245912.895799,1245937.468718,0.421458,0.32579199993051589,0.00029199989512562752,0.055416000075638294,1.8200000000000001,22.052336,0.19629099999999999,2.7897919999999998,0.015166000000000001,24.625710000000002,39.224718000041321,1245913.264466,1245913.2647579999
306,912,8193,1,1245923.284,1245937.595885,1245961.971346,0.42349999999999999,0.29662499995902181,0.00058300001546740532,0.055708999978378415,1.7963750000000001,21.903585,0.20008300000000001,2.7999999999999998,0.014874999999999999,24.459461000000001,38.687345999991521,1245937.935385,1245937.935968
307,915,8193,1,1245948.273,1245962.0620540001,1245986.230432,0.38062499999999999,0.29224999994039536,0.00029099988751113415,0.053959000157192349,1.8129999999999999,21.688628000000001,0.20008400000000001,2.734667,0.015167,24.215043999999999,37.957431999966502,1245962.396013,1245962.3963039999
308,918,8193,1,1245973.287,1245986.407473,1246011.107268,0.43924999999999997,0.30887500010430813,0.00029200012795627117,0.055416000075638294,1.805709,22.213336000000002,0.19454199999999999,2.715125,0.015167,24.787877999999999,37.820268000010401,1245986.7586399999,1245986.758932
309,921,8193,1,1245998.2749999999,1246011.196518,1246034.788562,0.40629100000000001,0.3199579999782145,0.00029200012795627117,0.055707999970763922,1.7987089999999999,21.105294000000001,0.19687499999999999,2.8603749999999999,0.015459000000000001,23.636669000000001,36.513562000123784,1246011.558184,1246011.5584760001
310,924,8193,1,1246023.2790000001,1246034.914562,1246062.2938979999,0.39783299999999999,0.27387499995529652,0.00029199989512562752,0.01195800001733005,4.5602080000000003,22.263501999999999,0.198042,2.7364169999999999,0.01575,27.462752999999999,39.014897999819368,1246035.2289780001,1246035.22927
311,927,8193,1,1246048.2849999999,1246062.379648,1246089.2818169999,0.41037499999999999,0.32374999998137355,0.00029200012795627117,2.8113749998155981,1.8141670000000001,21.647793,0.19483400000000001,2.7145419999999998,0.0084580000000000002,26.948253000000001,40.996816999977455,1246062.7439389999,1246062.7442310001
312,931,8193,1,1246081.6189999999,1246089.4334839999,1246116.605153,0.43254199999999998,0.27241600002162158,0.00029199989512562752,2.8831250001676381,1.7992919999999999,21.954335,0.199792,2.844042,0.0090419999999999997,27.292128000000002,34.986153000034392,1246089.745567,1246089.7458589999
313,934,8193,1,1246106.618,1246116.651236,1246141.2661560001,0.33658300000000002,0.28875000006519258,0.00029199989512562752,0.049291000002995133,1.7771250000000001,22.220336,0.19775000000000001,2.8962509999999999,0.0093340000000000003,24.620460999999999,34.648156000068411,1246116.9822780001,1246116.98257
314,937,8193,1,1246131.618,1246141.3918639999,1246166.148241,0.40804099999999999,0.27708300016820431,0.00029199989512562752,0.054833000060170889,1.784125,22.361794,0.19687499999999999,2.9694579999999999,0.0093329999999999993,24.846209999999999,34.530241000000387,1246141.710072,1246141.7103639999
315,940,8193,1,1246156.6089999999,1246166.239241,1246190.8713690001,0.43575000000000003,0.33658399991691113,0.00058399979025125504,0.055416000075638294,1.7952090000000001,22.126711,0.198625,2.996292,0.014291999999999999,24.688127999999999,34.262369000120088,1246166.6189910001,1246166.6195749999
316,943,8193,1,1246181.6200000001,1246191.0008690001,1246215.052288,0.44770799999999999,0.31820799992419779,0.00058300001546740532,0.05512500018812716,1.777417,21.633502,0.19395899999999999,2.8918750000000002,0.01925,24.139502,33.43228799989447,1246191.3604939999,1246191.3610769999
317,946,8193,1,1246206.6189999999,1246215.1972459999,1246238.6586239999,0.38179099999999999,0.29108400014229119,0.00029200012795627117,0.054832999827340245,1.7992919999999999,21.035294,0.20066700000000001,3.0563750000000001,0.01575,23.510669,32.039623999968171,1246215.529746,1246215.5300380001
318,948,8193,1,1246223.2860000001,1246238.748165,1246266.3022100001,0.40045799999999998,0.30770900007337332,0.00058300001546740532,0.013416999951004982,4.7185839999999999,22.196711000000001,0.197459,2.8705829999999999,0.0093340000000000003,27.604210999999999,43.016210000030696,1246239.098457,1246239.09904
319,952,8193,1,1246256.6189999999,1246266.457377,1246294.2015879999,0.49466700000000002,0.33104100008495152,0.00029200012795627117,2.9440830000676215,1.8025,22.353335999999999,0.19395799999999999,2.8026249999999999,0.0096249999999999999,27.865545000000001,37.58258799999021,1246266.8307099999,1246266.831002
320,955,8193,1,1246281.6100000001,1246294.2403790001,1246318.9804229999,0.33250000000000002,0.28116699983365834,0.00029099988751113415,0.054250000044703484,1.7572920000000001,22.335252000000001,0.19629199999999999,3.1170420000000001,0.013416000000000001,24.74821,37.37042299984023,1246294.5647130001,1246294.565004
321,958,8193,1,1246306.628,1246319.1046730001,1246344.2192180001,0.39841599999999999,0.27124999999068677,0.00029199989512562752,0.4853330000769347,1.759625,22.276918999999999,0.19541600000000001,4.7209180000000002,0.014874999999999999,25.201460999999998,37.591218000045046,1246319.416465,1246319.4167569999
322,961,8193,1,1246331.6189999999,1246344.311093,1246369.0073869999,0.43166700000000002,0.34066600003279746,0.00058300001546740532,0.052499999990686774,1.793167,22.196127000000001,0.19658300000000001,2.8737919999999999,0.014583,24.745294000000001,37.388386999955401,1246344.693468,1246344.6940510001
323,964,8193,1,1246356.6200000001,1246369.1400949999,1246392.7090980001,0.44187599999999999,0.31062500015832484,0.00029099988751113415,0.013999999966472387,1.794333,21.134751999999999,0.19600000000000001,2.8017509999999999,0.014874999999999999,23.658545,36.089097999967635,1246369.4924290001,1246369.49272
324,967,8193,1,1246381.6189999999,1246392.8082640001,1246417.230975,0.40629100000000001,0.31354199978522956,0,0.010207999963313341,1.7852920000000001,21.998086000000001,0.19629199999999999,3.0753339999999998,0.014874999999999999,24.473752000000001,35.611975000007078,1246393.163806,1246393.163806
325,970,8193,1,1246406.6189999999,1246417.3590170001,1246440.4400609999,0.41475000000000001,0.2878749999217689,0.00029099988751113415,0.054834000067785382,1.7841260000000001,20.638918,0.19541700000000001,2.9402919999999999,0.018083999999999999,23.165044000000002,33.821060999995098,1246417.689767,1246417.6900579999
326,973,8193,1,1246431.6340000001,1246440.533977,1246467.582563,0.36575000000000002,0.27416699985042214,0,2.392833000048995,1.7855840000000001,22.273126999999999,0.19687499999999999,4.7217919999999998,0.017208000000000001,27.099043999999999,35.948562999954447,1246440.849561,1246440.849561
327,976,8193,1,1246456.622,1246467.7170220001,1246492.363441,0.43954199999999999,0.30595799977891147,0.0002910001203417778,0.052499999990686774,1.801334,22.169585000000001,0.19745799999999999,2.9671249999999998,0.015458,24.737418999999999,35.741441000020131,1246468.0652719999,1246468.065563
328,979,8193,1,1246481.6189999999,1246492.4637740001,1246516.958818,0.40629199999999999,0.31120899994857609,0.00029199989512562752,0.010208000196143985,1.801917,22.085294000000001,0.19950000000000001,3.061334,0.015459000000000001,24.548418999999999,35.339818000094965,1246492.816691,1246492.8169829999
329,982,8193,1,1246506.6029999999,1246517.0856929999,1246541.764488,0.408333,0.28233400010503829,0,0.055707999970763922,1.779458,22.243086000000002,0.19658400000000001,3.0248759999999999,0.014584,24.763960999999998,35.161488000070676,1246517.409152,1246517.409152
330,985,8193,1,1246531.622,1246541.852863,1246565.5023650001,0.41299999999999998,0.32433299999684095,0.00029199989512562752,0.054250000044703484,1.805709,21.186668999999998,0.19541700000000001,2.9939580000000001,0.024208,23.695294000000001,33.880365000106394,1246542.220071,1246542.2203629999
331,988,8193,1,1246556.5789999999,1246565.6306980001,1246593.149159,0.42320799999999997,0.29399999999441206,0.0002910001203417778,2.9090839999262244,1.816791,22.184753000000001,0.19600000000000001,2.8090419999999998,0.0087500000000000008,27.607126999999998,36.570159000111744,1246565.9655319999,1246565.9658230001
332,991,8193,1,1246581.6200000001,1246593.2349090001,1246617.6932029999,0.36429099999999998,0.27124999999068677,0.00029200012795627117,0.054832999827340245,1.77275,22.039794000000001,0.19716600000000001,2.8166259999999999,0.014291,24.511085000000001,36.073202999774367,1246593.5464089999,1246593.5467010001
333,994,8193,1,1246606.6200000001,1246617.8253279999,1246641.9152480001,0.441,0.30800100020132959,0.00029199989512562752,0.054250000044703484,1.7946249999999999,21.625043999999999,0.19104199999999999,3.0479159999999998,0.01575,24.181211000000001,35.295247999951243,1246618.1750370001,1246618.175329
334,997,8193,1,1246631.6200000001,1246642.010914,1246666.636625,0.36575000000000002,0.27883399999700487,0.00029200012795627117,0.012249999912455678,1.7777080000000001,22.224419000000001,0.206208,2.852792,0.015167,24.670919000000001,35.016624999931082,1246642.331456,1246642.3317480001
335,1000,8193,1,1246656.6200000001,1246666.823875,1246691.3930029999,0.43575000000000003,0.30420799995772541,0.00029099988751113415,0.051042000064626336,1.792,22.101918999999999,0.19658300000000001,2.8122500000000001,0.015459000000000001,24.659835999999999,34.773002999834716,1246667.1689170001,1246667.1692079999
336,1003,8193,1,1246681.622,1246691.4831280001,1246716.2056720001,0.40891699999999997,0.32024999987334013,0.00029200012795627117,0.054250000044703484,1.806,22.222085,0.19629199999999999,2.7851249999999999,0.015459000000000001,24.769503,34.583672000095248,1246691.8450859999,1246691.8453780001
337,1006,8193,1,1246706.6200000001,1246716.3357549999,1246740.671257,0.46229199999999998,0.32987500005401671,0.00029200012795627117,0.055707999970763922,1.7815000000000001,21.848752000000001,0.19804099999999999,2.977042,0.014584,24.425044,34.051256999839097,1246716.708505,1246716.7087970001
338,1009,8193,1,1246731.622,1246740.7572989999,1246763.9083430001,0.38091700000000001,0.29399999999441206,0.00029200012795627117,0.055124999955296516,1.7855829999999999,20.698419000000001,0.19775000000000001,2.8603749999999999,0.014874999999999999,23.195668999999999,32.286343000130728,1246741.093591,1246741.0938830001
339,1012,8193,1,1246756.6200000001,1246764.037552,1246786.9990119999,0.44245899999999999,0.31791600002907217,0.00029099988751113415,0.053667000029236078,1.782375,20.493960000000001,0.19541700000000001,2.8667910000000001,0.015167,23.046043999999998,30.379011999815702,1246764.395427,1246764.3957179999
340,1013,8193,1,1246764.9140000001,1246787.046845,1246811.720098,0.35699999999999998,0.31004199991002679,0.00029200012795627117,0.054832999827340245,1.7955000000000001,22.227043999999999,0.198042,2.6923750000000002,0.016333,24.677336,46.806097999913618,1246787.399762,1246787.4000540001
341,1017,8193,1,1246798.2649999999,1246811.8571810001,1246835.9354340001,0.42204199999999997,0.28700000001117587,0.00029199989512562752,0.055416000075638294,1.796084,21.628252,0.19483300000000001,2.9131670000000001,0.014874999999999999,24.172753,37.670434000203386,1246812.184723,1246812.1850149999
342,1020,8193,1,1246823.2560000001,1246836.029934,1246859.922394,0.39550000000000002,0.30099999997764826,0.00029200012795627117,0.012832999927923083,1.796376,21.460252000000001,0.19775000000000001,2.7784170000000001,0.014583,23.945252,36.666393999941647,1246836.372642,1246836.3729340001
343,1023,8193,1,1246848.2879999999,1246860.0548109999,1246884.192272,0.41387499999999999,0.2835000001359731,0.00029200012795627117,0.054833000060170889,1.8194159999999999,21.664418999999999,0.19279199999999999,2.7559589999999998,0.014874999999999999,24.226419,35.904272000072524,1246860.3797279999,1246860.38002
344,1026,8193,1,1246873.2890000001,1246884.2893970001,1246909.0588990001,0.40629199999999999,0.30741699994541705,0.00029200012795627117,0.05424999981187284,1.81125,22.282169,0.19658400000000001,2.6842090000000001,0.014874999999999999,24.825793999999998,35.769898999948055,1246884.639397,1246884.6396890001
345,1029,8193,1,1246898.2879999999,1246909.1895659999,1246936.507944,0.39870899999999998,0.26950000016950071,0.00029099988751113415,2.7060840001795441,1.79725,22.224419000000001,0.19483300000000001,2.672542,0.015459000000000001,27.407045,38.21994400001131,1246909.499608,1246909.4998989999
346,1032,8193,1,1246923.2879999999,1246936.6056520001,1246960.820113,0.38908399999999999,0.29954200005158782,0.0002910001203417778,0.050459000049158931,1.768958,21.776126999999999,0.19483300000000001,2.9630420000000002,0.015166000000000001,24.261710999999998,37.53211300005205,1246936.9474859999,1246936.947777
347,1035,8193,1,1246948.29,1246960.953405,1246985.0258239999,0.48649999999999999,0.35029099998064339,0.00058300001546740532,0.055999999865889549,1.8141670000000001,21.534627,0.19629199999999999,2.8195420000000002,0.014874999999999999,24.165168999999999,36.73582399985753,1246961.3471550001,1246961.3477380001
348,1038,8193,1,1246973.2890000001,1246985.115949,1247009.6054509999,0.395208,0.30624999990686774,0,0.054541999939829111,1.820292,21.991085999999999,0.19716700000000001,2.814292,0.015166000000000001,24.535876999999999,36.31645099981688,1246985.4647820001,1246985.4647820001
349,1041,8193,1,1246998.2879999999,1247009.7314510001,1247033.8817449999,0.43254199999999998,0.30595900001935661,0.00029099988751113415,0.055417000083252788,1.79375,21.681336000000002,0.19337499999999999,2.799417,0.015166000000000001,24.234877000000001,35.593744999961928,1247010.07941,1247010.0797009999
350,1044,8193,1,1247023.2879999999,1247033.9698290001,1247057.282164,0.37654199999999999,0.28962499997578561,0,0.054542000172659755,1.8074589999999999,20.883918999999999,0.19833300000000001,2.7142499999999998,0.023625,23.357835999999999,33.99416400003247,1247034.3008699999,1247034.3008699999
351,1047,8193,1,1247048.2879999999,1247057.462998,1247080.931083,0.41970800000000003,0.29108300013467669,0.00029199989512562752,0.058916999958455563,1.782375,21.05396,0.19745799999999999,2.8729170000000002,0.019834000000000001,23.555002000000002,32.643083000089973,1247057.7957890001,1247057.796081
352,1050,8193,1,1247073.298,1247081.0226670001,1247108.4145440001,0.40600000000000003,0.31354100001044571,0.00029199989512562752,2.8495829999446869,1.792292,22.120585999999999,0.19658400000000001,2.7679170000000002,0.0093329999999999993,27.442043999999999,35.116544000105932,1247081.3785000001,1247081.378792
353,1053,8193,1,1247098.2890000001,1247108.532378,1247133.0985890001,0.40775,0.2829160001128912,0.00029199989512562752,0.051042000064626336,1.824667,22.089669000000001,0.19570799999999999,2.7463329999999999,0.014584,24.649920000000002,34.809588999953121,1247108.8564190001,1247108.856711
354,1056,8193,1,1247123.2890000001,1247133.1875469999,1247157.2109660001,0.42670799999999998,0.33775000018067658,0,0.052499999990686774,1.8124169999999999,21.497294,0.198042,2.695875,0.014291,24.069210000000002,33.921965999994427,1247133.568464,1247133.568464
355,1059,8193,1,1247148.2549999999,1247157.3425080001,1247181.964718,0.448291,0.31558299995958805,0.00029199989512562752,0.052208000095561147,1.7905420000000001,22.147711000000001,0.19658400000000001,2.8918759999999999,0.014874999999999999,24.71321,33.709718000143766,1247157.6997990001,1247157.7000909999
356,1062,8193,1,1247173.2779999999,1247182.054552,1247206.2958460001,0.38179200000000002,0.29283299995586276,0.0002910001203417778,0.059791999869048595,1.8004579999999999,21.768543999999999,0.19570799999999999,2.7889170000000001,0.014874999999999999,24.287669000000001,33.017846000147983,1247182.3899689999,1247182.39026
357,1065,8193,1,1247198.2579999999,1247206.4626790001,1247231.067973,0.48708299999999999,0.35291699995286763,0.00029199989512562752,0.055416000075638294,1.7899590000000001,22.089960000000001,0.19629199999999999,2.8043749999999998,0.014583,24.696584999999999,32.809973000083119,1247206.8584710001,1247206.858763
358,1068,8193,1,1247223.298,1247231.155765,1247254.7559760001,0.39083299999999999,0.30333300004713237,0.00029200012795627117,0.055124999955296516,1.7885,21.181127,0.19950000000000001,2.765584,0.017208999999999999,23.646294000000001,31.457976000150666,1247231.500515,1247231.5008070001
359,1070,8193,1,1247239.9609999999,1247254.851059,1247279.4537279999,0.408333,0.32199999992735684,0.00029199989512562752,0.0090420001652091742,1.8147500000000001,22.145959999999999,0.19658300000000001,2.8457910000000002,0.014874999999999999,24.648752000000002,39.492728000041097,1247255.213309,1247255.2136009999
360,1073,8193,1,1247264.969,1247279.590228,1247307.0063140001,0.50195800000000002,0.36400000005960464,0.00029200012795627117,2.8711669999174774,1.8042499999999999,22.089376999999999,0.19716700000000001,2.7897919999999998,0.01575,27.510293999999998,42.03731400007382,1247279.997978,1247279.9982700001
361,1077,8193,1,1247298.2919999999,1247307.1401889999,1247331.7661919999,0.40891699999999997,0.2770840001758188,0.00029099988751113415,0.053084000013768673,1.7952090000000001,22.174251999999999,0.20183300000000001,2.781917,0.015166000000000001,24.716711,33.474191999994218,1247307.4583980001,1247307.458689
362,1080,8193,1,1247323.2890000001,1247331.8615669999,1247356.5109029999,0.40658300000000003,0.31062500015832484,0,0.054250000044703484,1.8305,22.138669,0.19687499999999999,2.7932920000000001,0.014874999999999999,24.704169,33.221902999794111,1247332.213609,1247332.213609
363,1083,8193,1,1247348.2890000001,1247356.6891109999,1247381.307822,0.421458,0.29429200012236834,0.00029199989512562752,0.054541000165045261,1.781792,22.171918999999999,0.19395899999999999,2.8358750000000001,0.014874999999999999,24.704169,33.018821999896318,1247357.0251110001,1247357.0254029999
364,1086,8193,1,1247373.2960000001,1247381.398239,1247403.500157,0.39987499999999998,0.3123749999795109,0,0.053666999796405435,1.7989999999999999,19.670584999999999,0.19629199999999999,2.8446250000000002,0.016042000000000001,22.148002000000002,30.204156999941915,1247381.7520300001,1247381.7520300001
365,1088,8193,1,1247389.9580000001,1247403.593782,1247427.5816180001,0.39141599999999999,0.30508399987593293,0.00058400002308189869,0.0093329998198896646,1.781209,21.570793999999999,0.197459,2.7297090000000002,0.015166000000000001,24.033626999999999,37.623617999954149,1247403.9394070001,1247403.9399910001
366,1091,8193,1,1247414.923,1247427.71841,1247451.7097459999,0.45966699999999999,0.32433299999684095,0.00029199989512562752,0.054250000044703484,1.806583,21.488835999999999,0.19425000000000001,2.909376,0.015459000000000001,24.084961,36.78674599993974,1247428.0847430001,1247428.085035
367,1094,8193,1,1247439.9569999999,1247451.799871,1247475.7696229999,0.41358400000000001,0.32462499989196658,0.00029099988751113415,0.051334000192582607,1.826125,21.449753000000001,0.198042,2.781625,0.015166000000000001,24.016711000000001,35.81262300000526,1247452.166496,1247452.1667869999
368,1097,8193,1,1247464.9569999999,1247475.911665,1247500.8007509999,0.43866699999999997,0.30945799988694489,0,0.010499999858438969,1.787917,22.464752000000001,0.19629199999999999,2.7830840000000001,0.014583,24.977753,35.843751000007614,1247476.2616650001,1247476.2616650001
369,1100,8193,1,1247489.956,1247500.893501,1247525.740003,0.44304199999999999,0.35029099998064339,0.00029199989512562752,0.055124999955296516,1.7922910000000001,22.334669000000002,0.19833300000000001,2.9458340000000001,0.015458,24.897836000000002,35.784003000007942,1247501.2852090001,1247501.285501
370,1103,8193,1,1247514.9569999999,1247525.8654199999,1247553.044672,0.40045900000000001,0.27620800002478063,0.00029099988751113415,2.7521669999696314,1.7905420000000001,22.071584999999999,0.20125000000000001,2.7107510000000001,0.014583,27.262086,38.087672000052407,1247526.1830450001,1247526.183336
371,1106,8193,1,1247539.959,1247553.1455890001,1247577.7724669999,0.37741599999999997,0.27649999991990626,0.00029200012795627117,0.052791999885812402,1.7794589999999999,22.194960999999999,0.19775000000000001,2.7889170000000001,0.014874999999999999,24.685210999999999,37.813466999912634,1247553.4646719999,1247553.464964
372,1109,8193,1,1247564.9620000001,1247577.9028419999,1247602.5737610001,0.43079200000000001,0.30070800008252263,0.00029099988751113415,0.053375000134110451,1.8272919999999999,22.178626999999999,0.19483400000000001,2.765876,0.015167,24.759294000000001,37.611761000007391,1247578.2449670001,1247578.245258
373,1112,8193,1,1247589.9180000001,1247602.6615520001,1247627.674013,0.36662499999999998,0.279124999884516,0.00029199989512562752,0.012542000040411949,1.777417,22.618169000000002,0.200375,2.7897919999999998,0.014874999999999999,25.057960999999999,37.756012999918312,1247602.9826770001,1247602.982969
374,1115,8193,1,1247614.9580000001,1247627.8038049999,1247652.352224,0.47833300000000001,0.35000000009313226,0.00029200012795627117,0.054250000044703484,1.840125,22.027543999999999,0.19891600000000001,2.7705419999999998,0.017208000000000001,24.634169,37.394223999930546,1247628.1963879999,1247628.1966800001
375,1118,8193,1,1247639.9569999999,1247652.4347659999,1247679.5833930001,0.378583,0.29399999999441206,0,2.8495830001775175,1.797542,21.925751999999999,0.19775000000000001,2.824792,0.011375,27.192377,39.62639300012961,1247652.7698909999,1247652.7698909999
376,1121,8193,1,1247664.9569999999,1247679.7102689999,1247704.3806040001,0.423792,0.28816600004211068,0.00029099988751113415,0.05512500018812716,1.776834,22.234628000000001,0.19687499999999999,2.9729589999999999,0.0093329999999999993,24.762502000000001,39.423604000126943,1247680.041894,1247680.0421849999
377,1124,8193,1,1247689.959,1247704.465479,1247728.986482,0.44624999999999998,0.35145900002680719,0.00058400002308189869,0.053374999901279807,1.7957920000000001,22.056711,0.19950000000000001,2.8207089999999999,0.0090419999999999997,24.573502999999999,39.027481999946758,1247704.8592290001,1247704.8598130001
378,1127,8193,1,1247714.9669999999,1247729.1098569999,1247753.679859,0.43633300000000003,0.3117919999640435,0.00029199989512562752,0.0096249999478459358,1.7902499999999999,22.146252,0.19687499999999999,2.7947500000000001,0.0099159999999999995,24.654001999999998,38.712859000079334,1247729.4621900001,1247729.462482
379,1130,8193,1,1247739.9210000001,1247753.766484,1247778.1751949999,0.44537500000000002,0.34795899991877377,0.00029199989512562752,0.055124999955296516,1.798708,21.891627,0.19570899999999999,2.796208,0.014583,24.463543999999999,38.254194999812171,1247754.1570260001,1247754.157318
380,1133,8193,1,1247764.946,1247778.3055700001,1247802.9508229999,0.42116599999999998,0.29224999994039536,0.00029199989512562752,0.053375000134110451,1.7934589999999999,22.190294000000002,0.19658300000000001,2.867667,0.014583,24.732168999999999,38.00482299993746,1247778.639528,1247778.6398199999
381,1136,8193,1,1247789.959,1247803.040364,1247827.5254919999,0.40308300000000002,0.31383399991318583,0.00029199989512562752,0.056000000098720193,1.785291,22.015585999999999,0.19454199999999999,2.7839589999999999,0.014874999999999999,24.531794000000001,37.566491999896243,1247803.3967810001,1247803.397073
382,1139,8193,1,1247814.959,1247827.6506169999,1247852.1736610001,0.41883300000000001,0.29575000004842877,0,0.056000000098720193,1.7806249999999999,22.078002000000001,0.193083,2.8793329999999999,0.014874999999999999,24.605294000000001,37.214661000063643,1247827.987492,1247827.987492
383,1142,8193,1,1247839.9669999999,1247852.2608690001,1247878.7593719999,0.37974999999999998,0.29429199988953769,0.00058300001546740532,2.7276669999118894,1.815334,21.340084999999998,0.19658300000000001,2.629667,0.014874999999999999,26.543710999999998,38.792371999938041,1247852.5954110001,1247852.5959940001
384,1145,8193,1,1247864.926,1247878.891205,1247903.136583,0.39958399999999999,0.26891699992120266,0.00029099988751113415,0.054542000172659755,1.779458,21.822502,0.19600000000000001,2.8414169999999999,0.014584,24.334627999999999,38.210582999978215,1247879.201539,1247879.2018299999
385,1148,8193,1,1247889.9240000001,1247903.230791,1247927.7797930001,0.41445799999999999,0.3205420000012964,0.00029199989512562752,0.054833000060170889,1.806292,22.048835,0.19570799999999999,2.7661669999999998,0.014874999999999999,24.600335000000001,37.85579299996607,1247903.5939160001,1247903.594208
386,1151,8193,1,1247914.9399999999,1247927.9174599999,1247952.4265040001,0.45150000000000001,0.31645800010301173,0,0.055124999955296516,1.8147500000000001,22.042418999999999,0.19629099999999999,2.8049590000000002,0.015459000000000001,24.601794999999999,37.486504000145942,1247928.27621,1247928.27621
387,1154,8193,1,1247939.9199999999,1247952.511379,1247979.5760069999,0.35933399999999999,0.27504199999384582,0.0002910001203417778,2.6707919999025762,1.817375,22.029585000000001,0.19716700000000001,2.6264590000000001,0.018957999999999999,27.107211,39.656007000012323,1247952.8278379999,1247952.828129
388,1157,8193,1,1247964.9680000001,1247979.717465,1248003.6393840001,0.42349999999999999,0.29108399990946054,0.00029200012795627117,0.050458000041544437,1.782084,21.477460000000001,0.19775000000000001,2.8344170000000002,0.014583,24.012626999999998,38.671383999986574,1247980.0502569999,1247980.050549
389,1160,8193,1,1247989.9680000001,1248003.727468,1248028.4164700001,0.36545800000000001,0.2785409998614341,0.00029199989512562752,0.05512500018812716,1.777417,22.258835000000001,0.19366700000000001,2.8253750000000002,0.014583,24.734501999999999,38.448469999944791,1248004.047426,1248004.0477179999
390,1163,8193,1,1248014.926,1248028.5964289999,1248052.978598,0.43691600000000003,0.30099999997764826,0.00029200012795627117,0.053957999916747212,1.834292,21.921961,0.19804099999999999,2.6929590000000001,0.01575,24.475794,38.052598000038415,1248028.9397199999,1248028.940012
391,1166,8193,1,1248039.96,1248053.0713480001,1248076.1879749999,0.420875,0.33366599981673062,0.00029199989512562752,0.050458000041544437,1.7963750000000001,20.665168999999999,0.19600000000000001,2.8218760000000001,0.01925,23.162419,36.227974999928847,1248053.446431,1248053.4467229999
392,1169,8193,1,1248064.959,1248076.318642,1248101.024853,0.45266699999999999,0.3269579999614507,0.0002910001203417778,0.050459000049158931,1.8272919999999999,22.189126999999999,0.19541700000000001,2.7384580000000001,0.0090419999999999997,24.791378000000002,36.065852999920025,1248076.6861419999,1248076.686433
393,1172,8193,1,1248089.959,1248101.1033109999,1248125.706855,0.37624999999999997,0.28904199996031821,0.00029199989512562752,0.051042000064626336,1.8214589999999999,22.125544000000001,0.19658300000000001,2.7886250000000001,0.015166000000000001,24.649336000000002,35.747854999965057,1248101.433769,1248101.4340609999
394,1175,8193,1,1248114.959,1248125.8392719999,1248150.352399,0.43720799999999999,0.30654100002720952,0.00029200012795627117,0.011082999873906374,1.7963750000000001,22.07771,0.198042,2.8239169999999998,0.015166000000000001,24.602668999999999,35.393398999935016,1248126.1869379999,1248126.18723
395,1178,8193,1,1248139.9680000001,1248150.447774,1248175.0519020001,0.45995799999999998,0.36283400002866983,0.00029200012795627117,0.055707999970763922,1.821167,22.083252000000002,0.19833400000000001,2.71075,0.022166999999999999,24.658086000000001,35.083901999983937,1248150.853774,1248150.8540660001
396,1181,8193,1,1248164.959,1248175.1790680001,1248199.6997789999,0.438083,0.30916699999943376,0.00029199989512562752,0.050458000041544437,1.829334,22.072752000000001,0.19716600000000001,2.714251,0.0043750000000000004,24.606169000000001,34.74077899986878,1248175.5316930001,1248175.531985
397,1184,8193,1,1248189.9609999999,1248199.810904,1248224.29749,0.40162500000000001,0.30887500010430813,0.00029200012795627117,0.055999999865889549,1.8319589999999999,22.014710000000001,0.19600000000000001,2.7308750000000002,0.020417000000000001,24.536753000000001,34.336490000132471,1248200.162362,1248200.1626540001
398,1187,8193,1,1248214.9709999999,1248224.4229069999,1248249.0754509999,0.41387499999999999,0.29020799999125302,0.00029200012795627117,0.053374999901279807,1.8418749999999999,22.209835999999999,0.19600000000000001,2.7174589999999998,0.0046670000000000001,24.734503,34.104450999991968,1248224.7548229999,1248224.7551150001
399,1190,8193,1,1248239.9609999999,1248249.1469089999,1248272.2276610001,0.38237500000000002,0.29429200012236834,0.00029199989512562752,0.012249999912455678,1.829334,20.636586000000001,0.19600000000000001,2.7218330000000002,0.014874999999999999,23.128001999999999,32.266661000205204,1248249.4820340001,1248249.482326
400,1192,8193,1,1248256.595,1248272.3174950001,1248299.5095810001,0.347667,0.25899999984540045,0.0002910001203417778,0.011083999881520867,4.4336260000000003,22.169001999999999,0.19483300000000001,2.595542,0.015167,27.239628,42.914581000106409,1248272.6176199999,1248272.617911
401,1196,8193,1,1248289.959,1248299.6472469999,1248326.995959,0.44391700000000001,0.30945900012739003,0,2.6862510000355542,1.8138749999999999,22.265836,0.19658400000000001,2.6028340000000001,0.019542,27.440003000000001,37.036958999931812,1248299.999872,1248299.999872
402,1199,8193,1,1248314.959,1248327.090167,1248351.6832109999,0.36954199999999998,0.28437500004656613,0.00029199989512562752,0.05016600014641881,1.8214589999999999,22.118835000000001,0.19775000000000001,2.7311670000000001,0.014583,24.637086,36.724210999906063,1248327.415667,1248327.4159589999
403,1202,8193,1,1248339.9639999999,1248351.8115439999,1248376.3567550001,0.394625,0.26920900004915893,0.00029200012795627117,0.053666000021621585,1.82525,22.078294,0.19541700000000001,2.6897509999999998,0.014583,24.630669000000001,36.392755000153556,1248352.1207109999,1248352.1210030001
404,1205,8193,1,1248364.9620000001,1248376.4532969999,1248400.8404240001,0.408916,0.31266700010746717,0.00029200012795627117,0.055999999865889549,1.821458,21.880835999999999,0.19629099999999999,2.7664580000000001,0.015166000000000001,24.441960000000002,35.878423999994993,1248376.8073799999,1248376.807672
405,1208,8193,1,1248389.96,1248400.9705080001,1248425.6513429999,0.42116700000000001,0.29633299983106554,0.00029199989512562752,0.061250000027939677,1.8176669999999999,22.192043999999999,0.19600000000000001,2.7539169999999999,0.014874999999999999,24.763669,35.691342999925837,1248401.3088410001,1248401.309133
406,1211,8193,1,1248414.96,1248425.744677,1248451.4696790001,0.36779200000000001,0.275916000129655,0.00029199989512562752,2.5570420001167804,1.81125,20.757626999999999,0.198042,2.5229170000000001,0.015166000000000001,25.775461,36.509679000126198,1248426.06201,1248426.0623019999
407,1214,8193,1,1248439.9609999999,1248451.6067629999,1248475.2766819999,0.42145899999999997,0.29195800004526973,0.0002910001203417778,0.053958999924361706,1.8086249999999999,21.205335000000002,0.19454199999999999,2.7717079999999998,0.014583,23.758877999999999,35.315682000014931,1248451.9392629999,1248451.939554
408,1217,8193,1,1248464.926,1248475.3697230001,1248502.545768,0.39754200000000001,0.30566699989140034,0,0.013415999943390489,4.4237089999999997,22.162877000000002,0.19629199999999999,2.570459,0.016625000000000001,27.226503000000001,37.619767999975011,1248475.7168070001,1248475.7168070001
409,1220,8193,1,1248489.926,1248502.666518,1248529.8542289999,0.42699999999999999,0.30450000008568168,0.00029200012795627117,2.6051660000812262,1.808333,22.191461,0.19775000000000001,2.5794999999999999,0.0090419999999999997,27.269960999999999,39.928228999953717,1248503.0112679999,1248503.01156
410,1223,8193,1,1248514.96,1248529.950187,1248553.8303980001,0.361958,0.27329199993982911,0.00029199989512562752,0.054250000044703484,1.8144579999999999,21.471336000000001,0.19775000000000001,2.7116250000000002,0.014,23.927752000000002,38.870398000115529,1248530.264312,1248530.2646039999
411,1226,8193,1,1248539.9339999999,1248553.9648559999,1248578.496942,0.42875000000000002,0.30391700007021427,0.00029200012795627117,0.05424999981187284,1.802792,22.099294,0.19804099999999999,2.7792919999999999,0.016333,24.615501999999999,38.562942000105977,1248554.309898,1248554.3101900001
412,1229,8193,1,1248564.9240000001,1248578.5914419999,1248603.1054450001,0.40016699999999999,0.3129590000025928,0,0.053374999901279807,1.817666,22.058461000000001,0.198625,2.7743340000000001,0.017208000000000001,24.560378,38.18144499999471,1248578.9455260001,1248578.9455260001
413,1232,8193,1,1248589.9350000001,1248603.230278,1248627.815739,0.43545800000000001,0.30566699989140034,0.00029200012795627117,0.05133299995213747,1.8007500000000001,22.110961,0.199792,2.7912499999999998,0.0093340000000000003,24.673544,37.880738999927416,1248603.5776529999,1248603.577945
414,1235,8193,1,1248614.9310000001,1248627.8962389999,1248652.5916579999,0.361958,0.27358300006017089,0,0.05424999981187284,1.8229169999999999,22.224419000000001,0.19600000000000001,2.73,0.014583,24.741793999999999,37.660657999804243,1248628.2118220001,1248628.2118220001
415,1238,8193,1,1248639.969,1248652.7226160001,1248676.7413689999,0.43837500000000001,0.30683399992994964,0.00058300001546740532,0.017500000074505806,1.8194170000000001,21.552126999999999,0.20591699999999999,2.6433749999999998,0.014874999999999999,24.107710999999998,36.772368999896571,1248653.0720329999,1248653.072616
416,1241,8193,1,1248664.9609999999,1248676.8332440001,1248700.8899129999,0.36925000000000002,0.27708299993537366,0.00029199989512562752,0.021582999965175986,1.815625,21.622710000000001,0.19833300000000001,2.6658330000000001,0.014874999999999999,24.107127999999999,35.928913000039756,1248677.152035,1248677.1523269999
417,1244,8193,1,1248689.9620000001,1248701.017371,1248725.6897489999,0.43837500000000001,0.3112079999409616,0.00029200012795627117,0.056582999881356955,1.833709,22.151502000000001,0.200958,2.7845420000000001,0.015167,24.756378000000002,35.727748999837786,1248701.3717459999,1248701.372038
418,1247,8193,1,1248714.9609999999,1248725.8364570001,1248752.9614599999,0.36983300000000002,0.27649999991990626,0.00029199989512562752,2.5509170000441372,1.8118339999999999,22.163169,0.19600000000000001,2.5170840000000001,0.014583,27.177211,38.000460000010207,1248726.154082,1248726.1543739999
419,1250,8193,1,1248739.963,1248753.093293,1248777.683129,0.42933300000000002,0.29924999992363155,0.00058300001546740532,0.054833999834954739,1.808333,22.109210999999998,0.19512499999999999,2.7250420000000002,0.015167,24.677918999999999,37.720129000023007,1248753.4345430001,1248753.4351260001
420,1253,8193,1,1248764.923,1248777.7802540001,1248801.90809,0.41329100000000002,0.32024999987334013,0.00029199989512562752,0.053667000029236078,1.8071660000000001,21.629418999999999,0.19833400000000001,2.5905840000000002,0.015167,24.180043999999999,36.985090000089258,1248778.1413370001,1248778.141629
421,1256,8193,1,1248789.9609999999,1248802.034673,1248826.5842589999,0.41358299999999998,0.28758300002664328,0.00029200012795627117,0.054250000044703484,1.8001670000000001,22.124085000000001,0.19483400000000001,2.5611250000000001,0.021874999999999999,24.633293999999999,36.623259000014514,1248802.3642559999,1248802.364548
422,1259,8193,1,1248814.963,1248826.6752589999,1248851.3143859999,0.36283300000000002,0.27241600002162158,0.00029199989512562752,0.055707999970763922,1.8179590000000001,22.177168999999999,0.19950000000000001,2.6815829999999998,0.0090410000000000004,24.688127000000001,36.35138599993661,1248826.9890920001,1248826.989384
423,1262,8193,1,1248839.9609999999,1248851.4351359999,1248875.51893,0.48708299999999999,0.35525000002235174,0.00058300001546740532,0.054541999939829111,1.8392500000000001,21.561751999999998,0.198042,2.7145419999999998,0.014583,24.173335000000002,35.557930000126362,1248851.832678,1248851.833261
424,1265,8193,1,1248864.9609999999,1248875.5997220001,1248900.2823079999,0.37129200000000001,0.2867079998832196,0.00029200012795627117,0.01195800001733005,1.793167,22.272252000000002,0.19716700000000001,2.6696249999999999,0.0093340000000000003,24.726628000000002,35.321308000013232,1248875.9269719999,1248875.9272640001
425,1268,8193,1,1248889.9620000001,1248900.4039330001,1248925.1022689999,0.42904199999999998,0.29983299993909895,0.00029099988751113415,0.055417000083252788,1.82175,22.204001999999999,0.19512499999999999,2.7291249999999998,0.014584,24.786711,35.140268999850377,1248900.7446000001,1248900.744891
426,1271,8193,1,1248914.929,1248925.1915190001,1248948.9921039999,0.41445799999999999,0.32608299981802702,0.00029199989512562752,0.053958000149577856,1.8325419999999999,21.273294,0.19512499999999999,2.6672920000000002,0.015458,23.846959999999999,34.063103999942541,1248925.5596020001,1248925.5598939999
427,1274,8193,1,1248939.97,1248949.1245210001,1248973.7204819999,0.43458400000000003,0.30449999985285103,0.00029099988751113415,0.01079199998639524,1.820001,22.138960999999998,0.198042,2.6705009999999998,0.015167,24.684628,33.750481999944896,1248949.470438,1248949.4707289999
428,1277,8193,1,1248964.9650000001,1248973.813815,1248998.478318,0.44479099999999999,0.35116699989885092,0.00029200012795627117,0.054833000060170889,1.801042,22.140419000000001,0.19775000000000001,2.6019589999999999,0.014874999999999999,24.716418999999998,33.513317999895662,1248974.2066899999,1248974.206982
429,1280,8193,1,1248989.9709999999,1248998.6051930001,1249023.182487,0.44450000000000001,0.3187909999396652,0.00058300001546740532,0.054250000044703484,1.8226249999999999,22.066044000000002,0.19395799999999999,2.6600000000000001,0.015167,24.661294000000002,33.211487000109628,1248998.965693,1248998.966276
430,1283,8193,1,1249014.9709999999,1249023.281654,1249047.763573,0.376834,0.28583299997262657,0.0002910001203417778,0.055416999850422144,1.816792,22.004501999999999,0.19716600000000001,2.6967500000000002,0.014583,24.532378000000001,32.79257300007157,1249023.608029,1249023.6083200001
431,1286,8193,1,1249039.9620000001,1249047.8916140001,1249072.5036170001,0.4375,0.31091699982061982,0.0002910001203417778,0.051042000064626336,1.8319589999999999,22.103376999999998,0.19716700000000001,2.7358340000000001,0.014583,24.696294000000002,32.541617000009865,1249048.2448229999,1249048.245114
432,1289,8193,1,1249064.95,1249072.596658,1249096.6355359999,0.388208,0.29516700003296137,0.00029200012795627117,0.01487499987706542,1.8042499999999999,21.634961000000001,0.207375,2.7413750000000001,0.024208,24.089335999999999,31.685535999946296,1249072.934408,1249072.9347000001
433,1291,8193,1,1249081.628,1249096.771161,1249121.206705,0.38850000000000001,0.29895800002850592,0.00029200012795627117,0.055124999955296516,1.810667,21.994294,0.19687499999999999,2.7705419999999998,0.0084580000000000002,24.484544,39.578704999992624,1249097.1103689999,1249097.110661
434,1294,8193,1,1249106.6310000001,1249121.3327049999,1249146.1232080001,0.45120900000000003,0.32345800008624792,0.0002910001203417778,0.053374999901279807,1.8121259999999999,22.320377000000001,0.19950000000000001,2.7693759999999998,0.023042,24.875378000000001,39.492208000039682,1249121.698747,1249121.6990380001
435,1297,8193,1,1249131.6359999999,1249146.213916,1249170.752418,0.39258300000000002,0.29254200006835163,0.00029199989512562752,0.055416000075638294,1.8194170000000001,22.053794,0.19483300000000001,2.7442920000000002,0.0090419999999999997,24.589544,39.116418000077829,1249146.555166,1249146.5554579999
436,1300,8193,1,1249156.6140000001,1249170.87521,1249194.3564210001,0.48212500000000003,0.35000000009313226,0.00029200012795627117,0.056582999881356955,1.8214589999999999,20.936419000000001,0.19716700000000001,2.7874590000000001,0.014583,23.571628,37.742421000031754,1249171.26721,1249171.2675020001
437,1303,8193,1,1249181.5889999999,1249194.4474210001,1249218.994673,0.39724999999999999,0.30537499999627471,0,0.055708999978378415,1.8328329999999999,22.077127000000001,0.19716700000000001,2.7472089999999998,0.01575,24.595085999999998,37.40567300003022,1249194.7968369999,1249194.7968369999
438,1306,8193,1,1249206.629,1249219.1731730001,1249243.713426,0.39550000000000002,0.26658399985171854,0.00029200012795627117,0.016624999931082129,1.827,22.15821,0.199208,2.6859579999999998,0.0087500000000000008,24.627461,37.08442600001581,1249219.481465,1249219.4817570001
439,1309,8193,1,1249231.629,1249243.819009,1249271.0093449999,0.41416599999999998,0.32170800003223121,0.00029200012795627117,2.6693339999765158,1.803375,22.079751999999999,0.19775000000000001,2.5902919999999998,0.0096249999999999999,27.240794000000001,39.380344999954104,1249244.1827169999,1249244.183009
440,1312,8193,1,1249256.639,1249271.128637,1249294.365431,0.41212500000000002,0.28641599998809397,0.00029200012795627117,0.051040999824181199,1.8165,20.766086000000001,0.19512499999999999,2.7165840000000001,0.014874999999999999,23.321961000000002,37.726431000046432,1249271.4555949999,1249271.4558870001
441,1315,8193,1,1249281.6310000001,1249294.455264,1249318.5294329999,0.41970800000000003,0.33133299998007715,0.00029199989512562752,0.053375000134110451,1.840417,21.526751999999998,0.19804099999999999,2.7410830000000002,0.015166000000000001,24.121127000000001,36.898432999849319,1249294.8280140001,1249294.828306
442,1318,8193,1,1249306.6299999999,1249318.6577669999,1249342.8375190001,0.44858399999999998,0.32229100004769862,0,0.051625000080093741,1.8427500000000001,21.646626999999999,0.19629199999999999,2.7381660000000001,0.014874999999999999,24.264918999999999,36.207519000163302,1249319.0211829999,1249319.0211829999
443,1321,8193,1,1249331.629,1249342.925602,1249367.1491050001,0.41766599999999998,0.3292920000385493,0,0.054833000060170889,1.812125,21.704086,0.19775000000000001,2.6570839999999998,0.014874999999999999,24.269293999999999,35.520105000119656,1249343.2977690001,1249343.2977690001
444,1324,8193,1,1249356.629,1249367.2797709999,1249391.8663989999,0.44595899999999999,0.31500000017695129,0.00029099988751113415,0.054250000044703484,1.8214589999999999,22.078294,0.19745799999999999,2.7772510000000001,0.014874999999999999,24.675878000000001,35.237398999975994,1249367.6364800001,1249367.636771
445,1327,8193,1,1249381.6340000001,1249392.0026070001,1249416.600901,0.38879200000000003,0.30070899985730648,0.00029200012795627117,0.053666000021621585,1.8229169999999999,22.136918999999999,0.203875,2.6836250000000001,0.023916,24.644669,34.96690099989064,1249392.3450239999,1249392.345316
446,1330,8193,1,1249406.6200000001,1249416.7729849999,1249440.5674449999,0.41825000000000001,0.28933300008065999,0.00029199989512562752,0.055417000083252788,1.8191250000000001,21.359627,0.19775000000000001,2.723001,0.0084589999999999995,23.881668999999999,33.947444999823347,1249417.104026,1249417.1043179999
447,1333,8193,1,1249431.601,1249440.6724449999,1249467.385031,0.424375,0.33104200009256601,0.00029099988751113415,2.6906260000541806,1.805417,21.621835000000001,0.19716600000000001,2.6074999999999999,0.0084580000000000002,26.763627,35.784030999988317,1249441.045779,1249441.0460699999
448,1336,8193,1,1249456.6299999999,1249467.5451559999,1249491.094909,0.41504200000000002,0.28875100007280707,0.00029199989512562752,0.054833000060170889,1.8141659999999999,21.125126999999999,0.19425000000000001,2.7638340000000001,0.0084580000000000002,23.635211000000002,34.464909000089392,1249467.8747400001,1249467.875032
449,1339,8193,1,1249481.6399999999,1249491.192909,1249515.383745,0.43837500000000001,0.34795799991115928,0.00058300001546740532,0.0096249999478459358,1.8240829999999999,21.692126999999999,0.19833300000000001,2.9318339999999998,0.014874999999999999,24.239836,33.743745000101626,1249491.582284,1249491.582867
450,1342,8193,1,1249506.6299999999,1249515.511495,1249539.7886640001,0.436917,0.30916599999181926,0.0002910001203417778,0.051042000064626336,1.820584,21.774084999999999,0.20008300000000001,2.6495000000000002,0.015167,24.362335999999999,33.158664000220597,1249515.8632449999,1249515.863536
451,1345,8193,1,1249531.6329999999,1249539.8846219999,1249564.4240000001,0.434,0.33950000000186265,0,0.052499999990686774,1.820292,22.010626999999999,0.19745799999999999,2.7212499999999999,0.015167,24.592169999999999,32.791000000201166,1249540.2661220001,1249540.2661220001
452,1348,8193,1,1249556.6299999999,1249564.549416,1249589.2229599999,0.40775,0.28437500004656613,0.00029200012795627117,0.055416999850422144,1.817958,22.204877,0.19775000000000001,2.6570830000000001,0.014874999999999999,24.756668999999999,32.592960000038147,1249564.8740409999,1249564.874333
453,1351,8193,1,1249581.625,1249589.31571,1249613.2793380001,0.36108299999999999,0.27008399995975196,0.00029199989512562752,0.02275000000372529,1.82525,21.562335999999998,0.202125,2.753333,0.021874999999999999,24.013794000000001,31.654338000109419,1249589.626627,1249589.6269189999
454,1353,8193,1,1249598.308,1249613.365671,1249637.9753399999,0.38383299999999998,0.29808300011791289,0.00058300001546740532,0.049876000033691525,1.811833,22.136043999999998,0.19687499999999999,2.6702080000000001,0.0087500000000000008,24.654001999999998,39.667339999927208,1249613.705171,1249613.705754
455,1356,8193,1,1249623.307,1249638.0992990001,1249662.4765089999,0.417375,0.28495799982920289,0.00029199989512562752,0.051625000080093741,1.8232079999999999,21.907961,0.18929199999999999,2.6515420000000001,0.013125,24.467336,39.169508999912068,1249638.4262570001,1249638.426549
456,1359,8193,1,1249648.3,1249662.5651759999,1249685.9422619999,0.40629199999999999,0.31645800010301173,0.00029199989512562752,0.055124999955296516,1.820292,20.867877,0.19658300000000001,2.7124999999999999,0.015459000000000001,23.422878000000001,37.642261999892071,1249662.9256760001,1249662.925968
457,1362,8193,1,1249673.287,1249686.0743869999,1249712.8873060001,0.442166,0.30975000001490116,0.00029199989512562752,2.6935420001391321,1.8057080000000001,21.717210000000001,0.19716700000000001,2.647167,0.01575,26.903918999999998,39.600306000094861,1249686.4255530001,1249686.425845
458,1365,8193,1,1249698.2709999999,1249712.979181,1249737.6445589999,0.36633399999999999,0.27504199999384582,0,0.05308300000615418,1.8080419999999999,22.206336,0.19687499999999999,2.7028750000000001,0.014874999999999999,24.714670000000002,39.373558999970555,1249713.2965150001,1249713.2965150001
459,1368,8193,1,1249723.273,1249737.7734749999,1249762.3816859999,0.45383400000000002,0.32433400000445545,0.00029199989512562752,0.05133299995213747,1.8045420000000001,22.113586000000002,0.19658300000000001,2.8210000000000002,0.014874999999999999,24.694544,39.108685999875888,1249738.1409750001,1249738.141267
460,1371,8193,1,1249748.2990000001,1249762.4805610001,1249787.0759389999,0.40687499999999999,0.31149999983608723,0.00029200012795627117,0.014291999861598015,1.831375,22.119126999999999,0.19950000000000001,2.702,0.015167,24.648752999999999,38.776938999770209,1249762.8337689999,1249762.834061
461,1374,8193,1,1249773.2990000001,1249787.207189,1249811.7847740001,0.46375,0.33133299998007715,0.00029199989512562752,0.052208000095561147,1.803083,22.075961,0.19425000000000001,2.699376,0.015167,24.667418999999999,38.485773999942467,1249787.5811050001,1249787.581397
462,1377,8193,1,1249798.298,1249811.881024,1249836.3232770001,0.390542,0.29954200005158782,0.00029099988751113415,0.054250000044703484,1.82525,21.944127999999999,0.19804099999999999,2.7300010000000001,0.014874999999999999,24.490960999999999,38.025277000153437,1249812.2228580001,1249812.223149
463,1380,8193,1,1249823.298,1249836.4527769999,1249860.535404,0.436334,0.30625000013969839,0.0002910001203417778,0.056583999888971448,1.793458,21.609293999999998,0.19512499999999999,2.5751249999999999,0.015167,24.169253000000001,37.237404000014067,1249836.802194,1249836.8024850001
464,1383,8193,1,1249848.3,1249860.6214459999,1249885.0222819999,0.391125,0.30537499999627471,0,0.051916999975219369,1.8129999999999999,21.911752,0.19775000000000001,2.678375,0.015167,24.444877999999999,36.722281999886036,1249860.9688210001,1249860.9688210001
465,1386,8193,1,1249873.2990000001,1249885.1488650001,1249908.9920340001,0.42058299999999998,0.2960419999435544,0,0.053666000021621585,1.7940419999999999,21.427585000000001,0.199208,2.7504170000000001,0.016625000000000001,23.926877000000001,35.69303399999626,1249885.486032,1249885.486032
466,1389,8193,1,1249898.298,1249909.0807010001,1249932.0436199999,0.39841700000000002,0.30829199985601008,0.0002910001203417778,0.02770900004543364,1.807458,20.511752000000001,0.19483300000000001,2.7501250000000002,0.0087500000000000008,23.011918999999999,33.745619999943301,1249909.4301179999,1249909.430409
467,1392,8193,1,1249923.308,1249932.1605779999,1249956.972664,0.45937499999999998,0.33337500016205013,0.0002910001203417778,0.054541999939829111,1.8237920000000001,22.339335999999999,0.19600000000000001,2.768208,0.0093329999999999993,24.894919000000002,33.66466400003992,1249932.5374119999,1249932.537703
468,1395,8193,1,1249948.2590000001,1249957.104789,1249980.6142909999,0.37887500000000002,0.28816700004972517,0.00029200012795627117,0.055999999865889549,1.8234999999999999,21.071459999999998,0.19658400000000001,2.7827920000000002,0.0096249999999999999,23.559085,32.355290999868885,1249957.4343719999,1249957.4346640001
469,1398,8193,1,1249973.298,1249980.754,1250007.693794,0.44945800000000002,0.3193749999627471,0.00058400002308189869,2.7224169999826699,1.796959,21.782543,0.199208,2.6413340000000001,0.0090419999999999997,27.027585999999999,34.395794000010937,1249981.1156659999,1249981.11625
470,1401,8193,1,1249998.2990000001,1250007.774002,1250032.462422,0.38500000000000001,0.29633400007151067,0.00029199989512562752,0.051915999967604876,1.801334,22.223544,0.19716700000000001,2.7880419999999999,0.015167,24.735378000000001,34.163421999895945,1250008.1120440001,1250008.112336
471,1404,8193,1,1250023.2760000001,1250032.5942549999,1250057.6431740001,0.43545800000000001,0.30333300004713237,0.00029200012795627117,0.013125000055879354,1.8007500000000001,22.608543999999998,0.198042,2.6425000000000001,0.014874999999999999,25.140502000000001,34.36717400001362,1250032.9381299999,1250032.938422
472,1407,8193,1,1250048.3019999999,1250057.733299,1250082.3738849999,0.370417,0.28291700012050569,0,0.051042000064626336,1.845375,22.146252,0.19775000000000001,2.7334999999999998,0.015166000000000001,24.687252999999998,34.071884999983013,1250058.0570489999,1250058.0570489999
473,1410,8193,1,1250073.264,1250082.560843,1250106.147929,0.42554199999999998,0.29575000004842877,0.00029099988751113415,0.013416999951004982,1.8089170000000001,21.185794000000001,0.19600000000000001,2.6859579999999998,0.01575,23.676044000000001,32.883929000003263,1250082.8974270001,1250082.897718
474,1413,8193,1,1250098.2990000001,1250106.2418460001,1250130.84889,0.38266600000000001,0.28349999990314245,0,0.052207999862730503,1.791126,22.157335,0.19600000000000001,2.580959,0.014584,24.658669,32.549889999907464,1250106.5731790001,1250106.5731790001
475,1416,8193,1,1250123.301,1250130.9833480001,1250155.5434340001,0.40162500000000001,0.26716699986718595,0,0.054832999827340245,1.8129999999999999,22.150044000000001,0.19512499999999999,2.772583,0.023917000000000001,24.652836000000001,32.242434000130743,1250131.2925150001,1250131.2925150001
476,1417,8193,1,1250131.6329999999,1250155.642892,1250177.6952279999,0.32958399999999999,0.27824999997392297,0.0002910001203417778,0.01370899984613061,1.8322499999999999,19.617502000000002,0.19366700000000001,2.7034590000000001,0.0087500000000000008,22.061086,46.062228000024334,1250155.9637259999,1250155.964017
477,1421,8193,1,1250164.9750000001,1250177.81452,1250201.9038549999,0.44508300000000001,0.31733300001360476,0.00029200012795627117,0.053957999916747212,1.8418749999999999,21.565543999999999,0.193083,2.7807499999999998,0.014291999999999999,24.175961000000001,36.928854999830946,1250178.1726859999,1250178.172978
478,1424,8193,1,1250189.966,1250201.9980639999,1250226.311399,0.39229199999999997,0.29720799997448921,0.00029199989512562752,0.054541000165045261,1.840417,21.850501999999999,0.198625,2.7475000000000001,0.016042000000000001,24.366128,36.345398999983445,1250202.337272,1250202.3375639999
479,1427,8193,1,1250214.966,1250226.4432330001,1250250.938569,0.42145899999999997,0.29662499995902181,0,0.055708999978378415,1.8001670000000001,22.071003000000001,0.19366700000000001,2.7629589999999999,0.019542,24.57817,35.97256899997592,1250226.7821490001,1250226.7821490001
480,1430,8193,1,1250239.966,1250251.032194,1250275.476488,0.37508399999999997,0.28524999995715916,0.0002910001203417778,0.052791999885812402,1.811833,22.030460999999999,0.19629199999999999,2.6174170000000001,0.0090419999999999997,24.493003000000002,35.510487999999896,1250251.3585689999,1250251.35886
481,1433,8193,1,1250264.966,1250275.6115290001,1250302.35999,0.41708299999999998,0.29195899982005358,0.00029199989512562752,2.7189170001074672,1.815042,21.659168999999999,0.19629199999999999,2.6200420000000002,0.0075839999999999996,26.830711000000001,37.393990000011399,1250275.9460710001,1250275.946363
482,1436,8193,1,1250289.9669999999,1250302.43524,1250326.9445760001,0.37654100000000001,0.2872919999063015,0,0.025667000096291304,1.8220419999999999,22.064001999999999,0.19600000000000001,2.6687509999999999,0.0087500000000000008,24.558627000000001,36.977576000150293,1250302.762782,1250302.762782
483,1439,8193,1,1250314.9680000001,1250327.0659099999,1250351.686954,0.43662499999999999,0.30625000013969839,0.00029199989512562752,0.050458000041544437,1.806583,22.148878,0.19395799999999999,2.7845420000000001,0.0096249999999999999,24.710003,36.718953999923542,1250327.413868,1250327.4141599999
484,1442,8193,1,1250339.9550000001,1250351.7671620001,1250376.3397890001,0.40104099999999998,0.31383299990557134,0.00029200012795627117,0.050749999936670065,1.821167,22.128169,0.19804099999999999,2.6139169999999998,0.0061250000000000002,24.618418999999999,36.38478900003247,1250352.12212,1250352.1224120001
485,1445,8193,1,1250364.9669999999,1250376.4821230001,1250400.5067090001,0.42087599999999997,0.29516700003296137,0.00029099988751113415,0.054834000067785382,1.8284579999999999,21.573709999999998,0.19658300000000001,2.7396250000000002,0.018082999999999998,24.108294999999998,35.539709000149742,1250376.81929,1250376.8195809999
486,1448,8193,1,1250389.9669999999,1250400.598584,1250424.6780030001,0.39929199999999998,0.31441599992103875,0.00029099988751113415,0.054250000044703484,1.827583,21.615418999999999,0.198625,2.7562500000000001,0.01575,24.123169000000001,34.711003000149503,1250400.953834,1250400.9541249999
487,1451,8193,1,1250414.9680000001,1250424.8145029999,1250449.4959219999,0.42262499999999997,0.29720800020731986,0.00029200012795627117,0.049875000026077032,1.830792,22.188251999999999,0.19454199999999999,2.6623329999999998,0.014291999999999999,24.766003000000001,34.527921999804676,1250425.152544,1250425.1528360001
488,1454,8193,1,1250439.973,1250449.585463,1250473.7019239999,0.38033299999999998,0.28670899989083409,0.00029199989512562752,0.054833000060170889,1.8223339999999999,21.626794,0.199792,2.74925,0.014583,24.163126999999999,33.728923999937251,1250449.9191300001,1250449.9194219999
489,1457,8193,1,1250464.9739999999,1250473.8322989999,1250497.8953849999,0.411833,0.28116700006648898,0.00029200012795627117,0.053666000021621585,1.8100830000000001,21.603752,0.19425000000000001,2.7221250000000001,0.014874999999999999,24.152626999999999,32.921384999994189,1250474.1545909999,1250474.1548830001
490,1460,8193,1,1250489.969,1250497.983177,1250521.861637,0.371,0.28320800000801682,0.0002910001203417778,0.01370899984613061,1.8237920000000001,21.441293000000002,0.19658400000000001,2.6299579999999998,0.015458,23.923960000000001,31.892636999953538,1250498.308677,1250498.3089680001
491,1462,8193,1,1250506.6440000001,1250521.9517620001,1250546.489973,0.391125,0.30129199987277389,0.00029199989512562752,0.053375000134110451,1.8287500000000001,22.032211,0.19804099999999999,2.720958,0.014874999999999999,24.584586000000002,39.845972999930382,1250522.296512,1250522.2968039999
492,1465,8193,1,1250531.6340000001,1250546.626473,1250571.306726,0.467833,0.33191700000315905,0.00029199989512562752,0.054833000060170889,1.798125,22.177752000000002,0.19745799999999999,2.614792,0.014584,24.773294,39.672725999960676,1250547.0012650001,1250547.001557
493,1468,8193,1,1250556.6299999999,1250571.395976,1250595.821312,0.393459,0.30595800001174212,0.0002910001203417778,0.05424999981187284,1.8357509999999999,21.914377000000002,0.19891700000000001,2.74925,0.014874999999999999,24.472294999999999,39.191312000155449,1250571.742476,1250571.7427670001
494,1471,8193,1,1250581.6340000001,1250595.9499369999,1250619.3885639999,0.41299999999999998,0.28670800011605024,0.00029200012795627117,0.012542000040411949,1.783541,21.039377999999999,0.197459,2.5853329999999999,0.014874999999999999,23.524086,37.754563999827951,1250596.2774779999,1250596.27777
495,1474,8193,1,1250606.598,1250619.4891890001,1250644.227775,0.405416,0.30916699999943376,0.00029200012795627117,0.010207999963313341,1.803666,22.293253,0.19745799999999999,2.743125,0.014874999999999999,24.792543999999999,37.629775000037625,1250619.8406469999,1250619.840939
496,1477,8193,1,1250631.602,1250644.3599,1250668.526819,0.49029200000000001,0.35700000007636845,0.00058300001546740532,0.055708999978378415,1.817375,21.622126999999999,0.19337499999999999,2.6530010000000002,0.014874999999999999,24.257335999999999,36.924819000065327,1250644.759483,1250644.760066
497,1480,8193,1,1250656.6340000001,1250668.6169439999,1250693.0985709999,0.40483400000000003,0.31733300001360476,0,0.054250000044703484,1.8281670000000001,21.968919,0.19687499999999999,2.7361249999999999,0.015166000000000001,24.527418999999998,36.464570999844,1250668.976277,1250668.976277
498,1483,8193,1,1250681.6340000001,1250693.2339049999,1250716.725907,0.426709,0.29108300013467669,0.00029099988751113415,0.049292000010609627,1.778,21.086627,0.203291,2.6276250000000001,0.025957999999999998,23.585336000000002,35.091906999936327,1250693.5672800001,1250693.567571
499,1486,8193,1,1250706.6359999999,1250716.821282,1250741.397409,0.43633300000000003,0.34854199993424118,0.00058300001546740532,0.050458999816328287,1.8121259999999999,22.046502,0.19658300000000001,2.7842509999999998,0.014874999999999999,24.623085,34.761409000027925,1250717.2106570001,1250717.2112400001
500,1489,8193,1,1250731.6359999999,1250741.5292430001,1250766.572037,1.0972500000000001,0.96716699982061982,0.00029199989512562752,0.051042000064626336,1.8462499999999999,21.863918999999999,0.19541700000000001,2.7267920000000001,0.014874999999999999,25.131461000000002,34.936037000035867,1250742.537826,1250742.5381179999
501,1492,8193,1,1250756.6359999999,1250766.7146620001,1250791.348248,0.46170800000000001,0.36866699997335672,0.00029200012795627117,0.055124999955296516,1.810959,22.083836000000002,0.19629099999999999,2.6165419999999999,0.014874999999999999,24.685210999999999,34.712248000083491,1250767.1247449999,1250767.125037
502,1495,8193,1,1250781.6340000001,1250791.474831,1250816.1337919999,0.42466700000000002,0.29866700014099479,0.0002910001203417778,0.053667000029236078,1.8322499999999999,22.190877,0.19541700000000001,2.7463329999999999,0.01575,24.742961000000001,34.499791999813169,1250791.8157899999,1250791.816081
503,1498,8193,1,1250806.6440000001,1250816.2294590001,1250840.8817110001,0.39929199999999998,0.29516600002534688,0.00029200012795627117,0.054833000060170889,1.79375,22.177461000000001,0.19745799999999999,2.8630010000000001,0.014874999999999999,24.705335999999999,34.23771100002341,1250816.5756669999,1250816.575959
504,1501,8193,1,1250831.6359999999,1250841.0144189999,1250865.669005,0.44187599999999999,0.30945900012739003,0,0.055417000083252788,1.8045420000000001,22.213044,0.197459,2.8694169999999999,0.01575,24.746461,34.033005000092089,1250841.3647109999,1250841.3647109999
505,1504,8193,1,1250856.598,1250865.7541720001,1250890.790549,0.35962499999999997,0.27416699985042214,0.00058300001546740532,0.011957999784499407,1.793167,22.634792999999998,0.200959,2.8653330000000001,0.0090410000000000004,25.079834999999999,34.192549000028521,1250866.0703390001,1250866.0709220001
506,1507,8193,1,1250881.6359999999,1250890.9115909999,1250913.6543020001,0.423792,0.29487500013783574,0.00029199989512562752,0.054250000044703484,1.8007500000000001,20.279292999999999,0.19775000000000001,2.8309169999999999,0.014583,22.830503,32.018302000127733,1250891.2475910001,1250891.2478829999
507,1508,8193,1,1250889.9680000001,1250913.706218,1250940.3744709999,0.35262500000000002,0.29954200005158782,0.0002910001203417778,2.5235009999014437,1.806292,21.711085000000001,0.19687499999999999,4.6427500000000004,0.018957999999999999,26.677294,50.406470999820158,1250914.0498019999,1250914.0500930001
508,1513,8193,1,1250931.6399999999,1250940.5383880001,1250965.1541820001,0.46112599999999998,0.29779199999757111,0.00029099988751113415,0.054542000172659755,1.8109580000000001,22.134294000000001,0.19337499999999999,2.7719999999999998,0.017500000000000002,24.737127999999998,33.514182000188157,1250940.87818,1250940.8784709999
509,1516,8193,1,1250956.635,1250965.2014319999,1250989.3114759999,0.36983300000000002,0.32200000016018748,0.00029200012795627117,0.054833000060170889,1.8135840000000001,21.602294000000001,0.19716700000000001,2.9300839999999999,0.015458,24.114419000000002,32.676475999876857,1250965.5668899999,1250965.567182
510,1519,8193,1,1250981.635,1250989.443309,1251013.5195200001,0.43429099999999998,0.30216700001619756,0.00029200012795627117,0.012832999927923083,1.801334,21.630002000000001,0.199791,2.7282510000000002,0.017208000000000001,24.165752000000001,31.884520000079647,1250989.7880589999,1250989.7883510001
511,1520,8193,1,1250989.929,1251013.5667699999,1251038.326939,0.34300000000000003,0.29691700008697808,0.00029200012795627117,0.052207999862730503,1.801625,22.289752,0.19745799999999999,2.8863340000000002,0.015458,24.764544000000001,48.397939000045881,1251013.9056869999,1251013.905979
512,1524,8193,1,1251023.3019999999,1251038.4532310001,1251062.9109420001,0.421458,0.2948749999050051,0.00029200012795627117,0.054541999939829111,1.7984169999999999,21.998961000000001,0.19162499999999999,2.8344170000000002,0.014874999999999999,24.541710999999999,39.608942000195384,1251038.7906889999,1251038.7909810001
513,1527,8193,1,1251048.2860000001,1251063.0001920001,1251087.1776109999,0.39754200000000001,0.30770799983292818,0,0.052499999990686774,1.8109580000000001,21.687460999999999,0.197459,2.7836669999999999,0.015166000000000001,24.223794000000002,38.891610999824479,1251063.3510670001,1251063.3510670001
514,1530,8193,1,1251073.287,1251087.306236,1251111.642613,0.42466700000000002,0.29399999999441206,0.00029099988751113415,0.053959000157192349,1.7879160000000001,21.883168999999999,0.19687499999999999,2.8227509999999998,0.015458,24.424752000000002,38.355612999992445,1251087.6425280001,1251087.6428189999
515,1533,8193,1,1251098.3019999999,1251111.7312799999,1251139.0753240001,0.38062499999999999,0.29108300013467669,0.0002910001203417778,2.7819169999565929,1.8086249999999999,22.192335,0.19541700000000001,2.7431260000000002,0.016625000000000001,27.389835999999999,40.773324000183493,1251112.0658219999,1251112.066113
516,1537,8193,1,1251131.6359999999,1251139.244491,1251164.1997849999,0.42962499999999998,0.26745799998752773,0.00029199989512562752,0.011083000106737018,1.7797499999999999,22.574127000000001,0.198042,2.8107920000000002,0.015167,25.077210999999998,32.563785000005737,1251139.552199,1251139.5524909999
517,1540,8193,1,1251156.6040000001,1251164.250827,1251188.868371,0.34125,0.28991700010374188,0.00029199989512562752,0.054542000172659755,1.83575,22.119126999999999,0.19658300000000001,2.799709,0.015166000000000001,24.625419000000001,32.264370999997482,1251164.58391,1251164.5842019999
518,1542,8193,1,1251173.3049999999,1251188.9593710001,1251216.1406660001,0.36691699999999999,0.27620800002478063,0.00029199989512562752,2.6769169999752194,1.8141670000000001,22.131084999999999,0.19454199999999999,2.6360839999999999,0.016334000000000001,27.229711999999999,42.835666000144556,1251189.2778710001,1251189.278163
519,1546,8193,1,1251206.6359999999,1251216.272499,1251241.1096679999,0.41825000000000001,0.28758300002664328,0.00029199989512562752,0.055416000075638294,1.781792,22.395043999999999,0.19629199999999999,2.8312089999999999,0.015166000000000001,24.925836,34.473667999962345,1251216.602374,1251216.6026659999
520,1549,8193,1,1251231.6359999999,1251241.2038759999,1251265.3891700001,0.38733400000000001,0.29108400014229119,0.0002910001203417778,0.053374999901279807,1.833709,21.68571,0.19775000000000001,2.7457509999999998,0.015167,24.237503,33.753170000156388,1251241.53871,1251241.5390010001
521,1552,8193,1,1251256.601,1251265.5157540001,1251290.321423,0.44566699999999998,0.32199999992735684,0.00029200012795627117,0.052499999990686774,1.825834,22.288585000000001,0.19716700000000001,2.7043330000000001,0.015167,24.888210999999998,33.720422999933362,1251265.878879,1251265.8791710001
522,1555,8193,1,1251281.6340000001,1251290.409215,1251314.5487170001,0.38266699999999998,0.29458300000987947,0.00029099988751113415,0.050750000169500709,1.792,21.678419000000002,0.19658400000000001,2.8781669999999999,0.017208000000000001,24.185293999999999,32.914716999977827,1251290.74609,1251290.7463809999
523,1558,8193,1,1251306.601,1251314.6823,1251337.915886,0.41037499999999999,0.27912500011734664,0.00029199989512562752,0.054540999932214618,1.8074589999999999,20.777169000000001,0.19483300000000001,2.8262499999999999,0.014874999999999999,23.324293999999998,31.314886000007391,1251315.0019670001,1251315.002259
524,1559,8193,1,1251314.9739999999,1251337.964011,1251362.4777220001,0.34154099999999998,0.29312500008381903,0.00029200012795627117,0.053957999916747212,1.7987089999999999,22.054669000000001,0.19454199999999999,2.8457919999999999,0.015166000000000001,24.518377000000001,47.503722000168636,1251338.3005939999,1251338.300886
525,1563,8193,1,1251348.2690000001,1251362.608972,1251387.8547660001,0.408333,0.27737500006332994,0.00029200012795627117,0.012541000032797456,1.7899579999999999,22.837793999999999,0.200375,2.8933339999999999,0.015167,25.334752000000002,39.585765999974683,1251362.9283469999,1251362.928639
526,1566,8193,1,1251373.3130000001,1251387.944016,1251412.4755190001,0.37362499999999998,0.28700000001117587,0.0002910001203417778,0.050749999936670065,1.8237920000000001,22.059626999999999,0.19483300000000001,2.83325,0.015167,24.576711,39.162519000004977,1251388.2724329999,1251388.272724
527,1569,8193,1,1251398.3030000001,1251412.615519,1251437.414479,0.41445799999999999,0.27941600000485778,0.00029199989512562752,0.010208000196143985,1.805709,22.424793999999999,0.199208,2.7372920000000001,0.021291999999999998,24.892002000000002,39.11147899995558,1251412.937227,1251412.9375189999
528,1572,8193,1,1251423.3100000001,1251437.5964790001,1251461.2398570001,0.37420799999999999,0.28379200003109872,0.00029199989512562752,0.054250000044703484,1.7887919999999999,21.256961,0.19600000000000001,2.818667,0.0061250000000000002,23.692086,37.929857000010088,1251437.9219790001,1251437.922271
529,1575,8193,1,1251448.3100000001,1251461.383648,1251487.4904430001,0.42816700000000002,0.29866700014099479,0.00029199989512562752,1.5122919999994338,1.787334,22.195543000000001,0.19395799999999999,4.6494590000000002,0.0084580000000000002,26.195169,39.180443000048399,1251461.7234400001,1251461.723732
530,1578,8193,1,1251473.3130000001,1251487.5721090001,1251511.9805290001,0.38033299999999998,0.29020899999886751,0.00029200012795627117,0.051916999975219369,1.823501,21.931294000000001,0.19454199999999999,2.756834,0.014,24.457128000000001,38.667528999969363,1251487.9037339999,1251487.9040260001
531,1581,8193,1,1251498.308,1251512.106529,1251535.6381979999,0.41358299999999998,0.28524999995715916,0.00029199989512562752,0.054540999932214618,1.7960830000000001,21.083127000000001,0.19483300000000001,2.8256670000000002,0.015167,23.617419000000002,37.330197999952361,1251512.4343620001,1251512.434654
532,1584,8193,1,1251523.307,1251535.7335729999,1251560.37445,0.37333300000000003,0.28116600005887449,0.00029199989512562752,0.019833000143989921,1.806292,22.214794000000001,0.19950000000000001,2.790959,0.015167,24.691918999999999,37.067449999973178,1251536.055864,1251536.0561559999
533,1587,8193,1,1251548.308,1251560.5092,1251585.033119,0.44420799999999999,0.30887500010430813,0.00029199989512562752,0.054833000060170889,1.8226260000000001,22.057003000000002,0.19687499999999999,2.7787090000000001,0.023625,24.617543999999999,36.725119000067934,1251560.8597830001,1251560.860075
534,1590,8193,1,1251573.2919999999,1251585.169036,1251609.309413,0.36749999999999999,0.27679200004786253,0.00029099988751113415,0.053958999924361706,1.8302080000000001,21.709918999999999,0.198625,2.7361249999999999,0.0087500000000000008,24.189959999999999,36.017413000110537,1251585.4869530001,1251585.487244
535,1593,8193,1,1251598.304,1251609.494622,1251634.155333,0.412416,0.28349999990314245,0.00029200012795627117,0.013999999966472387,1.807167,22.293251999999999,0.19629199999999999,2.768208,0.0078750000000000001,24.747043999999999,35.851332999998704,1251609.820413,1251609.8207050001
536,1596,8193,1,1251623.304,1251634.263541,1251659.065127,0.42233300000000001,0.32870800001546741,0.0002910001203417778,0.053958999924361706,1.7949170000000001,22.359461,0.198625,2.8568750000000001,0.0090419999999999997,24.853794000000001,35.761126999976113,1251634.633958,1251634.6342490001
537,1599,8193,1,1251648.304,1251659.2074599999,1251684.177629,0.41941600000000001,0.28962499997578561,0,0.011084000114351511,1.801334,22.551378,0.19745799999999999,2.800875,0.0090410000000000004,25.058252,35.873629000037909,1251659.5387929999,1251659.5387929999
538,1602,8193,1,1251673.304,1251684.258129,1251708.87509,0.39141700000000001,0.30245900014415383,0.00029099988751113415,0.054542000172659755,1.836625,22.108626999999998,0.19570799999999999,2.808459,0.014,24.663919,35.571089999983087,1251684.602588,1251684.6028789999
539,1605,8193,1,1251698.3049999999,1251709.002257,1251734.9722589999,0.41416700000000001,0.28379100002348423,0.0002910001203417778,2.8300419999286532,1.803375,20.732835000000001,0.19629199999999999,2.732917,0.014583,26.058961,36.667259000008926,1251709.327757,1251709.3280480001
540,1608,8193,1,1251723.3149999999,1251735.0653009999,1251759.5924279999,0.356709,0.26687500020489097,0.00029099988751113415,0.054541999939829111,1.7847090000000001,22.105418,0.19600000000000001,2.8904169999999998,0.016333,24.576419000000001,36.277428000001237,1251735.3727180001,1251735.373009
541,1611,8193,1,1251748.3119999999,1251759.7271779999,1251783.8258479999,0.41387499999999999,0.28116700006648898,0.00029099988751113415,0.055417000083252788,1.7937510000000001,21.683668999999998,0.19716700000000001,2.877875,0.016334000000000001,24.189961,35.513847999973223,1251760.0497620001,1251760.050053
542,1614,8193,1,1251773.3049999999,1251783.914806,1251808.4416420001,0.377417,0.28904199996031821,0,0.053084000013768673,1.8278749999999999,22.040669000000001,0.198625,2.8026260000000001,0.014583,24.574086000000001,35.136642000172287,1251784.245264,1251784.245264
543,1617,8193,1,1251798.3049999999,1251808.5679329999,1251833.251686,0.41095799999999999,0.28525000018998981,0.00029200012795627117,0.062416000058874488,1.8267089999999999,22.191168999999999,0.19775000000000001,2.767042,0.015167,24.767168999999999,34.946686000097543,1251808.8954749999,1251808.895767
544,1620,8193,1,1251823.307,1251833.347936,1251857.9780220001,0.38791700000000001,0.28991700010374188,0.00029199989512562752,0.05512500018812716,1.7902499999999999,22.176584999999999,0.19745799999999999,2.8892500000000001,0.014874999999999999,24.685503000000001,34.671022000024095,1251833.680436,1251833.6807279999
545,1623,8193,1,1251848.3049999999,1251858.1048969999,1251882.6471909999,0.423792,0.29808300011791289,0,0.054250000044703484,1.8232090000000001,22.053502000000002,0.19600000000000001,2.7886250000000001,0.015167,24.625419000000001,34.342191000003368,1251858.4455629999,1251858.4455629999
546,1626,8193,1,1251873.308,1251882.7419819999,1251909.566569,0.38850000000000001,0.29516700003296137,0,2.7851249999366701,1.806584,21.665292999999998,0.199209,2.7504170000000001,0.016625000000000001,26.876795000000001,36.258569000056013,1251883.078274,1251883.078274
547,1629,8193,1,1251898.3049999999,1251909.687902,1251935.883654,0.42612499999999998,0.30158299999311566,0.00058300001546740532,2.774041999829933,1.800459,21.038209999999999,0.19745799999999999,2.6885840000000001,0.0090419999999999997,26.276544000000001,37.578654000069946,1251910.0329440001,1251910.0335270001
548,1632,8193,1,1251923.2649999999,1251935.975238,1251960.6773649999,0.364875,0.27445799997076392,0.00058300001546740532,0.054834000067785382,1.7899590000000001,22.316002000000001,0.19658300000000001,2.9245420000000002,0.014291999999999999,24.752002000000001,37.412364999996498,1251936.290238,1251936.290821
549,1635,8193,1,1251948.3060000001,1251960.812407,1251985.5985340001,0.432834,0.30741699994541705,0.0002910001203417778,0.054250000044703484,1.791417,22.365877000000001,0.19483300000000001,2.9324170000000001,0.018959,24.870128000000001,37.292534000007436,1251961.1609489999,1251961.16124
550,1638,8193,1,1251973.2790000001,1251985.6895339999,1252009.767495,0.35933399999999999,0.27358400006778538,0.00029099988751113415,0.0096249999478459358,1.801625,21.679002000000001,0.19570799999999999,2.8504589999999999,0.014874999999999999,24.122294,36.488494999939576,1251986.0045350001,1251986.004826
551,1641,8193,1,1251998.3089999999,1252009.8999119999,1252034.160748,0.424375,0.29108300013467669,0.00029199989512562752,0.056875000009313226,1.816208,21.779043999999999,0.19716600000000001,2.7367080000000001,0.015459000000000001,24.350961000000002,35.85174800013192,1252010.234162,1252010.2344539999
552,1644,8193,1,1252023.3060000001,1252034.2578730001,1252059.0728750001,0.38616600000000001,0.29166599991731346,0.00029199989512562752,0.063000000081956387,1.8001670000000001,22.345459999999999,0.198042,2.7956259999999999,0.015458,24.868376999999999,35.76687499997206,1252034.590664,1252034.5909559999
553,1647,8193,1,1252048.3049999999,1252059.200917,1252086.582586,0.44129200000000002,0.31354200001806021,0,2.7215419998392463,1.801625,22.220044000000001,0.19775000000000001,2.6789580000000002,0.015459000000000001,27.468294,38.277586000040174,1252059.5558750001,1252059.5558750001
554,1650,8193,1,1252073.308,1252086.6765030001,1252111.2030470001,0.36662499999999998,0.279124999884516,0.00029199989512562752,0.054250000044703484,1.8182499999999999,22.064294,0.19483300000000001,2.7702499999999999,0.014874999999999999,24.573793999999999,37.895047000143677,1252086.995878,1252086.9961699999
555,1653,8193,1,1252098.304,1252111.329047,1252134.8962989999,0.41649999999999998,0.28904199996031821,0.00029200012795627117,0.055999999865889549,1.7998749999999999,21.154585000000001,0.19483300000000001,2.889834,0.017791999999999999,23.652127,36.59229899989441,1252111.6606719999,1252111.660964
556,1656,8193,1,1252123.307,1252135.040674,1252159.8154269999,0.38062499999999999,0.28991699987091124,0.00029199989512562752,0.0096250001806765795,1.829917,22.325918999999999,0.19833400000000001,2.919584,0.015458,24.823751999999999,36.508426999906078,1252135.372008,1252135.3722999999
557,1659,8193,1,1252148.3060000001,1252159.9495939999,1252184.602429,0.44595899999999999,0.31120800017379224,0.0002910001203417778,0.055999999865889549,1.7963750000000001,22.209835999999999,0.19775000000000001,2.9306670000000001,0.021874999999999999,24.746168999999998,36.296428999863565,1252160.3022189999,1252160.3025100001
558,1662,8193,1,1252173.273,1252184.6887630001,1252209.270432,0.386459,0.29808299988508224,0.00029099988751113415,0.049292000010609627,1.798708,22.163753,0.19483300000000001,2.7871670000000002,0.0084580000000000002,24.627461,35.997432000003755,1252185.0294300001,1252185.029721
559,1665,8193,1,1252198.3089999999,1252209.3990569999,1252234.333934,0.43720799999999999,0.31325000012293458,0.00029200012795627117,0.010499999858438969,1.8092090000000001,22.486335,0.19425000000000001,2.8457910000000002,0.0099159999999999995,25.016835,36.024934000102803,1252209.754307,1252209.7545990001
560,1668,8193,1,1252223.3060000001,1252234.4191010001,1252259.0777700001,0.39229199999999997,0.30012499983422458,0.00029199989512562752,0.050458000041544437,1.8246659999999999,22.172502999999999,0.19600000000000001,2.8431660000000001,0.013708,24.709419,35.771769999992102,1252234.760643,1252234.7609349999
561,1671,8193,1,1252248.3060000001,1252259.2066870001,1252283.688606,0.403084,0.27591699990443885,0.00029099988751113415,0.010500000091269612,1.808333,22.067793999999999,0.19833300000000001,2.8478340000000002,0.015166000000000001,24.568543999999999,35.382605999941006,1252259.5228540001,1252259.523145
562,1674,8193,1,1252273.311,1252283.7758140001,1252308.357484,0.36837500000000001,0.28174999984912574,0.00029199989512562752,0.054250000044703484,1.8132919999999999,22.119419000000001,0.19483400000000001,2.8297509999999999,0.015458,24.626586,35.046484000049531,1252284.098981,1252284.0992729999
563,1677,8193,1,1252298.3149999999,1252308.4831920001,1252332.8364860001,0.41416700000000001,0.28933299984782934,0.0002910001203417778,0.054250000044703484,1.805709,21.887543999999998,0.19950000000000001,3.0041669999999998,0.015458,24.436419000000001,34.521486000157893,1252308.8142339999,1252308.8145250001
564,1680,8193,1,1252323.3060000001,1252332.935361,1252357.76553,0.38645800000000002,0.2878749999217689,0.00029199989512562752,0.051917000208050013,1.7949170000000001,22.399711,0.200375,2.7787090000000001,0.016916,24.880918999999999,34.459529999876395,1252333.271069,1252333.2713609999
565,1683,8193,1,1252348.3060000001,1252357.89503,1252382.0616580001,0.42729200000000001,0.30012500006705523,0,0.052791000111028552,1.8462499999999999,21.649543999999999,0.198042,2.8210000000000002,0.014874999999999999,24.252960999999999,33.755658000009134,1252358.2359889999,1252358.2359889999
566,1686,8193,1,1252373.3060000001,1252382.155574,1252407.003827,0.38150000000000001,0.28700000001117587,0.00029200012795627117,0.05133299995213747,1.815334,22.412251999999999,0.19687499999999999,2.7687919999999999,0.015458,24.901627999999999,33.697826999938115,1252382.483699,1252382.4839910001
567,1689,8193,1,1252398.3160000001,1252407.1324519999,1252431.7254959999,0.40862500000000002,0.28145799995400012,0.00029199989512562752,0.052499999990686774,1.8129999999999999,22.129626999999999,0.19745799999999999,2.8279999999999998,0.014874999999999999,24.678502000000002,33.409495999803767,1252407.455327,1252407.4556189999
568,1692,8193,1,1252423.3189999999,1252431.8135790001,1252456.4083730001,0.38179200000000002,0.29399999999441206,0.00029199989512562752,0.050749999936670065,1.810667,22.124376999999999,0.19629099999999999,2.8831250000000002,0.014874999999999999,24.640003,33.089373000198975,1252432.1498710001,1252432.150163
569,1695,8193,1,1252448.3160000001,1252456.5349570001,1252481.0967929999,0.44129200000000002,0.31383299990557134,0.00029200012795627117,0.05308300000615418,1.7957920000000001,22.079460999999998,0.198625,2.9216250000000001,0.015167,24.645544999999998,32.780792999779806,1252456.8925399999,1252456.892832
570,1698,8193,1,1252473.2990000001,1252481.1834179999,1252505.5854199999,0.36633300000000002,0.28000000002793968,0.00029199989512562752,0.053375000134110451,1.807167,21.988752000000002,0.19745799999999999,2.7973750000000002,0.014583,24.446044000000001,32.286419999785721,1252481.5060010001,1252481.506293
571,1701,8193,1,1252498.307,1252505.70967,1252530.5970060001,0.40745799999999999,0.27970799989998341,0.00029200012795627117,0.012542000040411949,1.7946249999999999,22.481086000000001,0.199209,2.7320419999999999,0.0096249999999999999,24.973960999999999,32.29000600008294,1252506.0305029999,1252506.030795
572,1704,8193,1,1252523.311,1252530.6777979999,1252554.645217,0.36983300000000002,0.28175000008195639,0.00029200012795627117,0.050457999808713794,1.836625,21.486794,0.19658400000000001,2.7874590000000001,0.013708,24.014961,31.334217000054196,1252531.000089,1252531.0003810001
573,1706,8193,1,1252539.9750000001,1252554.730092,1252579.1323859999,0.37654100000000001,0.28875000006519258,0.00029200012795627117,0.050749999936670065,1.8345830000000001,21.912918999999999,0.19775000000000001,2.758,0.014874999999999999,24.447793999999998,39.1573859998025,1252555.061425,1252555.0617170001
574,1709,8193,1,1252564.9739999999,1252579.275594,1252604.1223879999,0.41999999999999998,0.28875000006519258,0.00029099988751113415,0.011084000114351511,1.7934589999999999,22.437335999999998,0.19541700000000001,2.8230420000000001,0.015167,24.937211000000001,39.148387999972329,1252579.604886,1252579.6051769999
575,1712,8193,1,1252589.976,1252604.2142630001,1252629.0490989999,0.39812500000000001,0.30449999985285103,0.00029099988751113415,0.063291999977082014,1.8080419999999999,22.346627000000002,0.19395899999999999,2.796208,0.01575,24.885877000000001,39.073098999913782,1252604.5613470001,1252604.561638
576,1715,8193,1,1252614.977,1252629.180932,1252653.752685,0.41125,0.28291699988767505,0.00029199989512562752,0.0096249999478459358,1.8205830000000001,22.172211000000001,0.19775000000000001,2.6372499999999999,0.016333,24.658086000000001,38.775685000000522,1252629.5058490001,1252629.506141
577,1718,8193,1,1252639.976,1252653.8503930001,1252678.403187,0.38937500000000003,0.29079200001433492,0.00029199989512562752,0.055416000075638294,1.7952090000000001,22.094044,0.19570799999999999,2.7965,0.015167,24.608211000000001,38.427186999935657,1252654.1840600001,1252654.184352
578,1721,8193,1,1252664.939,1252678.5335619999,1252703.2397729999,0.41445799999999999,0.28145900019444525,0.00029200012795627117,0.054832999827340245,1.79375,22.260293999999998,0.19454199999999999,2.7985419999999999,0.015167,24.795461,38.300772999878973,1252678.8584789999,1252678.8587710001
579,1724,8193,1,1252689.976,1252703.329315,1252727.8345669999,0.37479200000000001,0.28612500010058284,0.00029200012795627117,0.054540999932214618,1.81125,22.078002999999999,0.197459,2.705209,0.021291000000000001,24.551919000000002,37.858566999901086,1252703.65744,1252703.6577320001
580,1727,8193,1,1252714.9639999999,1252728.0098590001,1252751.1253200001,0.41504200000000002,0.28612499986775219,0.00029099988751113415,0.053958999924361706,1.8223339999999999,20.683252,0.19804099999999999,2.806708,0.0084589999999999995,23.202960999999998,36.161320000188425,1252728.3374010001,1252728.337692
581,1730,8193,1,1252739.9839999999,1252751.2239029999,1252778.4121970001,0.38995800000000003,0.29837500001303852,0.00029199989512562752,2.7472090001683682,1.7946249999999999,22.029001999999998,0.199791,2.6658339999999998,0.0090410000000000004,27.237293999999999,38.428197000175714,1252751.564861,1252751.5651529999
582,1733,8193,1,1252764.9839999999,1252778.5297389999,1252803.2339079999,0.41445900000000002,0.28875000006519258,0.00029099988751113415,0.053667000029236078,1.7992919999999999,22.245418999999998,0.19950000000000001,2.8282910000000001,0.012833000000000001,24.789044000000001,38.249907999997959,1252778.8593230001,1252778.859614
583,1736,8193,1,1252789.977,1252803.3246170001,1252827.4483690001,0.38062499999999999,0.28583299997262657,0.00029200012795627117,0.055707999970763922,1.792584,21.665876999999998,0.19891600000000001,2.8533750000000002,0.015458,24.175961000000001,37.471369000151753,1252803.653033,1252803.6533250001
584,1739,8193,1,1252814.956,1252827.6239519999,1252852.2969130001,0.41445799999999999,0.28700000001117587,0.00029199989512562752,0.053958000149577856,1.796084,22.221793999999999,0.19483400000000001,2.8364590000000001,0.015166000000000001,24.759001999999999,37.340913000050932,1252827.9523690001,1252827.952661
585,1742,8193,1,1252839.9750000001,1252852.3832469999,1252877.035499,0.38587500000000002,0.29750000010244548,0.00029099988751113415,0.055417000083252788,1.798708,22.221502999999998,0.19629199999999999,2.8046669999999998,0.023916,24.697752000000001,37.060498999897391,1252852.7236220001,1252852.723913
586,1745,8193,1,1252864.976,1252877.1658739999,1252901.6451679999,0.42933300000000002,0.29866700014099479,0.00029199989512562752,0.051915999967604876,1.835459,22.034251999999999,0.19775100000000001,2.7743340000000001,0.0049579999999999997,24.568252000000001,36.669167999876663,1252877.5062490001,1252877.506541
587,1748,8193,1,1252889.9380000001,1252901.751043,1252926.2880869999,0.370417,0.28320900001563132,0.0002910001203417778,0.051042000064626336,1.810667,22.128751999999999,0.19454199999999999,2.8825419999999999,0.016042000000000001,24.584002000000002,36.350086999824271,1252902.0745019999,1252902.074793
588,1751,8193,1,1252914.9750000001,1252926.419921,1252949.8745899999,0.417375,0.29079100000672042,0.00029199989512562752,0.051042000064626336,1.789083,21.007002,0.20008300000000001,2.8525,0.015459000000000001,23.538378000000002,34.899589999811724,1252926.7535870001,1252926.753879
589,1754,8193,1,1252939.9750000001,1252949.9708400001,1252974.5087590001,0.37974999999999998,0.29224999994039536,0.0002910001203417778,0.055416999850422144,1.8234999999999999,22.050585000000002,0.19658400000000001,2.7661669999999998,0.015166000000000001,24.583127000000001,34.533759000012651,1252950.3050899999,1252950.305381
590,1757,8193,1,1252964.9750000001,1252974.638551,1252999.166553,0.41883399999999998,0.28816600004211068,0.00029099988751113415,0.054834000067785382,1.825833,22.048252000000002,0.19483400000000001,2.7095829999999999,0.014874999999999999,24.616961,34.191552999895066,1252974.9684260001,1252974.968717
591,1760,8193,1,1252989.9850000001,1252999.2598860001,1253026.567764,0.36837500000000001,0.27620900003239512,0,2.7148339999839664,1.806583,22.186793999999999,0.19687499999999999,2.6821670000000002,0.014874999999999999,27.358626999999998,36.582763999933377,1252999.577511,1252999.577511
592,1763,8193,1,1253014.9399999999,1253026.6984310001,1253050.9639330001,0.42408299999999999,0.29399999999441206,0.00029200012795627117,0.055124999955296516,1.815334,21.785751999999999,0.19629199999999999,2.8046669999999998,0.015458,24.354168999999999,36.023933000164106,1253027.033847,1253027.0341390001
593,1766,8193,1,1253039.9779999999,1253051.0581420001,1253075.698144,0.37304100000000001,0.28174999984912574,0.00029200012795627117,0.054833000060170889,1.83575,22.196711000000001,0.19483400000000001,2.7781250000000002,0.017208000000000001,24.690752,35.720144000137225,1253051.3804329999,1253051.3807250001
594,1769,8193,1,1253064.976,1253075.8200610001,1253100.3868549999,0.40075,0.27737499983049929,0.00058300001546740532,0.011959000024944544,1.7861670000000001,22.171334999999999,0.198042,2.778708,0.0087500000000000008,24.648461000000001,35.410854999907315,1253076.1391439999,1253076.1397269999
595,1772,8193,1,1253089.976,1253100.4705630001,1253125.025107,0.38500000000000001,0.29195899982005358,0.00029200012795627117,0.051916999975219369,1.8302080000000001,22.062252999999998,0.19950000000000001,2.73875,0.014,24.605294000000001,35.049106999998912,1253100.8048129999,1253100.805105
596,1775,8193,1,1253114.9850000001,1253125.1493569999,1253149.19961,0.42058299999999998,0.29399999999441206,0.00029200012795627117,0.056875000009313226,1.8281670000000001,21.557376999999999,0.19658400000000001,2.706375,0.015167,24.133960999999999,34.214609999908134,1253125.4862319999,1253125.4865240001
597,1778,8193,1,1253139.977,1253149.298776,1253174.072071,0.37070799999999998,0.27679200004786253,0.00029199989512562752,0.010207999963313341,1.8261259999999999,22.337001999999998,0.20008300000000001,2.7078329999999999,0.015458,24.825793999999998,34.095071000047028,1253149.6166930001,1253149.616985
598,1781,8193,1,1253164.976,1253174.1986539999,1253199.0562400001,0.40279199999999998,0.27854200010187924,0.00029200012795627117,0.054540999932214618,1.8013330000000001,22.409918999999999,0.19833300000000001,2.8490000000000002,0.015167,24.941002999999998,34.080240000039339,1253174.5180289999,1253174.518321
599,1784,8193,1,1253189.9739999999,1253199.1516150001,1253224.1579509999,0.36166599999999999,0.27183300000615418,0.00029199989512562752,0.01195800001733005,1.791417,22.609711000000001,0.19687499999999999,2.7475010000000002,0.014874999999999999,25.056211000000001,34.183950999984518,1253199.4634060001,1253199.4636979999
600,1787,8193,1,1253214.959,1253224.2857009999,1253248.8810779999,0.41212500000000002,0.28758300002664328,0.00029199989512562752,0.054542000172659755,1.834875,22.103669,0.19658400000000001,2.7833749999999999,0.015167,24.679086000000002,33.922077999915928,1253224.614117,1253224.6144089999
601,1790,8193,1,1253239.977,1253248.9697449999,1253276.439206,0.36983300000000002,0.28262499999254942,0.00029200012795627117,2.7752080000936985,1.817375,22.271961000000001,0.19687499999999999,2.6815829999999998,0.015458,27.514961,36.462205999996513,1253249.2940779999,1253249.29437
602,1793,8193,1,1253264.976,1253276.571914,1253300.9893749999,0.40949999999999998,0.27883399999700487,0.0002910001203417778,0.055124999955296516,1.8086249999999999,21.956377,0.19891700000000001,2.7057910000000001,0.015166000000000001,24.506710000000002,36.013374999864027,1253276.891873,1253276.8921640001
603,1796,8193,1,1253289.976,1253301.0771669999,1253325.5141690001,0.37712499999999999,0.29079100000672042,0,0.051041000057011843,1.842751,21.939167999999999,0.19483300000000001,2.781625,0.015167,24.482502,35.538169000064954,1253301.408792,1253301.408792
604,1799,8193,1,1253314.977,1253325.6448359999,1253349.705297,0.42029100000000003,0.28875000006519258,0,0.014582999981939793,1.806875,21.637585999999999,0.19658300000000001,2.7749169999999999,0.015167,24.150586000000001,34.728297000052407,1253325.975294,1253325.975294
605,1802,8193,1,1253339.9650000001,1253349.7974630001,1253376.610383,0.38324999999999998,0.29108399990946054,0,2.776084000011906,1.818541,21.647210999999999,0.20824999999999999,2.7425419999999998,0.016334000000000001,26.863378000000001,36.645382999908179,1253350.130255,1253350.130255
606,1805,8193,1,1253364.986,1253376.7302580001,1253404.076927,0.401333,0.27824999997392297,0.00058300001546740532,2.7273760000243783,1.7995840000000001,22.262919,0.19716700000000001,2.6862499999999998,0.0084580000000000002,27.428044,39.090926999924704,1253377.0502160001,1253377.0507990001
607,1808,8193,1,1253389.976,1253404.1708440001,1253428.472513,0.35991699999999999,0.26804100000299513,0,0.05629199999384582,1.778,21.936836,0.19600000000000001,2.8621249999999998,0.012833000000000001,24.353586,38.496512999990955,1253404.4791349999,1253404.4791349999
608,1811,8193,1,1253414.9809999999,1253428.611638,1253452.647015,0.426709,0.29954100004397333,0.00029099988751113415,0.053959000157192349,1.794041,21.622419000000001,0.19483300000000001,2.8694160000000002,0.014583,24.121418999999999,37.666015000082552,1253428.952305,1253428.9525959999
609,1814,8193,1,1253439.9790000001,1253452.7397650001,1253477.5597260001,0.35612500000000002,0.270958999870345,0.0002910001203417778,0.01079199998639524,1.7899579999999999,22.426252999999999,0.198625,2.6713749999999998,0.0096249999999999999,24.863710000000001,37.580726000014693,1253453.0518489999,1253453.05214
610,1817,8193,1,1253464.9779999999,1253477.6784339999,1253502.291895,0.424958,0.29925000015646219,0.00029199989512562752,0.055417000083252788,1.7981259999999999,22.149460999999999,0.19658300000000001,2.8583340000000002,0.013416000000000001,24.698043999999999,37.313895000144839,1253478.018809,1253478.0191009999
611,1820,8193,1,1253489.987,1253502.4351039999,1253529.4691059999,0.364292,0.27241600002162158,0.0002910001203417778,2.8352919998578727,1.8226249999999999,21.782252,0.19775000000000001,2.7337920000000002,0.015166000000000001,27.084168999999999,39.482105999952182,1253502.7492289999,1253502.7495200001
612,1823,8193,1,1253514.977,1253529.59919,1253553.1708170001,0.39520899999999998,0.26425000000745058,0.00029200012795627117,0.054832999827340245,1.810376,21.122793999999999,0.198625,2.771417,0.015167,23.655335999999998,38.193817000137642,1253529.9109809999,1253529.9112730001
613,1826,8193,1,1253539.9879999999,1253553.3356089999,1253577.939736,0.37595800000000001,0.27883299998939037,0.00029200012795627117,0.060667000012472272,1.7981259999999999,22.147418999999999,0.19600000000000001,2.7868750000000002,0.015167,24.659544,37.951736000133678,1253553.6561499999,1253553.6564420001
614,1829,8193,1,1253564.9639999999,1253578.0671939999,1253602.3011970001,0.422626,0.29545900016091764,0.00029099988751113415,0.054250000044703484,1.8322499999999999,21.734418999999999,0.198625,2.7515830000000001,0.017500000000000002,24.318878000000002,37.337197000160813,1253578.4049450001,1253578.405236
615,1832,8193,1,1253589.977,1253602.3959890001,1253629.6659500001,0.38062499999999999,0.28729099989868701,0.00029199989512562752,2.6588329998776317,1.8129999999999999,22.186211,0.19745799999999999,2.623834,0.015167,27.321586,39.688950000097975,1253602.7246970001,1253602.724989
616,1835,8193,1,1253614.9779999999,1253629.7937,1253653.8716599999,0.43312499999999998,0.30333300004713237,0.0002910001203417778,0.054833999834954739,1.8124169999999999,21.588294000000001,0.19745799999999999,2.8075830000000002,0.015166000000000001,24.163709999999998,38.893660000059754,1253630.1410749999,1253630.1413660001
617,1838,8193,1,1253639.946,1253653.9731600001,1253678.443121,0.38120799999999999,0.28495899983681738,0.00029200012795627117,0.053957999916747212,1.8141670000000001,22.000126999999999,0.19512499999999999,2.7746249999999999,0.015166000000000001,24.523918999999999,38.497120999963954,1253654.3004099999,1253654.300702
618,1841,8193,1,1253664.9790000001,1253678.573205,1253703.0653319999,0.41620800000000002,0.28729099989868701,0.00029200012795627117,0.054541999939829111,1.8007500000000001,22.030460000000001,0.19716700000000001,2.8352919999999999,0.015167,24.578168999999999,38.086331999860704,1253678.903371,1253678.9036630001
619,1844,8193,1,1253689.9790000001,1253703.1557489999,1253727.4565429999,0.39433400000000002,0.30450000008568168,0.0002910001203417778,0.055416999850422144,1.820584,21.802377,0.19629099999999999,2.7556669999999999,0.015167,24.346878,37.477542999899015,1253703.5039989999,1253703.5042900001
620,1847,8193,1,1253714.9469999999,1253727.582251,1253751.8833369999,0.41708299999999998,0.29195900005288422,0.00029199989512562752,0.051915999967604876,1.792583,21.880544,0.19658300000000001,2.8180839999999998,0.016625000000000001,24.384209999999999,36.936336999991909,1253727.915918,1253727.9162099999
621,1850,8193,1,1253739.987,1253751.9790040001,1253775.9586730001,0.391125,0.29662499995902181,0.00029200012795627117,0.055124999955296516,1.807458,21.503710999999999,0.19804099999999999,2.8315009999999998,0.014874999999999999,24.033335999999998,35.971673000138253,1253752.3164619999,1253752.316754
622,1853,8193,1,1253764.9790000001,1253776.085256,1253803.5693000001,0.41299999999999998,0.2872919999063015,0.00029099988751113415,2.7393340000417084,1.806875,22.327960999999998,0.19541600000000001,2.700542,0.01575,27.567751999999999,38.590300000039861,1253776.4145480001,1253776.414839
623,1856,8193,1,1253789.98,1253803.660592,1253828.064053,0.36895899999999998,0.28058400005102158,0.00029099988751113415,0.054542000172659755,1.801042,21.952293999999998,0.19541600000000001,2.7422499999999999,0.014874999999999999,24.450710999999998,38.084052999969572,1253803.982301,1253803.9825919999
624,1859,8193,1,1253814.9410000001,1253828.197928,1253851.6601799999,0.41416700000000001,0.28175000008195639,0.00029199989512562752,0.053375000134110451,1.8237920000000001,20.986585999999999,0.19600000000000001,2.7918340000000001,0.015166000000000001,23.552669000000002,36.719179999781772,1253828.521678,1253828.5219699999
625,1862,8193,1,1253839.983,1253851.749722,1253876.3929330001,0.38441700000000001,0.29633300006389618,0.00029199989512562752,0.051041000057011843,1.835459,22.143335,0.19950000000000001,2.7865839999999999,0.015459000000000001,24.689003,36.409933000104502,1253852.0883470001,1253852.088639
626,1865,8193,1,1253864.9790000001,1253876.524766,1253903.742811,0.43254199999999998,0.30187500012107193,0,2.5812500000465661,1.8097920000000001,22.199044000000001,0.199208,2.544791,0.015458,27.306419999999999,38.763810999924317,1253876.8689329999,1253876.8689329999
627,1868,8193,1,1253889.9790000001,1253903.838186,1253928.432396,0.40250000000000002,0.30799999996088445,0,0.055124999955296516,1.775083,22.138669,0.19716600000000001,2.9108329999999998,0.016041,24.647002000000001,38.453395999968052,1253904.187894,1253904.187894
628,1871,8193,1,1253914.9809999999,1253928.5674380001,1253952.865607,0.41270899999999999,0.28058299981057644,0,0.053958999924361706,1.8138749999999999,21.877334999999999,0.19658300000000001,2.8043749999999998,0.017500000000000002,24.390336000000001,37.884607000043616,1253928.888271,1253928.888271
629,1874,8193,1,1253939.9779999999,1253952.949024,1253976.3316510001,0.38383400000000001,0.29691700008697808,0.00029099988751113415,0.048708999995142221,1.798125,20.979293999999999,0.198042,2.8387920000000002,0.0043750000000000004,23.426960999999999,36.353651000186801,1253953.2888160001,1253953.289107
630,1877,8193,1,1253964.942,1253976.4378180001,1254001.3738619999,0.458208,0.33308299980126321,0.00058400002308189869,0.046666000038385391,1.787917,22.449584999999999,0.198042,2.7262080000000002,0.0084580000000000002,25.018294000000001,36.431861999910325,1253976.8137759999,1253976.81436
631,1880,8193,1,1253989.9809999999,1254001.4561119999,1254026.0625730001,0.39287499999999997,0.30275000003166497,0.00029199989512562752,0.050749999936670065,1.844792,22.093169,0.198625,2.7547920000000001,0.014,24.655460999999999,36.081573000177741,1254001.7996950001,1254001.7999869999
632,1883,8193,1,1254014.9879999999,1254026.1865310001,1254049.8051169999,0.42991600000000002,0.30508399987593293,0.00029199989512562752,0.053667000029236078,1.8004579999999999,21.147877000000001,0.19687499999999999,2.816916,0.015167,23.702002,34.817116999998689,1254026.5330310001,1254026.533323
633,1886,8193,1,1254039.9790000001,1254049.909825,1254077.5656610001,0.38558300000000001,0.28554200008511543,0,2.8676670000422746,1.8153330000000001,22.413419000000001,0.1925,2.7265000000000001,0.023334000000000001,27.715043999999999,37.586661000037566,1254050.2364920001,1254050.2364920001
634,1889,8193,1,1254064.9809999999,1254077.684078,1254099.747497,0.39754200000000001,0.27358300006017089,0.00029199989512562752,0.05016600014641881,1.7832509999999999,19.681377000000001,0.19600000000000001,2.905875,0.0090419999999999997,22.146836,34.76649700012058,1254077.9982030001,1254077.9984949999
635,1892,8193,1,1254089.939,1254099.834705,1254124.305249,0.37129099999999998,0.28437500004656613,0,0.054541999939829111,1.8001670000000001,22.061086,0.19570799999999999,2.835,0.017791999999999999,24.516044000000001,34.366248999955133,1254100.160497,1254100.160497
636,1895,8193,1,1254114.9809999999,1254124.4364990001,1254148.557918,0.44274999999999998,0.31879199994727969,0.00029199989512562752,0.054250000044703484,1.8194170000000001,21.662669000000001,0.19162499999999999,2.7991259999999998,0.018083999999999999,24.204252,33.576918000122532,1254124.796416,1254124.7967079999
637,1898,8193,1,1254139.987,1254148.6495020001,1254171.7990870001,0.40045900000000001,0.31383299990557134,0.00029099988751113415,0.053084000013768673,1.8042499999999999,20.706002000000002,0.19775000000000001,2.8387920000000002,0.021583000000000001,23.195377000000001,31.812087000114843,1254149.0041690001,1254149.00446
638,1900,8193,1,1254156.6470000001,1254171.8924209999,1254196.3116319999,0.38004199999999999,0.29516700003296137,0.00029199989512562752,0.051625000080093741,1.803666,21.950835999999999,0.19833300000000001,2.83325,0.015459000000000001,24.463253000000002,39.664631999796256,1254172.2284210001,1254172.228713
639,1903,8193,1,1254181.6459999999,1254196.485757,1254220.8343839999,0.44858300000000001,0.3193749999627471,0.00058300001546740532,0.05629199999384582,1.824667,21.830669,0.19658300000000001,2.7932920000000001,0.014874999999999999,24.434085,39.188383999979123,1254196.8485900001,1254196.8491730001
640,1906,8193,1,1254206.648,1254220.922176,1254245.4344279999,0.38558399999999998,0.29750000010244548,0.0002910001203417778,0.054833999834954739,1.8141670000000001,22.034253,0.19279099999999999,2.7693759999999998,0.015166000000000001,24.558336000000001,38.786427999846637,1254221.261676,1254221.2619670001
641,1909,8193,1,1254231.6340000001,1254245.56247,1254270.393806,0.42175000000000001,0.2954579999204725,0,0.060667000012472272,1.8092090000000001,22.344584999999999,0.19629199999999999,2.6290840000000002,0.01925,24.916211000000001,38.759805999929085,1254245.899345,1254245.899345
642,1912,8193,1,1254256.648,1254270.4871390001,1254295.221933,0.41825000000000001,0.32287499983794987,0.00029199989512562752,0.054540999932214618,1.785876,22.249502,0.19833300000000001,2.8105000000000002,0.018374999999999999,24.787877999999999,38.573932999977842,1254270.8520140001,1254270.852306
643,1915,8193,1,1254281.6459999999,1254295.3511419999,1254319.9847269999,0.42641699999999999,0.29925000015646219,0.00029099988751113415,0.053667000029236078,1.820292,22.136918999999999,0.202125,2.7224170000000001,0.01575,24.718751999999999,38.338726999936625,1254295.692392,1254295.6926829999
644,1918,8193,1,1254306.6459999999,1254320.072811,1254344.394021,0.38908300000000001,0.30099999997764826,0.00029199989512562752,0.05512500018812716,1.803083,21.844669,0.19658300000000001,2.632584,0.015166000000000001,24.367584999999998,37.748021000064909,1254320.415519,1254320.4158109999
645,1921,8193,1,1254331.6070000001,1254344.525563,1254368.7817319999,0.43429200000000001,0.30799999996088445,0,0.051625000080093741,1.826125,21.751626999999999,0.20183300000000001,2.791833,0.015459000000000001,24.341045000000001,37.174731999868527,1254344.874688,1254344.874688
646,1924,8193,1,1254356.6459999999,1254368.8835239999,1254395.14111,0.39550000000000002,0.30187500012107193,0.00029200012795627117,2.6728339998517185,1.830209,21.126584999999999,0.19687499999999999,2.6389999999999998,0.017500000000000002,26.308627999999999,38.49511000001803,1254369.227982,1254369.2282740001
647,1927,8193,1,1254381.6459999999,1254395.273818,1254419.683987,0.41941699999999998,0.28933400008827448,0.00029200012795627117,0.055707999970763922,1.8092079999999999,21.940335999999999,0.19775000000000001,2.8029169999999999,0.014874999999999999,24.499419,38.0379870000761,1254395.6039849999,1254395.6042770001
648,1930,8193,1,1254406.648,1254419.7752789999,1254444.330115,0.38354199999999999,0.29166700015775859,0.00029199989512562752,0.056000000098720193,1.7858750000000001,22.094919000000001,0.199208,2.7705419999999998,0.015458,24.602378000000002,37.682114999974146,1254420.1112790001,1254420.111571
649,1933,8193,1,1254431.648,1254444.457282,1254468.3897009999,0.45441700000000002,0.32870800001546741,0.00029200012795627117,0.050749999936670065,1.841,21.398419000000001,0.19658300000000001,2.7766670000000002,0.015167,24.016127999999998,36.741700999904424,1254444.8279899999,1254444.828282
650,1936,8193,1,1254456.6270000001,1254468.4859509999,1254493.2213280001,0.39024999999999999,0.29370800009928644,0.00029099988751113415,0.053374999901279807,1.8080419999999999,22.259709999999998,0.19600000000000001,2.8309169999999999,0.020708000000000001,24.790502,36.594327999977395,1254468.8210760001,1254468.821367
651,1939,8193,1,1254481.6429999999,1254493.3464530001,1254517.987039,0.42116700000000001,0.2954579999204725,0.00029099988751113415,0.053959000157192349,1.803375,22.167835,0.19833300000000001,2.7119170000000001,0.015458,24.724878,36.344039000105113,1254493.68362,1254493.6839109999
652,1942,8193,1,1254506.6470000001,1254518.0771639999,1254541.7047910001,0.41416599999999998,0.32637500017881393,0.00058400002308189869,0.05308300000615418,1.8331249999999999,21.099751999999999,0.19658300000000001,2.8131249999999999,0.014874999999999999,23.67371,35.05779099999927,1254518.4452470001,1254518.4458310001
653,1945,8193,1,1254531.6059999999,1254541.831666,1254566.243002,0.42612499999999998,0.30129200010560453,0.00058300001546740532,0.054250000044703484,1.8275840000000001,21.914960000000001,0.19658300000000001,2.778708,0.016042000000000001,24.495044,34.637002000119537,1254542.174083,1254542.1746660001
654,1948,8193,1,1254556.6470000001,1254566.3319600001,1254590.8485880001,0.39637499999999998,0.30683399992994964,0.00029199989512562752,0.047833000076934695,1.777709,22.054376999999999,0.19950000000000001,2.8046669999999998,0.017500000000000002,24.562418999999998,34.201587999938056,1254566.6822520001,1254566.682544
655,1951,8193,1,1254581.6159999999,1254590.981005,1254615.6317990001,0.438083,0.30654100002720952,0.00029199989512562752,0.052499999990686774,1.8185420000000001,22.161711,0.19600000000000001,2.8315000000000001,0.015459000000000001,24.740919000000002,34.015799000160769,1254591.3289630001,1254591.329255
656,1954,8193,1,1254606.6510000001,1254615.7277569999,1254640.7227179999,0.359041,0.27212500013411045,0.00029199989512562752,0.012250000145286322,1.7934589999999999,22.589293999999999,0.19950000000000001,2.6970420000000002,0.015166000000000001,25.039877000000001,34.071717999875546,1254616.04159,1254616.0418819999
657,1957,8193,1,1254631.659,1254640.849593,1254665.553179,0.46899999999999997,0.34329200000502169,0.00029199989512562752,0.051625000080093741,1.839542,22.153835999999998,0.19716600000000001,2.7976670000000001,0.01575,24.787586000000001,33.894179000053555,1254641.234593,1254641.2348849999
658,1960,8193,1,1254656.648,1254665.6470949999,1254693.057057,0.38033400000000001,0.28991700010374188,0.00029199989512562752,2.7889169999398291,1.8127089999999999,22.197876999999998,0.19629199999999999,2.6912090000000002,0.01575,27.459837,36.409056999953464,1254665.9778450001,1254665.978137
659,1963,8193,1,1254681.6470000001,1254693.1830569999,1254717.2038509999,0.40250000000000002,0.27854100009426475,0.00029200012795627117,0.055124999955296516,1.7771250000000001,21.594128000000001,0.19600000000000001,2.8638759999999999,0.015167,24.103335999999999,35.556850999826565,1254693.5030149999,1254693.503307
660,1966,8193,1,1254706.649,1254717.2983510001,1254741.9360199999,0.363709,0.27154099987819791,0.00029099988751113415,0.054834000067785382,1.7864580000000001,22.211586,0.19483300000000001,2.8069999999999999,0.015167,24.689003,35.287019999930635,1254717.610726,1254717.6110169999
661,1969,8193,1,1254731.648,1254742.063478,1254766.160689,0.41125,0.28583299997262657,0.00029199989512562752,0.053957999916747212,1.7984169999999999,21.685127000000001,0.200375,2.7623760000000002,0.017208000000000001,24.181211000000001,34.512688999995589,1254742.3907280001,1254742.39102
662,1972,8193,1,1254756.648,1254766.2945640001,1254789.715691,0.38908300000000001,0.29633299983106554,0.00029199989512562752,0.054541999939829111,1.7952079999999999,21.006126999999999,0.19541700000000001,2.5643340000000001,0.0084589999999999995,23.470127000000002,33.067690999945626,1254766.6346470001,1254766.634939
663,1975,8193,1,1254781.6229999999,1254789.8524829999,1254814.3869020001,0.45587499999999997,0.32433299999684095,0.0002910001203417778,0.055124999955296516,1.826125,22.067793999999999,0.19687499999999999,2.737584,0.0087500000000000008,24.622502000000001,32.763902000151575,1254790.220275,1254790.2205660001
664,1978,8193,1,1254806.648,1254814.514652,1254839.091363,0.37275000000000003,0.28349999990314245,0.00029199989512562752,0.054833000060170889,1.8363339999999999,22.132543999999999,0.19425000000000001,2.748084,0.013417,24.625128,32.443362999940291,1254814.838985,1254814.8392769999
665,1981,8193,1,1254831.648,1254839.222905,1254864.139407,0.419709,0.29283299995586276,0.00029099988751113415,0.011084000114351511,1.7966660000000001,22.550794,0.198042,2.7355420000000001,0.010208,25.001961000000001,32.491406999994069,1254839.557155,1254839.5574459999
666,1984,8193,1,1254856.6240000001,1254864.307699,1254888.5615340001,0.38850000000000001,0.29779099998995662,0.00029099988751113415,0.055709000211209059,1.8095000000000001,21.78021,0.19658300000000001,2.8536670000000002,0.0096249999999999999,24.302835000000002,31.937534000026062,1254864.647199,1254864.6474899999
667,1986,8193,1,1254873.281,1254888.648451,1254912.865245,0.40512500000000001,0.30858399998396635,0.00029199989512562752,0.055707999970763922,1.828166,21.742001999999999,0.19833400000000001,2.6859579999999998,0.021874999999999999,24.269877000000001,39.584245000034571,1254889.000493,1254889.0007849999
668,1989,8193,1,1254898.3160000001,1254913.03587,1254937.586039,0.41999999999999998,0.2884589999448508,0.00029199989512562752,0.053667000029236078,1.81125,22.128751999999999,0.19425000000000001,2.7235839999999998,0.0090410000000000004,24.637668999999999,39.27003899984993,1254913.36837,1254913.3686619999
669,1992,8193,1,1254923.3149999999,1254937.6872479999,1254964.1037920001,0.394042,0.30099999997764826,0.00029200012795627117,2.6941249999217689,1.8039590000000001,21.352919,0.19716700000000001,2.6145010000000002,0.0078750000000000001,26.466128000000001,40.788792000152171,1254938.031706,1254938.0319980001
670,1996,8193,1,1254956.615,1254964.2580840001,1254987.311128,0.43079200000000001,0.26454099989496171,0.00029200012795627117,0.048999999882653356,1.7844169999999999,20.644169000000002,0.19483300000000001,2.8306249999999999,0.0087500000000000008,23.178753,30.696128000039607,1254964.563167,1254964.5634590001
671,1999,8193,1,1254981.649,1254989.032253,1255013.578922,2.0317500000000002,0.30129200010560453,0,0.055417000083252788,1.8243750000000001,22.048544,0.198042,2.690042,0.014291999999999999,26.234544,31.929922000039369,1254989.376128,1254989.376128
672,2001,8193,1,1254998.3160000001,1255013.6640890001,1255037.9476749999,0.377417,0.28874999983236194,0.00029099988751113415,0.055417000083252788,1.8074589999999999,21.848168000000001,0.198042,2.7337920000000002,0.027417,24.328503000000001,39.631674999836832,1255013.9965890001,1255013.99688
673,2004,8193,1,1255023.3160000001,1255038.1197579999,1255062.275594,0.41562500000000002,0.28612500010058284,0.00029200012795627117,0.054540999932214618,1.840417,21.706419,0.19658300000000001,2.7789999999999999,0.0087500000000000008,24.244211,38.959593999898061,1255038.447008,1255038.4473000001
674,2007,8193,1,1255048.2919999999,1255062.3770940001,1255087.071638,0.38937500000000003,0.29574999981559813,0.00029199989512562752,0.011083000106737018,1.785876,22.283042999999999,0.19600000000000001,2.6150829999999998,0.010208999999999999,24.745585999999999,38.779638000065461,1255062.7154270001,1255062.715719
675,2010,8193,1,1255073.317,1255087.194138,1255111.794182,0.43108299999999999,0.29924999992363155,0.00029199989512562752,0.055416000075638294,1.8290420000000001,22.102211,0.19512499999999999,2.781917,0.014,24.689294,38.47718199994415,1255087.5359710001,1255087.536263
676,2013,8193,1,1255098.317,1255111.880807,1255136.4802679999,0.37770799999999999,0.28904199996031821,0.00029199989512562752,0.054250000044703484,1.8165,22.122043999999999,0.19687499999999999,2.6509589999999998,0.01575,24.645544000000001,38.163267999887466,1255112.2124320001,1255112.212724
677,2016,8193,1,1255123.284,1255136.6144340001,1255161.18677,0.421458,0.2872919999063015,0.00029199989512562752,0.056291000219061971,1.8103750000000001,22.102211,0.19658300000000001,2.6465839999999998,0.01575,24.665376999999999,37.902770000044256,1255136.942851,1255136.9431429999
678,2019,8193,1,1255148.284,1255161.274854,1255184.9208559999,0.37858399999999998,0.29195800004526973,0.0002910001203417778,0.055417000083252788,1.8296250000000001,21.157211,0.19775000000000001,2.772583,0.016042000000000001,23.691210999999999,36.636855999939144,1255161.6082289999,1255161.60852
679,2022,8193,1,1255173.317,1255185.0544390001,1255209.6819,0.40891699999999997,0.27766699995845556,0.0002910001203417778,0.010499999858438969,1.8401259999999999,22.211584999999999,0.199791,2.723875,0.016625000000000001,24.717586000000001,36.364899999927729,1255185.3735229999,1255185.373814
680,2025,8193,1,1255198.318,1255209.773483,1255233.8870280001,0.38850000000000001,0.29575000004842877,0.00029200012795627117,0.054832999827340245,1.7905420000000001,21.653918000000001,0.19658400000000001,2.9152079999999998,0.01575,24.163128,35.569028000114486,1255210.1124,1255210.1126920001
681,2028,8193,1,1255223.317,1255234.0197360001,1255258.57953,0.41475000000000001,0.28554199985228479,0,0.055707999970763922,1.7946249999999999,22.140127,0.19658400000000001,2.8268330000000002,0.017500000000000002,24.647586,35.262529999949038,1255234.346986,1255234.346986
682,2031,8193,1,1255248.317,1255258.6681969999,1255283.079532,0.37216700000000003,0.28320800000801682,0.00029199989512562752,0.051041000057011843,1.836042,21.928961000000001,0.19687499999999999,2.8023340000000001,0.01575,24.458293999999999,34.762531999964267,1255258.9934050001,1255258.993697
683,2034,8193,1,1255273.317,1255283.222449,1255306.825868,0.42145899999999997,0.28320900001563132,0.00029199989512562752,0.049875000026077032,1.786459,21.201252,0.19833400000000001,2.6929590000000001,0.026540999999999999,23.699960999999998,33.508868000004441,1255283.547366,1255283.5476579999
684,2037,8193,1,1255298.2830000001,1255306.923868,1255331.306329,0.42670799999999998,0.33950000000186265,0.00058300001546740532,0.049584000138565898,1.801334,21.905626999999999,0.19745799999999999,2.909376,0.016625000000000001,24.428252000000001,33.023328999988735,1255307.3047849999,1255307.3053679999
685,2040,8193,1,1255323.321,1255331.433496,1255356.114331,0.41125,0.28583299997262657,0.00029199989512562752,0.054833000060170889,1.834875,22.190877,0.19804099999999999,2.808459,0.015458,24.766002,32.79333100002259,1255331.7595790001,1255331.759871
686,2043,8193,1,1255348.317,1255356.2050399999,1255380.620751,0.36312499999999998,0.27300000004470348,0.00029199989512562752,0.054250000044703484,1.793458,21.975919000000001,0.19775000000000001,2.7938749999999999,0.018959,24.465585999999998,32.303750999970362,1255356.51829,1255356.5185819999
687,2046,8193,1,1255373.317,1255380.7487920001,1255407.9548780001,0.406584,0.28145899996161461,0.00029099988751113415,2.6865420001558959,1.7902499999999999,22.158211000000001,0.19716600000000001,2.647751,0.019542,27.290085999999999,34.637878000037745,1255381.0713760001,1255381.071667
688,2049,8193,1,1255398.317,1255408.049962,1255432.414047,0.37333300000000003,0.27854100009426475,0,0.051625000080093741,1.8272919999999999,21.893084999999999,0.198042,2.8180830000000001,0.016041,24.417752,34.097046999959275,1255408.36992,1255408.36992
689,2052,8193,1,1255423.3030000001,1255432.5476309999,1255459.312134,0.39083400000000001,0.26629199995659292,0.00029099988751113415,2.7206669999286532,1.8045420000000001,21.648377,0.19804099999999999,2.6804160000000001,0.01575,26.847919999999998,36.00913399993442,1255432.8550480001,1255432.855339
690,2055,8193,1,1255448.2879999999,1255459.4007999999,1255484.317886,0.36225000000000002,0.27533400012180209,0.00029099988751113415,0.013999999966472387,1.768375,22.576169,0.19745799999999999,2.709584,0.028000000000000001,24.962876999999999,36.02988600009121,1255459.7172590001,1255459.7175499999
691,2058,8193,1,1255473.318,1255484.4529279999,1255508.876805,0.43049999999999999,0.30129100009799004,0.00029199989512562752,0.051041000057011843,1.820584,21.966877,0.19687499999999999,2.8061250000000002,0.016333,24.511669000000001,35.558805000036955,1255484.7956360001,1255484.795928
692,2061,8193,1,1255498.317,1255508.9619720001,1255536.152891,0.370417,0.28641699999570847,0.00029200012795627117,2.6646659998223186,1.8118339999999999,22.141877000000001,0.198625,2.6217920000000001,0.016041,27.234086000000001,37.835890999995172,1255509.2892219999,1255509.2895140001
693,2064,8193,1,1255523.318,1255536.2809329999,1255559.669394,0.41591600000000001,0.28933300008065999,0.00029199989512562752,0.054833000060170889,1.8147500000000001,20.913668999999999,0.19425000000000001,2.7428340000000002,0.01575,23.472752,36.351393999997526,1255536.612558,1255536.6128499999
694,2067,8193,1,1255548.318,1255559.7554349999,1255584.0588539999,0.375083,0.28933400008827448,0.00029199989512562752,0.051915999967604876,1.7984169999999999,21.839711000000001,0.19687499999999999,2.775792,0.019833,24.347460000000002,35.740853999974206,1255560.086477,1255560.0867689999
695,2070,8193,1,1255573.3189999999,1255584.2341459999,1255608.3946479999,0.42029100000000003,0.29604200017638505,0,0.054833000060170889,1.791709,21.697960999999999,0.19745799999999999,2.833542,0.018374999999999999,24.243919000000002,35.075647999998182,1255584.5710209999,1255584.5710209999
696,2073,8193,1,1255598.317,1255608.4827320001,1255633.2458180001,0.38762600000000003,0.30099999997764826,0.0002910001203417778,0.051624999847263098,1.829334,22.262043999999999,0.19600000000000001,2.7480829999999998,0.016042000000000001,24.808002999999999,34.928818000014871,1255608.8251489999,1255608.82544
697,2076,8193,1,1255623.327,1255633.373568,1255657.977987,0.41766700000000001,0.29254100006073713,0.0002910001203417778,0.055708999978378415,1.8182510000000001,22.130793000000001,0.189,2.767334,0.014874999999999999,24.688711000000001,34.650986999971792,1255633.706943,1255633.7072340001
698,2079,8193,1,1255648.318,1255658.071028,1255682.6200310001,0.37683299999999997,0.28379200003109872,0.00029199989512562752,0.051917000208050013,1.8007500000000001,22.138669,0.19687499999999999,2.8860420000000002,0.018082999999999998,24.600919000000001,34.30203100014478,1255658.395945,1255658.3962369999
699,2082,8193,1,1255673.3189999999,1255682.7477810001,1255707.4767420001,0.41008299999999998,0.28320800000801682,0.00029199989512562752,0.01195800001733005,1.800751,22.320668000000001,0.200375,2.8609589999999998,0.0093340000000000003,24.815294000000002,34.157742000184953,1255683.0715310001,1255683.071823
700,2085,8193,1,1255698.318,1255707.5613249999,1255732.2914529999,0.38441599999999998,0.29166700015775859,0.00029200012795627117,0.055124999955296516,1.7992919999999999,22.275753000000002,0.19483400000000001,2.8300420000000002,0.014,24.781461,33.973452999955043,1255707.8944079999,1255707.8947000001
701,2088,8193,1,1255723.3200000001,1255732.4192029999,1255757.04608,0.39812500000000001,0.27679100004024804,0,0.0075840000063180923,1.7989999999999999,22.225002,0.19775000000000001,2.8767079999999998,0.015167,24.708252000000002,33.726079999934882,1255732.736244,1255732.736244
702,2091,8193,1,1255748.294,1255757.1394130001,1255780.9854989999,0.38150000000000001,0.28933399985544384,0.00029200012795627117,0.055124999955296516,1.7969580000000001,21.431668999999999,0.19716600000000001,2.7871670000000002,0.021291000000000001,23.896543999999999,32.691498999949545,1255757.4704549999,1255757.4707470001
703,2094,8193,1,1255773.328,1255781.161666,1255804.5816269999,0.40075,0.27504199999384582,0.00058299978263676167,0.055417000083252788,1.802208,20.972294000000002,0.19600000000000001,2.8959589999999999,0.01575,23.505419,31.253626999910921,1255781.4769580001,1255781.4775409999
704,2095,8193,1,1255781.6529999999,1255804.6329600001,1255829.1166290001,0.36779200000000001,0.31354200001806021,0.0002910001203417778,0.05424999981187284,1.8042499999999999,22.027836000000001,0.19687499999999999,2.9747089999999998,0.016625000000000001,24.493293999999999,47.463629000121728,1255804.991127,1255804.9914180001
705,2099,8193,1,1255814.953,1255829.240004,1255856.5195899999,0.40454099999999998,0.28145799995400012,0.00029200012795627117,2.7358339999336749,1.797833,22.142461000000001,0.19687499999999999,2.6973340000000001,0.01575,27.361543999999999,41.566589999943972,1255829.562587,1255829.5628790001
706,2103,8193,1,1255848.298,1255856.651423,1255880.988384,0.40804200000000002,0.28408399992622435,0.0002910001203417778,0.055999999865889549,1.7847090000000001,21.896001999999999,0.19716700000000001,2.9239579999999998,0.016041,24.419794,32.690384000074118,1255856.9766319999,1255856.9769230001
707,2106,8193,1,1255873.3219999999,1255881.0828839999,1255903.0109699999,0.35320800000000002,0.26220900006592274,0.00029200012795627117,0.054541999939829111,1.781792,19.513960000000001,0.19570899999999999,3.0368339999999998,0.016917000000000001,21.978543999999999,29.688970000017434,1255881.3856339999,1255881.3859260001
708,2108,8193,1,1255889.987,1255903.1040109999,1255927.684806,0.39345799999999997,0.29983400017954409,0,0.056000000098720193,1.8176669999999999,22.089960999999999,0.19629199999999999,2.7822089999999999,0.016625000000000001,24.631836,37.697806000011042,1255903.4467199999,1255903.4467199999
709,2111,8193,1,1255914.987,1255927.809931,1255951.764225,0.41854200000000003,0.29399999999441206,0.00029199989512562752,0.054541000165045261,1.7998749999999999,21.488253,0.19600000000000001,3.0280830000000001,0.016625000000000001,24.037127999999999,36.777225000085309,1255928.145639,1255928.1459309999
710,2114,8193,1,1255939.9850000001,1255951.851725,1255976.3773940001,0.38733400000000001,0.30129100009799004,0.0002910001203417778,0.053958999924361706,1.8305,22.030169000000001,0.19395799999999999,2.790959,0.016333,24.570878,36.392393999965861,1255952.1938499999,1255952.194141
711,2117,8193,1,1255964.986,1255976.510977,1255999.957771,0.43079200000000001,0.30537499999627471,0.0002910001203417778,0.051624999847263098,1.793458,20.970544,0.19745799999999999,2.9502079999999999,0.016041,23.529627000000001,34.971770999953151,1255976.8589359999,1255976.859227
712,2120,8193,1,1255989.987,1256000.045563,1256024.6628149999,0.37829200000000002,0.29254200006835163,0.00029099988751113415,0.054250000044703484,1.7911250000000001,22.161418999999999,0.19600000000000001,2.9604170000000001,0.016333,24.661877,34.675814999965951,1256000.3792300001,1256000.379521
713,2123,8193,1,1256014.986,1256024.7926070001,1256049.2313590001,0.41854200000000003,0.28845799993723631,0.00029200012795627117,0.051624999847263098,1.7981259999999999,21.985251999999999,0.197459,2.913459,0.016916,24.527418999999998,34.245359000051394,1256025.1224819999,1256025.122774
714,2126,8193,1,1256039.987,1256049.3185680001,1256076.231529,0.35495900000000002,0.26862499979324639,0.0002910001203417778,2.8434589998796582,1.812125,21.709336,0.19600000000000001,2.8014579999999998,0.026249999999999999,26.958169999999999,36.244529000017792,1256049.6283179999,1256049.628609
715,2129,8193,1,1256064.986,1256076.3569459999,1256100.9558230001,0.417958,0.29195800004526973,0.00029199989512562752,0.049875000026077032,1.773625,22.225877000000001,0.19687499999999999,2.9706250000000001,0.0040829999999999998,24.682293999999999,35.969823000021279,1256076.6914870001,1256076.691779
716,2132,8193,1,1256089.986,1256101.025531,1256125.2204499999,0.39929100000000001,0.31470900005660951,0,0.051333999959751964,1.8004579999999999,21.714877000000001,0.19716700000000001,2.8317920000000001,0.0087500000000000008,24.238085000000002,35.234449999872595,1256101.3816559999,1256101.3816559999
717,2135,8193,1,1256114.986,1256125.339159,1256149.79162,0.417375,0.29020799999125302,0.00029200012795627117,0.054832999827340245,1.8022089999999999,21.993418999999999,0.19541700000000001,2.8498749999999999,0.012833000000000001,24.538502999999999,34.80561999999918,1256125.6704919999,1256125.6707840001
718,2138,8193,1,1256139.9879999999,1256149.884661,1256174.342372,0.38354100000000002,0.2884589999448508,0.00029200012795627117,0.055416999850422144,1.817666,21.981753000000001,0.19570899999999999,2.7860010000000002,0.015458,24.510501999999999,34.354372000088915,1256150.215411,1256150.2157030001
719,2141,8193,1,1256164.9950000001,1256174.474497,1256198.5789989999,0.42116700000000001,0.28845799993723631,0.00029200012795627117,0.054833000060170889,1.8328340000000001,21.658877,0.19891700000000001,2.7740420000000001,0.015167,24.196376999999998,33.58399899979122,1256174.8040799999,1256174.804372
720,2144,8193,1,1256189.986,1256198.663583,1256223.034669,0.39433400000000002,0.30508300010114908,0.0002910001203417778,0.025958999991416931,1.801625,21.926919000000002,0.19541600000000001,2.7912509999999999,0.0093340000000000003,24.41892,33.048668999923393,1256199.0100829999,1256199.0103740001
721,2147,8193,1,1256214.986,1256223.1580439999,1256247.772963,0.44158399999999998,0.30799999996088445,0.00029099988751113415,0.05220900010317564,1.7922910000000001,22.144501999999999,0.19716700000000001,2.9650840000000001,0.015167,24.706503000000001,32.78696299996227,1256223.508044,1256223.5083349999
722,2150,8193,1,1256239.9750000001,1256247.9042130001,1256272.4409650001,0.37129099999999998,0.28379100002348423,0.00029199989512562752,0.053667000029236078,1.797833,22.123502999999999,0.19454199999999999,2.7912499999999998,0.016042000000000001,24.581961,32.465964999981225,1256248.230004,1256248.2302959999
723,2153,8193,1,1256264.987,1256272.5692990001,1256299.813301,0.40133400000000002,0.27329099993221462,0.00029099988751113415,2.6815839998889714,1.8124169999999999,22.159376999999999,0.19337499999999999,2.6419169999999998,0.01575,27.331211,34.826301000081003,1256272.8834240001,1256272.883715
724,2156,8193,1,1256289.987,1256299.9086760001,1256324.4547619999,0.36691699999999999,0.27416699985042214,0.00029099988751113415,0.051333999959751964,1.8165009999999999,22.085877,0.19687499999999999,2.7483759999999999,0.016625000000000001,24.597418999999999,34.467761999927461,1256300.22426,1256300.2245509999
725,2159,8193,1,1256314.987,1256324.5825120001,1256349.20939,0.41416599999999998,0.28904199996031821,0.00029200012795627117,0.053957999916747212,1.8226260000000001,22.144794000000001,0.19775000000000001,2.7778339999999999,0.016917000000000001,24.710585999999999,34.222390000009909,1256324.9129699999,1256324.9132620001
726,2162,8193,1,1256339.9890000001,1256349.303015,1256375.995476,0.37245899999999998,0.28087499993853271,0,2.7218329999595881,1.81125,21.555627999999999,0.19687499999999999,2.6891669999999999,0.015459000000000001,26.742920000000002,36.006475999951363,1256349.6250150001,1256349.6250150001
727,2165,8193,1,1256364.987,1256376.1252669999,1256402.976395,0.41766599999999998,0.28962499997578561,0.00029200012795627117,2.8244999998714775,1.789666,21.630002999999999,0.198042,2.7854169999999998,0.016917000000000001,26.938044000000001,37.989395000040531,1256376.4560169999,1256376.456309
728,2168,8193,1,1256389.95,1256403.075562,1256427.5956890001,0.38937500000000003,0.2948749999050051,0,0.0099169998429715633,1.7989999999999999,22.140419000000001,0.19541700000000001,2.7562509999999998,0.023625,24.573211000000001,37.645689000142738,1256403.4118530001,1256403.4118530001
729,2171,8193,1,1256414.9890000001,1256427.773022,1256452.3509,0.40804200000000002,0.28175100008957088,0.00029199989512562752,0.053666000021621585,1.8243750000000001,22.157336000000001,0.19687499999999999,2.784834,0.004666,24.662461,37.361899999901652,1256428.0964810001,1256428.096773
730,2174,8193,1,1256439.9879999999,1256452.461442,1256477.4120690001,0.41037499999999999,0.31616599997505546,0.00058300001546740532,0.01079199998639524,1.793167,22.511710000000001,0.199208,2.7909579999999998,0.0090410000000000004,25.002835000000001,37.424069000175223,1256452.819317,1256452.8199
731,2177,8193,1,1256464.9580000001,1256477.533111,1256502.2900719999,0.44595899999999999,0.31558299995958805,0.00029200012795627117,0.055415999842807651,1.806292,22.270502,0.193083,2.8402500000000002,0.014291999999999999,24.845044999999999,37.332071999786422,1256477.890986,1256477.8912780001
732,2180,8193,1,1256489.9839999999,1256502.386613,1256527.0289489999,0.37654199999999999,0.28233400010503829,0.00029199989512562752,0.0099160000681877136,1.8045420000000001,22.272836000000002,0.19687499999999999,2.8845839999999998,0.01925,24.694544,37.044949000002816,1256502.7106550001,1256502.710947
733,2183,8193,1,1256514.987,1256527.160199,1256551.6607850001,0.41445900000000002,0.2872919999063015,0.00029200012795627117,0.054832999827340245,1.802208,22.087043999999999,0.19716700000000001,2.8046660000000001,0.0087500000000000008,24.586628000000001,36.673785000108182,1256527.4886159999,1256527.4889080001
734,2186,8193,1,1256539.9890000001,1256551.7579099999,1256579.041579,0.38004199999999999,0.2928330001886934,0,2.8662090001162142,1.81125,22.035710999999999,0.19687499999999999,2.732917,0.0093329999999999993,27.328294,39.05257899989374,1256552.0936179999,1256552.0936179999
735,2189,8193,1,1256564.9890000001,1256579.165246,1256605.9064150001,0.401333,0.27679200004786253,0.00029199989512562752,2.76120899990201,1.8042499999999999,21.634668999999999,0.19629099999999999,2.718626,0.010500000000000001,26.823419000000001,40.917415000032634,1256579.4843290001,1256579.484621
736,2193,8193,1,1256598.284,1256606.0239570001,1256630.3690849999,0.38120900000000002,0.25287499977275729,0.00029200012795627117,0.013124999823048711,1.78325,22.026668999999998,0.19600000000000001,2.8918759999999999,0.016334000000000001,24.432919999999999,32.085084999911487,1256606.317665,1256606.3179570001
737,2194,8193,1,1256606.656,1256630.42946,1256654.6952539999,0.32695800000000003,0.27504099998623133,0.00029200012795627117,0.053957999916747212,1.7873330000000001,21.872961,0.19775000000000001,2.8653339999999998,0.019834000000000001,24.274252000000001,48.039253999944776,1256630.7476679999,1256630.7479600001
738,2198,8193,1,1256639.987,1256654.8247539999,1256679.477006,0.44070900000000002,0.31704100011847913,0.00029099988751113415,0.054542000172659755,1.814459,22.193210000000001,0.19775000000000001,2.7889170000000001,0.019833,24.735961,39.490006000036374,1256655.181754,1256655.1820449999
739,2201,8193,1,1256664.997,1256679.5694639999,1256704.127509,0.41125,0.32200000016018748,0.00029099988751113415,0.054250000044703484,1.7978339999999999,22.109503,0.199209,2.8982920000000001,0.018374999999999999,24.604711000000002,39.130509000038728,1256679.934048,1256679.9343389999
740,2204,8193,1,1256689.9879999999,1256704.258467,1256728.939303,0.44420900000000002,0.31966700009070337,0.0002910001203417778,0.054833999834954739,1.802792,22.235211,0.19541600000000001,2.7553749999999999,0.015458,24.763377999999999,38.951303000096232,1256704.620134,1256704.6204250001
741,2207,8193,1,1256714.9909999999,1256729.033511,1256753.7044299999,0.358458,0.27270799991674721,0.00029099988751113415,0.013125000055879354,1.798125,22.271377000000001,0.19600000000000001,2.7813340000000002,0.016041,24.716127,38.713430000003427,1256729.347053,1256729.3473439999
742,2210,8193,1,1256739.9979999999,1256753.835097,1256777.5289330001,0.41825000000000001,0.28991700010374188,0.00029099988751113415,0.051917000208050013,1.8042499999999999,21.229251999999999,0.19833300000000001,2.7186249999999998,0.015459000000000001,23.780460999999999,37.530933000147343,1256754.167014,1256754.1673049999
743,2213,8193,1,1256764.9890000001,1256777.6205160001,1256802.05956,0.41358400000000001,0.32404199987649918,0.00029200012795627117,0.053374999901279807,1.7984169999999999,21.985835000000002,0.198042,2.9645000000000001,0.022457999999999999,24.486585999999999,37.070559999905527,1256777.986849,1256777.9871410001
744,2216,8193,1,1256789.9779999999,1256802.18031,1256826.234063,0.451208,0.32345800008624792,0.00029199989512562752,0.049291000002995133,1.8129999999999999,21.557086000000002,0.19570799999999999,2.9382510000000002,0.0090419999999999997,24.138335999999999,36.256063000066206,1256802.546935,1256802.5472269999
745,2219,8193,1,1256814.99,1256826.314854,1256850.8536479999,0.40949999999999998,0.32025000010617077,0.0002910001203417778,0.054250000044703484,1.804834,22.04271,0.19629199999999999,2.8140000000000001,0.014584,24.584294,35.86364799994044,1256826.6785629999,1256826.6788540001
746,2222,8193,1,1256839.9890000001,1256850.976732,1256875.6496919999,0.41358299999999998,0.29049999988637865,0.00029199989512562752,0.055124999955296516,1.7844169999999999,22.272252000000002,0.19833300000000001,2.777542,0.016917000000000001,24.755502,35.660691999830306,1256851.3077730001,1256851.308065
747,2225,8193,1,1256864.9879999999,1256875.7395260001,1256900.8520279999,0.410667,0.32462499989196658,0,0.010499999858438969,1.8025,22.652878000000001,0.19425000000000001,2.8081670000000001,0.016333,25.157710999999999,35.86402800003998,1256876.1049840001,1256876.1049840001
748,2228,8193,1,1256889.9890000001,1256900.984737,1256928.3944059999,0.44012499999999999,0.30887500010430813,0.00029199989512562752,2.7416670001111925,1.798708,22.273126999999999,0.19775000000000001,2.662042,0.016042000000000001,27.499210999999999,38.405405999859795,1256901.3353200001,1256901.335612
749,2231,8193,1,1256914.9909999999,1256928.4848229999,1256955.2026589999,0.364292,0.27562500000931323,0,2.8253760000225157,1.801625,21.531419,0.19541700000000001,2.7457509999999998,0.016917000000000001,26.766252999999999,40.211659000022337,1256928.8009889999,1256928.8009889999
750,2234,8193,1,1256939.9890000001,1256955.3843670001,1256979.8406199999,0.40512599999999999,0.27299999981187284,0.0002910001203417778,0.053958999924361706,1.793458,22.022002000000001,0.19541700000000001,2.8212920000000001,0.01575,24.547545,39.851619999855757,1256955.698201,1256955.6984920001
751,2237,8193,1,1256964.9909999999,1256979.942703,1257004.0183300001,0.37624999999999997,0.28174999984912574,0.0002910001203417778,0.050459000049158931,1.7887919999999999,21.633793000000001,0.19745799999999999,2.8702920000000001,0.01575,24.127835000000001,39.027330000186339,1256980.2667449999,1256980.267036
752,2240,8193,1,1256990.0009999999,1257004.1510389999,1257027.9772910001,0.43575000000000003,0.30304100015200675,0.00029199989512562752,0.054250000044703484,1.7946249999999999,21.358460000000001,0.19687499999999999,2.8081670000000001,0.01575,23.917836000000001,37.976291000144556,1257004.495205,1257004.4954969999
753,2243,8193,1,1257014.963,1257028.0682910001,1257052.6030019999,0.38558300000000001,0.29429199988953769,0.00029199989512562752,0.051625000080093741,1.8045420000000001,22.068377000000002,0.19833400000000001,2.9446669999999999,0.01575,24.583711000000001,37.640001999912784,1257028.404874,1257028.4051659999
754,2246,8193,1,1257039.9979999999,1257052.74621,1257079.420005,0.42525000000000002,0.29399999999441206,0.00029200012795627117,2.6920829999726266,1.808916,21.562335999999998,0.19687499999999999,2.6564999999999999,0.016333,26.763628000000001,39.422005000058562,1257053.0816269999,1257053.081919
755,2249,8193,1,1257064.99,1257079.518005,1257104.158299,0.39987499999999998,0.30799999996088445,0.00029199989512562752,0.017791000194847584,1.771584,22.227043999999999,0.19629099999999999,2.8317920000000001,0.016042000000000001,24.691044000000002,39.168299000011757,1257079.866838,1257079.8671299999
756,2252,8193,1,1257089.9939999999,1257104.2880899999,1257128.9569679999,0.40250000000000002,0.27504199999384582,0.00029199989512562752,0.054542000172659755,1.78325,22.275461,0.19833300000000001,2.728542,0.027125,24.755503000000001,38.962967999977991,1257104.603965,1257104.6042569999
757,2255,8193,1,1257114.9920000001,1257129.0412600001,1257153.7220950001,0.411833,0.32287499983794987,0.00029199989512562752,0.05016699992120266,1.835458,22.157336000000001,0.19775000000000001,2.7483749999999998,0.0096249999999999999,24.726627000000001,38.730095000006258,1257129.4073010001,1257129.407593
758,2258,8193,1,1257139.99,1257153.8440119999,1257178.4245150001,0.41825000000000001,0.28729200013913214,0.0002910001203417778,0.052499999990686774,1.8135840000000001,22.114460999999999,0.19745799999999999,2.756834,0.012541999999999999,24.669460999999998,38.43451500008814,1257154.1733039999,1257154.1735950001
759,2261,8193,1,1257164.9539999999,1257178.513765,1257202.7897669999,0.37770799999999999,0.28320800000801682,0.00029200012795627117,0.05424999981187284,1.797833,21.866251999999999,0.199792,2.76675,0.017208000000000001,24.327919000000001,37.835766999982297,1257178.839556,1257178.8398480001
760,2264,8193,1,1257189.9650000001,1257202.9224749999,1257225.956853,0.44012499999999999,0.31120900018140674,0,0.05016600014641881,1.8310839999999999,20.553169,0.19775000000000001,2.7291249999999998,0.016333,23.118669000000001,35.991852999897674,1257203.278309,1257203.278309
761,2267,8193,1,1257214.9909999999,1257226.0461029999,1257250.908355,0.38004100000000002,0.2916660001501441,0.00029200012795627117,0.052499999990686774,1.8272919999999999,22.375793000000002,0.19687499999999999,2.6827510000000001,0.016625000000000001,24.910377,35.917355000041425,1257226.3780189999,1257226.3783110001
762,2270,8193,1,1257239.99,1257251.0337720001,1257275.291399,0.41825000000000001,0.29312499985098839,0.00058300001546740532,0.054541999939829111,1.797833,21.797711,0.193666,2.818959,0.016625000000000001,24.340751999999998,35.301398999989033,1257251.3688970001,1257251.3694800001
763,2273,8193,1,1257264.993,1257275.3858990001,1257299.888235,0.38004199999999999,0.28495899983681738,0,0.054540999932214618,1.8237920000000001,22.015877,0.19541700000000001,2.712208,0.023040999999999999,24.555710999999999,34.895234999945387,1257275.7128580001,1257275.7128580001
764,2276,8193,1,1257289.9669999999,1257300.0156930001,1257324.654238,0.421458,0.29516700003296137,0.00029199989512562752,0.056000000098720193,1.796084,22.169877,0.198042,2.8035000000000001,0.016625000000000001,24.722252999999998,34.687238000100479,1257300.353443,1257300.3537349999
765,2279,8193,1,1257314.99,1257324.743488,1257349.4467819999,0.38179200000000002,0.29399999999441206,0.00029199989512562752,0.055416000075638294,1.8165,22.223253,0.19775000000000001,2.7932920000000001,0.016625000000000001,24.749378,34.456781999906525,1257325.079196,1257325.0794879999
766,2282,8193,1,1257339.99,1257349.5724899999,1257376.6616179999,0.42262499999999997,0.28729200013913214,0.00029099988751113415,2.680125999962911,1.815917,22.013544,0.19950000000000001,2.5975839999999999,0.025375000000000002,27.171961,36.67161799990572,1257349.9122820001,1257349.912573
767,2285,8193,1,1257364.993,1257376.7520339999,1257401.2704119999,0.37012600000000001,0.28554200008511543,0.00058300001546740532,0.051042000064626336,1.784125,22.082961000000001,0.19600000000000001,2.8160409999999998,0.015458,24.563002999999998,36.277411999879405,1257377.0775349999,1257377.0781179999
768,2288,8193,1,1257390,1257401.401662,1257423.3049560001,0.42787500000000001,0.3024579999037087,0.00029200012795627117,0.052790999878197908,1.824959,19.397002000000001,0.20999999999999999,2.715417,0.01575,21.989044,33.304956000065431,1257401.743787,1257401.7440790001
769,2291,8193,1,1257414.99,1257423.394206,1257447.1309169999,0.38383400000000001,0.2954579999204725,0,0.051041999831795692,1.7896669999999999,21.284085999999999,0.19541700000000001,2.8536670000000002,0.016625000000000001,23.783377999999999,32.140916999895126,1257423.7316640001,1257423.7316640001
770,2293,8193,1,1257431.6610000001,1257447.221042,1257471.7650860001,0.37129200000000001,0.28408299991860986,0.00029200012795627117,0.054250000044703484,1.8103750000000001,22.078294,0.19716700000000001,2.6880000000000002,0.016625000000000001,24.590128,40.104086000006646,1257447.5462499999,1257447.546542
771,2296,8193,1,1257456.6580000001,1257471.8960440001,1257496.3123379999,0.42554199999999998,0.29808299988508224,0.00029099988751113415,0.052499999990686774,1.8278760000000001,21.923127000000001,0.19541700000000001,2.7320419999999999,0.016041,24.502918999999999,39.654337999876589,1257472.234961,1257472.2352519999
772,2299,8193,1,1257481.6610000001,1257496.403922,1257521.0115489999,0.38470900000000002,0.29399999999441206,0,0.052208000095561147,1.8103750000000001,22.135460999999999,0.19395799999999999,2.666417,0.01575,24.655460999999999,39.350548999849707,1257496.740797,1257496.740797
773,2302,8193,1,1257506.6569999999,1257521.1398819999,1257545.8075929999,0.41999999999999998,0.29429200012236834,0.00029199989512562752,0.054250000044703484,1.8267089999999999,22.174835000000002,0.198042,2.7778339999999999,0.016333,24.751711,39.15059299999848,1257521.4758820001,1257521.476174
774,2305,8193,1,1257531.6499999999,1257545.91026,1257573.1475539999,0.37887599999999999,0.28495800006203353,0,2.7469170000404119,1.8080419999999999,22.073043999999999,0.19745799999999999,2.7133750000000001,0.016042000000000001,27.288627999999999,41.497554000001401,1257546.2380929999,1257546.2380929999
775,2309,8193,1,1257564.9909999999,1257573.317304,1257597.4605980001,0.44391700000000001,0.27649999991990626,0.0002910001203417778,0.054834000067785382,1.818541,21.676376999999999,0.19745799999999999,2.7985419999999999,0.01575,24.270752000000002,32.469598000170663,1257573.6337629999,1257573.634054
776,2312,8193,1,1257589.9909999999,1257597.509015,1257621.5907670001,0.317334,0.26600000006146729,0.0002910001203417778,0.053958999924361706,1.7911250000000001,21.655669,0.19600000000000001,2.801167,0.016334000000000001,24.089628000000001,31.5997670001816,1257597.818182,1257597.8184730001
777,2314,8193,1,1257606.648,1257621.684101,1257649.0438949999,0.36837500000000001,0.27708299993537366,0.00029200012795627117,2.7457500000018626,1.83575,22.187085,0.193083,2.7113339999999999,0.016333,27.409378,42.395894999848679,1257622.0028919999,1257622.003184
778,2318,8193,1,1257639.9939999999,1257649.2614790001,1257674.091064,0.46637499999999998,0.30129099986515939,0.00029199989512562752,0.013125000055879354,1.830209,22.402335000000001,0.19600000000000001,2.7445840000000001,0.016916,24.954419000000001,34.097064000088722,1257649.60302,1257649.6033119999
779,2321,8193,1,1257664.9909999999,1257674.1438559999,1257698.165817,0.364875,0.31091700005345047,0,0.052791999885812402,1.826125,21.511876999999998,0.19804099999999999,2.8087499999999999,0.01575,24.032461000000001,33.174817000050098,1257674.498231,1257674.498231
780,2324,8193,1,1257689.9990000001,1257698.294733,1257722.8778609999,0.411833,0.28262499999254942,0.00029199989512562752,0.053957999916747212,1.8182499999999999,22.113002000000002,0.19658400000000001,2.6935419999999999,0.01575,24.670919000000001,32.878860999830067,1257698.6187750001,1257698.619067
781,2327,8193,1,1257714.996,1257722.9659440001,1257747.694905,0.378,0.28904199996031821,0.0002910001203417778,0.055124999955296516,1.8188340000000001,22.247751999999998,0.19745799999999999,2.771709,0.015458,24.774751999999999,32.698904999997467,1257723.298153,1257723.2984440001
782,2330,8193,1,1257739.9920000001,1257747.8217800001,1257772.4737410001,0.40745799999999999,0.28320799977518618,0.00029199989512562752,0.054250000044703484,1.8185420000000001,22.183294,0.19687499999999999,2.7291259999999999,0.016042000000000001,24.735085999999999,32.48174099996686,1257748.1461130001,1257748.146405
783,2333,8193,1,1257764.9909999999,1257772.567949,1257799.9009100001,0.38733299999999998,0.29516700003296137,0.00029200012795627117,2.7472089999355376,1.8138749999999999,22.153544,0.19716700000000001,2.7133750000000001,0.01575,27.384294000000001,34.909910000162199,1257772.9039489999,1257772.9042410001
784,2336,8193,1,1257789.9779999999,1257800.0315769999,1257824.0523709999,0.42233300000000001,0.29370800009928644,0.00029200012795627117,0.052207999862730503,1.7791669999999999,21.619502000000001,0.19716600000000001,2.8437510000000001,0.022166000000000002,24.107710000000001,34.074371000053361,1257800.3667019999,1257800.366994
785,2339,8193,1,1257814.9920000001,1257824.193829,1257848.935915,0.35699999999999998,0.26745899999514222,0.00029199989512562752,0.015165999997407198,1.7855840000000001,22.403794000000001,0.19600000000000001,2.7947500000000001,0.017500000000000002,24.790794999999999,33.94391499995254,1257824.5021210001,1257824.502413
786,2342,8193,1,1257840.0009999999,1257849.0648320001,1257876.3788350001,0.44479099999999999,0.31529199983924627,0.00058400002308189869,2.7130830001551658,1.804541,22.191168999999999,0.19804099999999999,2.6874169999999999,0.016917000000000001,27.401211,36.377835000166669,1257849.4224149999,1257849.4229989999
787,2345,8193,1,1257864.9920000001,1257876.470126,1257901.023212,0.40016600000000002,0.30916699999943376,0,0.052499999990686774,1.820292,22.052334999999999,0.19600000000000001,2.7874590000000001,0.016625000000000001,24.601502,36.03121199994348,1257876.822168,1257876.822168
788,2348,8193,1,1257889.9920000001,1257901.1538790001,1257925.2557560001,0.41270800000000002,0.28145799995400012,0.00029199989512562752,0.051625000080093741,1.8374999999999999,21.644586,0.19833300000000001,2.7218330000000002,0.017208999999999999,24.192001999999999,35.263755999971181,1257901.476462,1257901.4767539999
789,2351,8193,1,1257914.9920000001,1257925.3461730001,1257949.9718840001,0.37245800000000001,0.28291699988767505,0.00029199989512562752,0.051625000080093741,1.825833,22.144210999999999,0.20183400000000001,2.7046260000000002,0.016625000000000001,24.673836000000001,34.979884000029415,1257925.6705060001,1257925.6707979999
790,2354,8193,1,1257939.952,1257950.1002170001,1257974.6620529999,0.40687499999999999,0.28116699983365834,0.00029199989512562752,0.055417000083252788,1.787334,22.117377000000001,0.19658300000000001,2.8772920000000002,0.020125000000000001,24.646128000000001,34.710052999900654,1257950.4228000001,1257950.423092
791,2357,8193,1,1257964.9920000001,1257974.7475109999,1257999.343472,0.376834,0.29050000011920929,0.0002910001203417778,0.053958999924361706,1.8095000000000001,22.119419000000001,0.197459,2.8008760000000001,0.018667,24.641461,34.351471999892965,1257975.0788449999,1257975.079136
792,2360,8193,1,1257989.9939999999,1257999.4758890001,1258023.9044329999,0.42641699999999999,0.29399999999441206,0.00029199989512562752,0.055707999970763922,1.800459,21.959585000000001,0.197459,2.8148749999999998,0.016042000000000001,24.518377999999998,33.910432999953628,1257999.812472,1257999.8127639999
793,2363,8193,1,1258014.996,1258023.993391,1258048.155644,0.38441599999999998,0.2960419999435544,0,0.054250000044703484,1.7998749999999999,21.695919,0.19512499999999999,2.8134169999999998,0.016042000000000001,24.208044000000001,33.159643999999389,1258024.332308,1258024.332308
794,2366,8193,1,1258039.9979999999,1258048.283977,1258072.059479,0.41679100000000002,0.29166699992492795,0,0.054833000060170889,1.833709,21.280584999999999,0.19687499999999999,2.7031670000000001,0.016334000000000001,23.859210000000001,32.061479000141844,1258048.617352,1258048.617352
795,2367,8193,1,1258048.3300000001,1258072.1073129999,1258096.5947730001,0.31820799999999999,0.27095800009556115,0.00029200012795627117,0.011666999896988273,1.7911250000000001,22.086169000000002,0.19658300000000001,2.8323749999999999,0.016333,24.492127,48.26477300003171,1258072.4208539999,1258072.421146
796,2371,8193,1,1258081.6699999999,1258096.729232,1258121.266568,0.42495899999999998,0.29137500002980232,0,0.056000000098720193,1.807458,22.106293999999998,0.19716700000000001,2.7982499999999999,0.021583000000000001,24.628045,39.596568000037223,1258097.0637739999,1258097.0637739999
797,2374,8193,1,1258106.669,1258121.3572760001,1258145.760737,0.37887500000000002,0.28612499986775219,0.0002910001203417778,0.053374999901279807,1.8135840000000001,21.979710000000001,0.19395799999999999,2.7970839999999999,0.0090419999999999997,24.453627000000001,39.091737000038847,1258121.685693,1258121.6859840001
798,2377,8193,1,1258131.6529999999,1258145.8893619999,1258170.8490309999,0.43254100000000001,0.30858299997635186,0.00029200012795627117,0.010499999858438969,1.797542,22.523961,0.19745799999999999,2.704917,0.0099170000000000005,25.041919,39.196030999999493,1258146.2396529999,1258146.239945
799,2380,8193,1,1258156.6529999999,1258170.9301140001,1258195.7404499999,0.39316699999999999,0.30391699983738363,0,0.052499999990686774,1.7992919999999999,22.340502000000001,0.19891700000000001,2.8726250000000002,0.014583,24.858169,39.087449999991804,1258171.2754480001,1258171.2754480001
800,2383,8193,1,1258181.665,1258195.873742,1258219.6089939999,0.40949999999999998,0.27737500006332994,0.00029200012795627117,0.010207999963313341,1.815626,21.349710000000002,0.200375,2.6996669999999998,0.016334000000000001,23.826253000000001,37.943993999855593,1258196.1919499999,1258196.192242
801,2386,8193,1,1258206.659,1258219.6944530001,1258242.73933,0.38500000000000001,0.29720799997448921,0.00029199989512562752,0.054833000060170889,1.7963750000000001,20.574168,0.19687499999999999,2.874959,0.020125000000000001,23.088919000000001,36.080330000026152,1258220.035411,1258220.0357029999
802,2389,8193,1,1258231.6699999999,1258242.8662050001,1258267.5762070001,0.42233300000000001,0.29720799997448921,0.00029199989512562752,0.05920800007879734,1.8197080000000001,22.213044,0.19687499999999999,2.76675,0.018959,24.792543999999999,35.906207000138238,1258243.2057050001,1258243.205997
803,2392,8193,1,1258256.6599999999,1258267.664874,1258292.430002,0.39316600000000002,0.30391700007021427,0.00029199989512562752,0.056000000098720193,1.8319589999999999,22.259709999999998,0.19600000000000001,2.7886259999999998,0.016917000000000001,24.812086000000001,35.770002000033855,1258268.0110820001,1258268.011374
804,2395,8193,1,1258281.6599999999,1258292.5662100001,1258317.2009620001,0.41504099999999999,0.28379200003109872,0.00029200012795627117,0.013999999966472387,1.7969580000000001,22.213919000000001,0.19891700000000001,2.808459,0.016916,24.724585000000001,35.540962000144646,1258292.891418,1258292.8917100001
805,2398,8193,1,1258306.6599999999,1258317.3360039999,1258341.8683809999,0.38208300000000001,0.29341699997894466,0.00029199989512562752,0.050458000041544437,1.8337079999999999,22.038627000000002,0.19600000000000001,2.796208,0.017208000000000001,24.580210000000001,35.208380999974906,1258317.670254,1258317.6705459999
806,2401,8193,1,1258331.6599999999,1258341.9943810001,1258366.6959259999,0.41416700000000001,0.28875099983997643,0.00058400002308189869,0.056000000098720193,1.826708,22.203128,0.203875,2.7046250000000001,0.016625000000000001,24.784669999999998,35.035925999982283,1258342.3254229999,1258342.3260069999
807,2404,8193,1,1258356.669,1258366.7851760001,1258391.3680110001,0.37974999999999998,0.29341599997133017,0.00029199989512562752,0.054250000044703484,1.817083,22.102211,0.19600000000000001,2.7195,0.016625000000000001,24.628627000000002,34.699011000106111,1258367.119134,1258367.1194259999
808,2407,8193,1,1258381.6599999999,1258391.499261,1258416.1197220001,0.41562500000000002,0.28554200008511543,0.00029200012795627117,0.054250000044703484,1.8132919999999999,22.153251999999998,0.19658300000000001,2.808459,0.016625000000000001,24.709420000000001,34.459722000174224,1258391.8256359999,1258391.825928
809,2410,8193,1,1258406.642,1258416.207222,1258439.6861,0.36895800000000001,0.28175000008195639,0.00029200012795627117,0.018374999985098839,1.7759579999999999,21.130376999999999,0.19687499999999999,2.6836250000000001,0.018082999999999998,23.524086,33.044100000057369,1258416.530972,1258416.5312640001
810,2413,8193,1,1258431.645,1258439.8103499999,1258463.8915190001,0.46491700000000002,0.336291000014171,0.00029200012795627117,0.012540999799966812,1.8153330000000001,21.598210999999999,0.198625,2.6302509999999999,0.016334000000000001,24.167503,32.246519000036642,1258440.188933,1258440.1892250001
811,2414,8193,1,1258439.9550000001,1258463.9405189999,1258488.483396,0.31529099999999999,0.2683330001309514,0,0.054250000044703484,1.815626,22.11796,0.19658300000000001,2.7095829999999999,0.017791000000000001,24.547252,48.528395999921486,1258464.251435,1258464.251435
812,2418,8193,1,1258473.335,1258488.61873,1258513.0020649999,0.420875,0.28524999995715916,0.00029200012795627117,0.054832999827340245,1.8389580000000001,21.887253000000001,0.198042,2.7889170000000001,0.016334000000000001,24.476378,39.667064999928698,1258488.946271,1258488.9465630001
813,2421,8193,1,1258498.3300000001,1258513.0913150001,1258537.1304840001,0.38908300000000001,0.29779199999757111,0.00058400002308189869,0.055707999970763922,1.8188340000000001,21.579543000000001,0.19950000000000001,2.701708,0.027125,24.086127000000001,38.800484000006691,1258513.4334400001,1258513.4340240001
814,2424,8193,1,1258523.3359999999,1258537.2567759999,1258561.8687789999,0.43108299999999999,0.30216700001619756,0.00029199989512562752,0.055417000083252788,1.798708,22.147127999999999,0.19512499999999999,2.7912509999999999,0.0099170000000000005,24.699503,38.532779000001028,1258537.600359,1258537.6006509999
815,2427,8193,1,1258548.3330000001,1258561.9478199999,1258586.121448,0.40250000000000002,0.31500000017695129,0,0.050749999936670065,1.8045420000000001,21.745794,0.19570799999999999,2.8014589999999999,0.006417,24.219711,37.788447999861091,1258562.3045290001,1258562.3045290001
816,2430,8193,1,1258573.327,1258586.261156,1258610.4727,0.41970800000000003,0.29458300000987947,0.00029199989512562752,0.052791000111028552,1.810084,21.774084999999999,0.198625,2.7504170000000001,0.023625,24.294377000000001,37.145699999993667,1258586.598031,1258586.5983229999
817,2433,8193,1,1258598.3289999999,1258610.5610750001,1258634.8499110001,0.38237500000000002,0.29195799981243908,0.00029199989512562752,0.053375000134110451,1.801625,21.879377999999999,0.199792,2.8189579999999999,0.0040829999999999998,24.337253,36.520911000203341,1258610.895033,1258610.8953249999
818,2436,8193,1,1258623.3289999999,1258634.9890360001,1258658.8263719999,0.41387499999999999,0.28991699987091124,0.00029199989512562752,0.053667000029236078,1.826708,21.390543999999998,0.19658300000000001,2.700542,0.023333,23.919585999999999,35.497372000012547,1258635.3203690001,1258635.320661
819,2439,8193,1,1258648.3289999999,1258658.916497,1258686.247708,0.42058299999999998,0.33250000001862645,0.00029200012795627117,2.7247500000521541,1.819709,22.170169000000001,0.19600000000000001,2.6818749999999998,0.017208999999999999,27.377877999999999,37.918708000099286,1258659.2904129999,1258659.2907050001
820,2442,8193,1,1258673.331,1258686.375458,1258711.07146,0.42845800000000001,0.29983299993909895,0.00029199989512562752,0.052208000095561147,1.782084,22.241918999999999,0.19716700000000001,2.874959,0.016333,24.782043999999999,37.740460000000894,1258686.7178740001,1258686.718166
821,2445,8193,1,1258698.331,1258711.1627519999,1258735.7196289999,0.37508399999999997,0.2846670001745224,0.0002910001203417778,0.051333999959751964,1.8097909999999999,22.097836000000001,0.19600000000000001,2.8635830000000002,0.017500000000000002,24.607043999999998,37.388628999935463,1258711.4876689999,1258711.4879600001
822,2448,8193,1,1258723.3289999999,1258735.8602130001,1258763.0181740001,0.42204199999999997,0.29283299995586276,0.00029099988751113415,2.7034589999821037,1.8074589999999999,22.070709999999998,0.19483300000000001,2.6687500000000002,0.017500000000000002,27.246628000000001,39.689174000173807,1258736.193588,1258736.1938789999
823,2451,8193,1,1258748.328,1258763.1091740001,1258787.208135,0.40191700000000002,0.31149999983608723,0,0.052499999990686774,1.8176669999999999,21.595002000000001,0.19775000000000001,2.7740420000000001,0.01575,24.146502999999999,38.880134999984875,1258763.463549,1258763.463549
824,2454,8193,1,1258773.291,1258787.341426,1258811.8425950001,0.41912500000000003,0.28554200008511543,0.00029200012795627117,0.055124999955296516,1.777417,22.098419,0.198042,2.8174999999999999,0.017791000000000001,24.593919,38.55159500008449,1258787.6678009999,1258787.6680930001
825,2457,8193,1,1258798.328,1258811.9330120001,1258836.220098,0.37595800000000001,0.2872919999063015,0.00029199989512562752,0.055417000083252788,1.7940419999999999,21.841752,0.1925,2.8781669999999999,0.016625000000000001,24.334043999999999,37.892098000040278,1258812.2617200001,1258812.262012
826,2460,8193,1,1258823.3230000001,1258836.351056,1258860.8329749999,0.42466700000000002,0.29137500002980232,0.00029200012795627117,0.048124999972060323,1.784708,22.068669,0.19658300000000001,2.8032080000000001,0.018665999999999999,24.572044000000002,37.509974999818951,1258836.685598,1258836.6858900001
827,2463,8193,1,1258848.301,1258860.9292250001,1258885.6313529999,0.39316600000000002,0.29954199981875718,0.00029199989512562752,0.055708000203594565,1.827583,22.206043999999999,0.19570899999999999,2.7507079999999999,0.016917000000000001,24.754919000000001,37.330352999968454,1258861.2696,1258861.2698919999
828,2466,8193,1,1258873.338,1258885.7649360001,1258910.271647,0.40541700000000003,0.27562499977648258,0.00029199989512562752,0.010208000196143985,1.816209,22.085001999999999,0.19658400000000001,2.8769999999999998,0.016333,24.594503,36.933646999998018,1258886.082561,1258886.0828529999
829,2469,8193,1,1258898.3300000001,1258910.3617720001,1258934.504774,0.36341600000000002,0.27591699990443885,0.00029199989512562752,0.055124999955296516,1.8246659999999999,21.666169,0.19512499999999999,2.8029169999999999,0.020709000000000002,24.189084999999999,36.174773999955505,1258910.6791050001,1258910.679397
830,2472,8193,1,1258923.331,1258934.6374830001,1258959.3883189999,0.41299999999999998,0.28000000002793968,0,0.051624999847263098,1.834292,22.311336000000001,0.19366700000000001,2.7836669999999999,0.020125000000000001,24.841836000000001,36.057318999897689,1258934.9597740001,1258934.9597740001
831,2475,8193,1,1258948.331,1258959.5210269999,1258986.5550299999,0.34999999999999998,0.26045800000429153,0.00029099988751113415,2.6728340000845492,1.8045420000000001,22.028419,0.19745799999999999,2.6325829999999999,0.004084,27.083003000000001,38.224029999924824,1258959.822319,1258959.8226099999
832,2478,8193,1,1258973.338,1258986.6956130001,1259011.2632820001,0.43895899999999999,0.31004199991002679,0.00058300001546740532,0.052208000095561147,1.8243750000000001,22.101044000000002,0.19775000000000001,2.7457500000000001,0.025083000000000001,24.655460999999999,37.925282000098377,1258987.04678,1258987.047363
833,2481,8193,1,1258998.3289999999,1259011.4420739999,1259035.740826,0.38587500000000002,0.29429100011475384,0.00029200012795627117,0.054250000044703484,1.807458,21.884336000000001,0.19162599999999999,2.9117090000000001,0.0078750000000000001,24.348918999999999,37.411826000083238,1259011.7777819999,1259011.778074
834,2484,8193,1,1259023.3300000001,1259035.8802430001,1259059.7196200001,0.42262499999999997,0.29516699980013072,0.0002910001203417778,0.01079199998639524,1.7902499999999999,21.486211000000001,0.19600000000000001,2.7297090000000002,0.0037919999999999998,23.925709999999999,36.389620000030845,1259036.2165349999,1259036.216826
835,2487,8193,1,1259048.3300000001,1259059.7937040001,1259084.3246230001,0.417958,0.32520799990743399,0.00029199989512562752,0.027708000037819147,1.820875,22.043293999999999,0.19775000000000001,2.7632500000000002,0.0099170000000000005,24.581669000000002,35.994623000035062,1259060.1609120001,1259060.161204
836,2490,8193,1,1259073.3289999999,1259084.4442060001,1259108.6236670001,0.43254100000000001,0.303624999942258,0.00029199989512562752,0.054833000060170889,1.8465419999999999,21.656544,0.19745799999999999,2.793876,0.015167,24.266669,35.294667000183836,1259084.789539,1259084.7898309999
837,2493,8193,1,1259098.3289999999,1259108.7152499999,1259133.304211,0.38441599999999998,0.29575000004842877,0.00029199989512562752,0.053957999916747212,1.826125,22.087918999999999,0.202709,2.740208,0.017500000000000002,24.635626999999999,34.975211000069976,1259109.0530000001,1259109.053292
838,2496,8193,1,1259123.338,1259133.4316690001,1259157.5002969999,0.42233399999999999,0.2948749999050051,0.0002910001203417778,0.054541999939829111,1.7940419999999999,21.604334999999999,0.19600000000000001,2.7486670000000002,0.017500000000000002,24.153503000000001,34.162296999944374,1259133.7691279999,1259133.769419
839,2499,8193,1,1259148.3289999999,1259157.5895469999,1259182.2975079999,0.41270899999999999,0.32520800014026463,0.0002910001203417778,0.053958999924361706,1.829626,22.185044000000001,0.19570799999999999,2.7629589999999999,0.017791999999999999,24.754045000000001,33.968508000019938,1259157.9561719999,1259157.956463
840,2502,8193,1,1259173.3289999999,1259182.4299240001,1259207.518802,0.40191700000000002,0.27883399999700487,0.00029200012795627117,0.012249999912455678,1.791709,22.683209999999999,0.19454199999999999,2.7944589999999998,0.017208999999999999,25.171128,34.189802000066265,1259182.7495909999,1259182.749883
841,2505,8193,1,1259198.324,1259207.615343,1259232.1713459999,0.392291,0.29866699990816414,0,0.052499999990686774,1.830792,22.057877999999999,0.19570899999999999,2.824792,0.016917000000000001,24.607918999999999,33.847345999907702,1259207.955718,1259207.955718
842,2508,8193,1,1259223.3330000001,1259232.298221,1259258.1066399999,0.40745900000000002,0.28262499999254942,0.00029099988751113415,2.6442509999033064,1.8182499999999999,20.776876999999999,0.19658300000000001,2.6040000000000001,0.018374999999999999,25.891836000000001,34.773639999795705,1259232.6222630001,1259232.622554
843,2511,8193,1,1259248.3400000001,1259258.1990990001,1259282.5372260001,0.38674999999999998,0.29691599984653294,0.00029200012795627117,0.052499999990686774,1.8191250000000001,21.858377000000001,0.19512499999999999,2.8174999999999999,0.016917000000000001,24.387419000000001,34.197226000018418,1259258.5365569999,1259258.536849
844,2514,8193,1,1259273.3289999999,1259282.6743089999,1259307.4741450001,0.40454099999999998,0.27212500013411045,0.00029199989512562752,0.011375000001862645,1.804834,22.389502,0.197459,2.8454999999999999,0.017208000000000001,24.891127000000001,34.145145000191405,1259282.987559,1259282.9878509999
845,2517,8193,1,1259298.3400000001,1259307.562812,1259331.727981,0.36749999999999999,0.28058300004340708,0.00029199989512562752,0.054541999939829111,1.7975410000000001,21.715752999999999,0.19570899999999999,2.868833,0.017500000000000002,24.210668999999999,33.387980999890715,1259307.8845200001,1259307.884812
846,2520,8193,1,1259323.3300000001,1259331.854856,1259355.3684419999,0.41533399999999998,0.28904199996031821,0.0002910001203417778,0.055417000083252788,1.807167,21.044919,0.19629199999999999,2.819833,0.020709000000000002,23.597878000000001,32.038441999815404,1259332.1858979999,1259332.186189
847,2521,8193,1,1259331.6640000001,1259355.426192,1259382.9163609999,0.32579200000000003,0.27008299995213747,0.0002910001203417778,0.013124999823048711,4.5640000000000001,22.362086000000001,0.198042,2.7075420000000001,0.022166999999999999,27.500961,51.252360999817029,1259355.741192,1259355.7414830001
848,2526,8193,1,1259373.331,1259383.0782359999,1259407.47878,0.47512500000000002,0.31383300013840199,0.00029199989512562752,0.050750000169500709,1.802792,21.920501999999999,0.19600000000000001,2.9146260000000002,0.0093329999999999993,24.520710999999999,34.147779999999329,1259383.433194,1259383.4334859999
849,2529,8193,1,1259398.3330000001,1259407.5175719999,1259432.2226160001,0.32666600000000001,0.27912500011734664,0.00029199989512562752,0.054833000060170889,1.8281670000000001,22.227335,0.19716700000000001,2.7839580000000002,0.014874999999999999,24.710877,33.889616000000387,1259407.838405,1259407.8386969999
850,2532,8193,1,1259423.3330000001,1259432.3439489999,1259458.7135350001,0.40016600000000002,0.2770840001758188,0.00058400002308189869,2.8341250000521541,1.8103750000000001,21.167127000000001,0.199208,2.7924169999999999,0.026249999999999999,26.451252,35.380535000003874,1259432.6624489999,1259432.663033
851,2535,8193,1,1259448.3289999999,1259458.8147440001,1259483.342746,0.372166,0.28116599982604384,0.00029200012795627117,0.049582999898120761,1.787625,22.085001999999999,0.200375,3.014084,0.016917000000000001,24.577877000000001,35.013746000127867,1259459.1370349999,1259459.137327
852,2538,8193,1,1259473.3089999999,1259483.4690380001,1259507.966707,0.40220899999999998,0.27824999997392297,0.00029099988751113415,0.054542000172659755,1.792,22.052627000000001,0.19658300000000001,2.8664999999999998,0.017791999999999999,24.581085999999999,34.657707000151277,1259483.78783,1259483.7881209999
853,2541,8193,1,1259498.331,1259508.0550820001,1259532.5842510001,0.38354100000000002,0.29574999981559813,0.00058400002308189869,0.05424999981187284,1.8234999999999999,22.038335,0.198625,2.8105009999999999,0.016917000000000001,24.574376999999998,34.25325100007467,1259508.3934150001,1259508.3939990001
854,2544,8193,1,1259523.3319999999,1259532.7169590001,1259557.469545,0.41358400000000001,0.28612499986775219,0.0002910001203417778,0.011666999896988273,1.796084,22.339918999999998,0.19658300000000001,2.8895420000000001,0.017791000000000001,24.840085999999999,34.137545000063255,1259533.0430429999,1259533.043334
855,2547,8193,1,1259548.331,1259557.5608369999,1259582.3026310001,0.39783400000000002,0.3047919999808073,0.00029099988751113415,0.05512500018812716,1.792292,22.273126999999999,0.19716600000000001,2.8239169999999998,0.017208000000000001,24.792836000000001,33.971631000051275,1259557.907629,1259557.9079199999
856,2550,8193,1,1259573.3330000001,1259582.428631,1259608.4563839999,0.40250000000000002,0.27649999991990626,0.00029200012795627117,2.6827499999199063,1.831375,20.958002,0.19541700000000001,2.5844589999999998,0.025083999999999999,26.112044999999998,35.123383999802172,1259582.7468389999,1259582.747131
857,2553,8193,1,1259598.29,1259608.542134,1259631.9020110001,0.36108299999999999,0.2753330001141876,0.00029200012795627117,0.048707999987527728,1.792,20.929127000000001,0.19833300000000001,2.801167,0.0096249999999999999,23.404793999999999,33.612011000048369,1259608.8583,1259608.8585920001
858,2556,8193,1,1259623.331,1259632.024803,1259655.9125969999,0.40425,0.27445799997076392,0.00029199989512562752,0.054833000060170889,1.798708,21.453251999999999,0.19425000000000001,3.0088330000000001,0.014583,23.977336000000001,32.581596999894828,1259632.3395110001,1259632.339803
859,2559,8193,1,1259648.3389999999,1259656.002722,1259683.5366410001,0.34649999999999997,0.26016699988394976,0.00029199989512562752,2.7854170000646263,1.8240829999999999,22.383085999999999,0.19658300000000001,2.7451669999999999,0.025957999999999998,27.578835999999999,35.197641000151634,1259656.304305,1259656.3045969999
860,2562,8193,1,1259673.331,1259683.711933,1259708.134352,0.40366600000000002,0.27329199993982911,0,0.049875000026077032,1.7882089999999999,21.996627,0.19775000000000001,2.8070010000000001,0.011375,24.512252,34.803351999958977,1259684.026058,1259684.026058
861,2565,8193,1,1259698.331,1259708.215144,1259732.901813,0.39754200000000001,0.3112079999409616,0,0.053375000134110451,1.8036669999999999,22.243669000000001,0.19629199999999999,2.823334,0.020417000000000001,24.732461000000001,34.570812999969348,1259708.5668939999,1259708.5668939999
862,2568,8193,1,1259723.3319999999,1259733.0208129999,1259757.6751069999,0.43604199999999999,0.30887500010430813,0.00058300001546740532,0.05016699992120266,1.792875,22.183876999999999,0.19745799999999999,2.8218749999999999,0.0096249999999999999,24.738586000000002,34.343106999993324,1259733.3725630001,1259733.3731460001
863,2571,8193,1,1259748.3259999999,1259757.7588150001,1259782.406985,0.38966699999999999,0.29837500001303852,0.0002910001203417778,0.064166999887675047,1.8430420000000001,22.130794000000002,0.19745799999999999,2.7437079999999998,0.014874999999999999,24.698627999999999,34.080985000124201,1259758.0980239999,1259758.0983150001
864,2574,8193,1,1259773.297,1259782.5286099999,1259806.9851540001,0.40162500000000001,0.27854100009426475,0.00029200012795627117,0.018374999985098839,1.793167,22.049419,0.19454199999999999,2.7755000000000001,0.016625000000000001,24.537918999999999,33.688154000090435,1259782.8485679999,1259782.84886
865,2577,8193,1,1259798.3359999999,1259807.0816949999,1259831.5388229999,0.38237500000000002,0.28758400003425777,0.00029200012795627117,0.055124999955296516,1.7867500000000001,22.009460000000001,0.19745799999999999,3.0764999999999998,0.016917000000000001,24.510211000000002,33.202823000028729,1259807.410987,1259807.4112790001
866,2580,8193,1,1259823.335,1259831.665114,1259855.7561999999,0.41125,0.28495900006964803,0.00029200012795627117,0.053957999916747212,1.7995840000000001,21.679002000000001,0.19804099999999999,2.8326669999999998,0.018667,24.174793999999999,32.421199999982491,1259831.992656,1259831.9929480001
867,2583,8193,1,1259848.3230000001,1259855.836992,1259880.8672440001,0.38383299999999998,0.29808300011791289,0.00029199989512562752,0.012249999912455678,1.8045420000000001,22.597752,0.19687499999999999,2.799417,0.0096249999999999999,25.074877000000001,32.544243999989703,1259856.1762000001,1259856.176492
868,2586,8193,1,1259873.331,1259880.988286,1259905.6294549999,0.42058299999999998,0.29166699992492795,0.00029199989512562752,0.052208000095561147,1.80775,22.179503,0.19687499999999999,2.995708,0.014,24.728669,32.298454999923706,1259881.321369,1259881.3216609999
869,2587,8193,1,1259881.666,1259905.6790390001,1259930.352583,0.31179200000000001,0.26512499991804361,0.00029200012795627117,0.01195800001733005,1.7963750000000001,22.320668999999999,0.193666,2.7224170000000001,0.025957999999999998,24.677627999999999,48.686583000002429,1259905.9867469999,1259905.987039
870,2591,8193,1,1259914.9809999999,1259930.4823739999,1259954.8820440001,0.42525000000000002,0.29487500013783574,0.00029200012795627117,0.054250000044703484,1.8132919999999999,21.966586,0.19775000000000001,2.8309169999999999,0.0096249999999999999,24.488627999999999,39.901044000172988,1259930.8186659999,1259930.818958
871,2594,8193,1,1259939.9990000001,1259954.9762520001,1259982.4693380001,0.37741599999999997,0.29195799981243908,0.00029200012795627117,2.8382079999428242,1.824084,22.227626999999998,0.198625,2.7588750000000002,0.0096249999999999999,27.536543999999999,42.470337999984622,1259955.3105019999,1259955.310794
872,2598,8193,1,1259973.338,1259982.626255,1260007.991924,0.44508399999999998,0.28116600005887449,0.0002910001203417778,2.9347510000225157,1.802208,20.029919,0.19775000000000001,2.895375,0.011375,25.488752999999999,34.653923999983817,1259982.9482549999,1259982.9485460001
873,2601,8193,1,1259998.291,1260008.029841,1260032.5394679999,0.33395799999999998,0.28816600004211068,0.00029200012795627117,0.053374999901279807,1.806,22.048836000000001,0.1925,2.829167,0.014874999999999999,24.514002000000001,34.248467999976128,1260008.3594239999,1260008.359716
874,2604,8193,1,1260023.3319999999,1260032.6675100001,1260057.126095,0.40775,0.27824999997392297,0.00029199989512562752,0.055417000083252788,1.796667,22.04271,0.199208,2.9067500000000002,0.017208999999999999,24.547253000000001,33.794095000019297,1260032.986301,1260032.9865929999
875,2607,8193,1,1260048.3430000001,1260057.213304,1260081.11714,0.37654199999999999,0.28962499997578561,0,0.054541999939829111,1.798125,21.443919000000001,0.19600000000000001,2.9009160000000001,0.016917000000000001,23.950210999999999,32.774139999877661,1260057.543762,1260057.543762
876,2610,8193,1,1260073.3319999999,1260081.2469309999,1260105.203559,0.40512500000000001,0.27270900015719235,0.00029199989512562752,0.054833000060170889,1.806,21.534044000000002,0.20008400000000001,2.8702920000000001,0.017500000000000002,24.046752999999999,31.871559000108391,1260081.5619310001,1260081.562223
877,2611,8193,1,1260081.666,1260105.2508090001,1260129.7225190001,0.34970800000000002,0.3030409999191761,0,0.053667000029236078,1.8057080000000001,21.989044,0.19891600000000001,2.8355839999999999,0.016916,24.476376999999999,48.056519000092521,1260105.5961420001,1260105.5961420001
878,2615,8193,1,1260114.9990000001,1260129.8569779999,1260153.856189,0.41854200000000003,0.28204100020229816,0.00029099988751113415,0.055708999978378415,1.7890839999999999,21.581586000000001,0.19716700000000001,2.9554589999999998,0.021874999999999999,24.093128,38.857188999885693,1260130.181603,1260130.1818939999
879,2618,8193,1,1260140.007,1260153.9442720001,1260178.5688159999,0.37829099999999999,0.29195799981243908,0.00029200012795627117,0.052499999990686774,1.7899579999999999,22.168127999999999,0.199209,2.928626,0.01925,24.669751999999999,38.561815999913961,1260154.2773549999,1260154.277647
880,2621,8193,1,1260164.9650000001,1260178.6971489999,1260203.2376929999,0.41941699999999998,0.29020899999886751,0.00029099988751113415,0.052792000118643045,1.7911250000000001,22.077418999999999,0.198625,2.891292,0.017791999999999999,24.626002,38.27269299980253,1260179.0311080001,1260179.031399
881,2624,8193,1,1260190.003,1260203.326652,1260227.941571,0.38266699999999998,0.29429200012236834,0.0002910001203417778,0.055416999850422144,1.783541,22.163753,0.19600000000000001,2.8382079999999998,0.018082999999999998,24.661294000000002,37.93857100000605,1260203.662944,1260203.6632350001
882,2627,8193,1,1260214.969,1260228.0716540001,1260252.662365,0.41649999999999998,0.28554199985228479,0,0.055707999970763922,1.8022089999999999,22.129044,0.19629199999999999,2.8501669999999999,0.018667,24.679960999999999,37.69336499995552,1260228.3991960001,1260228.3991960001
883,2630,8193,1,1260240.0009999999,1260252.7574479999,1260278.9809089999,0.394042,0.30012500006705523,0.00029200012795627117,2.7658749998081475,1.8007500000000001,21.081959999999999,0.198042,2.7329159999999999,0.019540999999999999,26.275669000000001,38.979908999986947,1260253.099282,1260253.0995740001
884,2633,8193,1,1260265,1260279.1025340001,1260304.1333699999,0.40862500000000002,0.28349999990314245,0.00029199989512562752,0.011083000106737018,1.7777080000000001,22.679418999999999,0.19687499999999999,2.7784170000000001,0.010208,25.113961,39.133369999937713,1260279.4280340001,1260279.428326
885,2636,8193,1,1260290,1260304.2269949999,1260329.012539,0.39608399999999999,0.30420900019817054,0.00029099988751113415,0.05220900010317564,1.801042,22.351877000000002,0.199792,2.9338760000000002,0.017500000000000002,24.836293999999999,39.012539000017568,1260304.5723290001,1260304.57262
886,2639,8193,1,1260315.003,1260329.1388310001,1260353.738292,0.41299999999999998,0.28320900001563132,0.00029200012795627117,0.02275000000372529,1.7844169999999999,22.199627,0.19425000000000001,2.995708,0.010208,24.687543999999999,38.735291999997571,1260329.463456,1260329.4637480001
887,2642,8193,1,1260340,1260353.822584,1260378.399003,0.44829200000000002,0.35670799994841218,0.00058300001546740532,0.055124999955296516,1.787917,22.056418000000001,0.19891700000000001,2.8350010000000001,0.017208000000000001,24.626294000000001,38.399002999998629,1260354.220709,1260354.221292
888,2645,8193,1,1260365.014,1260378.5737109999,1260403.2280049999,0.43020799999999998,0.30099999997764826,0.00029200012795627117,0.056875000009313226,1.79725,22.174251999999999,0.19483300000000001,2.8288760000000002,0.024791000000000001,24.740627,38.214004999957979,1260378.9175859999,1260378.9178780001
889,2648,8193,1,1260390.0009999999,1260403.3146299999,1260427.9470490001,0.379166,0.29254200006835163,0,0.05220900010317564,1.792,22.174544000000001,0.19833400000000001,2.7784170000000001,0.017208999999999999,24.677043999999999,37.946049000136554,1260403.64888,1260403.64888
890,2651,8193,1,1260414.9739999999,1260428.076841,1260452.6264269999,0.41095900000000002,0.28000000002793968,0.0002910001203417778,0.052208999870344996,1.810959,22.118836000000002,0.19891600000000001,2.8583340000000002,0.022166000000000002,24.639127999999999,37.652426999993622,1260428.3982579999,1260428.398549
891,2654,8193,1,1260440.0009999999,1260452.713344,1260478.4800539999,0.36662499999999998,0.27970799989998341,0.00029200012795627117,2.7746249998454005,1.8004579999999999,20.629294000000002,0.19658400000000001,2.7361249999999999,0.028875000000000001,25.811919,38.479053999995813,1260453.03476,1260453.0350520001
892,2657,8193,1,1260464.9990000001,1260478.651846,1260502.639099,0.40162500000000001,0.27504199999384582,0.00029200012795627117,0.055415999842807651,1.7847090000000001,21.611919,0.19629099999999999,2.85425,0.0055420000000000001,24.072711000000002,37.640098999952897,1260478.968013,1260478.9683050001
893,2660,8193,1,1260490.0020000001,1260502.7420570001,1260527.6352260001,0.37537500000000001,0.28612499986775219,0.00029099988751113415,0.011084000114351511,1.784708,22.501503,0.18929199999999999,2.8294589999999999,0.0096249999999999999,24.941002000000001,37.633226000005379,1260503.069599,1260503.0698899999
894,2663,8193,1,1260515.0020000001,1260527.7545179999,1260552.4038539999,0.42408299999999999,0.29750000010244548,0.00029199989512562752,0.051042000064626336,1.8176669999999999,22.168419,0.197459,2.853084,0.016042000000000001,24.735378000000001,37.401853999821469,1260528.092559,1260528.0928509999
895,2666,8193,1,1260540.0020000001,1260552.4963120001,1260577.044731,0.36341600000000002,0.27241699979640543,0.00058400002308189869,0.011375000001862645,1.8042499999999999,22.175711,0.19541600000000001,2.898584,0.018374999999999999,24.598002000000001,37.042730999877676,1260552.810145,1260552.810729
896,2669,8193,1,1260565.0109999999,1260577.1739389999,1260601.713609,0.42962499999999998,0.3004170001950115,0,0.055416999850422144,1.7905420000000001,22.068085,0.197459,2.837917,0.021583999999999999,24.62717,36.702609000029042,1260577.5160640001,1260577.5160640001
897,2672,8193,1,1260590.003,1260601.805775,1260624.0485690001,0.36837500000000001,0.27504199999384582,0.00029199989512562752,0.054250000044703484,1.8243750000000001,19.762460000000001,0.19658300000000001,2.724167,0.021291999999999998,22.294419000000001,34.045569000067189,1260602.122525,1260602.1228169999
898,2675,8193,1,1260615.0020000001,1260624.177194,1260646.404238,0.44537500000000002,0.31879199994727969,0.00029099988751113415,0.055417000083252788,1.815042,19.712876999999999,0.19891700000000001,2.7498330000000002,0.018374999999999999,22.311627000000001,31.402237999951467,1260624.5379860001,1260624.538277
899,2676,8193,1,1260623.334,1260646.4526549999,1260670.1838239999,0.37770900000000002,0.32870800001546741,0.0002910001203417778,0.055708999978378415,1.821167,21.203586000000001,0.19687499999999999,2.7334999999999998,0.018667,23.735253,46.849823999917135,1260646.8262799999,1260646.826571
900,2680,8193,1,1260656.6699999999,1260670.317699,1260697.1306179999,0.43429200000000001,0.3030409999191761,0.00029099988751113415,2.7174590001814067,1.796084,21.672585999999999,0.19541700000000001,2.6847919999999998,0.018374999999999999,26.903335999999999,40.460618000011891,1260670.661574,1260670.6618649999
901,2683,8193,1,1260681.6399999999,1260697.2242429999,1260721.761287,0.38412499999999999,0.2928330001886934,0,0.055416999850422144,1.815625,22.056711,0.19512499999999999,2.8075839999999999,0.018665999999999999,24.587502000000001,40.121287000132725,1260697.5582010001,1260697.5582010001
902,2686,8193,1,1260706.669,1260721.894871,1260746.2997900001,0.42612499999999998,0.29254100006073713,0.00029199989512562752,0.052208000095561147,1.837208,21.934794,0.198042,2.7276669999999998,0.020125000000000001,24.497378000000001,39.630790000082925,1260722.228537,1260722.2288289999
903,2689,8193,1,1260731.6710000001,1260746.3907900001,1260770.9514589999,0.39550000000000002,0.3030409999191761,0,0.055416999850422144,1.8237920000000001,22.056127,0.19454199999999999,2.8116669999999999,0.018667,24.608794,39.280458999797702,1260746.7384560001,1260746.7384560001
904,2692,8193,1,1260756.6699999999,1260771.0830010001,1260795.744003,0.41445799999999999,0.27999999979510903,0.00029199989512562752,0.054541999939829111,1.8051250000000001,22.201084999999999,0.19658400000000001,2.800875,0.01925,24.752293999999999,39.074003000045195,1260771.4061670001,1260771.406459
905,2695,8193,1,1260781.673,1260795.8492950001,1260822.700131,0.39083299999999999,0.29720799997448921,0.00029200012795627117,2.7571250000037253,1.805126,21.674627000000001,0.19454199999999999,2.7232919999999998,0.018959,26.903628000000001,41.027131000068039,1260796.1873359999,1260796.187628
906,2699,8193,1,1260814.9909999999,1260822.8736719999,1260847.5425499999,0.47745799999999999,0.29925000015646219,0.00058300001546740532,0.0096249999478459358,1.7855840000000001,22.283919000000001,0.19600000000000001,2.7072500000000002,0.027125,24.796918999999999,32.551549999974668,1260823.223089,1260823.223672
907,2702,8193,1,1260839.9709999999,1260847.5898,1260871.3711359999,0.38383299999999998,0.33425000007264316,0.00058400002308189869,0.048416000092402101,1.801917,21.275334999999998,0.198042,2.957792,0.010500000000000001,23.785419000000001,31.400136000011116,1260847.9692579999,1260847.9698419999
908,2704,8193,1,1260856.669,1260871.4533859999,1260898.378888,0.38850000000000001,0.29720800020731986,0.00029199989512562752,2.8032090000342578,1.797833,21.745794,0.19629199999999999,2.762667,0.025958999999999999,26.97392,41.709888000041246,1260871.793177,1260871.7934689999
909,2708,8193,1,1260890.0109999999,1260898.582472,1260922.253266,0.43049999999999999,0.26949999993667006,0.00029200012795627117,0.054833000060170889,1.8182499999999999,21.259001999999999,0.19629199999999999,2.8317920000000001,0.011667,23.791836,32.242266000015661,1260898.8919299999,1260898.8922220001
910,2711,8193,1,1260914.963,1260922.392099,1260946.675393,0.43108400000000002,0.29633300006389618,0.0002910001203417778,0.010499999858438969,1.7984169999999999,21.856918,0.20183400000000001,2.7947500000000001,0.011667,24.374295,31.71239300002344,1260922.7318909999,1260922.7321820001
911,2713,8193,1,1260931.6299999999,1260946.75706,1260971.3422290001,0.39987499999999998,0.30625000013969839,0.00029200012795627117,0.054250000044703484,1.8097920000000001,22.091127,0.19629099999999999,2.7789999999999999,0.018082999999999998,24.635335999999999,39.712229000171646,1260947.1067679999,1260947.1070600001
912,2716,8193,1,1260956.6699999999,1260971.475812,1260996.2593149999,0.45879199999999998,0.33016699994914234,0.00058300001546740532,0.05133299995213747,1.834584,22.248918,0.19279199999999999,2.7364169999999999,0.018667,24.870128000000001,39.589314999990165,1260971.848271,1260971.848854
913,2719,8193,1,1260981.6780000001,1260996.3517730001,1261020.939859,0.39754200000000001,0.3047919999808073,0.00029099988751113415,0.055124999955296516,1.8127089999999999,22.090835999999999,0.19687499999999999,2.7655829999999999,0.017791999999999999,24.635919000000001,39.261858999961987,1260996.7014820001,1260996.7017729999
914,2722,8193,1,1261006.6329999999,1261021.0690669999,1261045.704403,0.42583300000000002,0.29808400012552738,0.00029199989512562752,0.054250000044703484,1.801625,22.163460000000001,0.19629199999999999,2.8743750000000001,0.01925,24.720794000000001,39.071403000038117,1261021.4094420001,1261021.409734
915,2725,8193,1,1261031.639,1261045.8476110001,1261072.834948,0.38004199999999999,0.28554199985228479,0.00029099988751113415,2.7921250001527369,1.815334,21.808502000000001,0.19745799999999999,2.7571249999999998,0.021291999999999998,27.041003,41.195948000065982,1261046.173987,1261046.1742779999
916,2729,8193,1,1261065.0020000001,1261073.001198,1261097.011492,0.46550000000000002,0.29837500001303852,0.00029200012795627117,0.051916999975219369,1.7803340000000001,21.561169,0.19366700000000001,2.8443339999999999,0.018667,24.133960999999999,32.009491999866441,1261073.342739,1261073.3430310001
917,2732,8193,1,1261089.9680000001,1261097.390075,1261121.3440769999,0.66149999999999998,0.28145799995400012,0.00029200012795627117,0.054833000060170889,1.7876259999999999,21.507501999999999,0.19716600000000001,2.861834,0.01925,24.290293999999999,31.376076999818906,1261097.7152829999,1261097.715575
918,2734,8193,1,1261106.669,1261121.433619,1261145.4724959999,0.37362499999999998,0.28612499986775219,0.00058400002308189869,0.054250000044703484,1.8229169999999999,21.553877,0.19804099999999999,2.7302919999999999,0.018374999999999999,24.084669000000002,38.803495999891311,1261121.7614519999,1261121.7620359999
919,2737,8193,1,1261131.679,1261145.601122,1261173.040541,0.423792,0.29633300006389618,0.00029200012795627117,2.8411249998025596,1.8170839999999999,22.162293999999999,0.19512499999999999,2.7460420000000001,0.018374999999999999,27.524878000000001,41.361540999962017,1261145.939455,1261145.9397470001
920,2741,8193,1,1261164.9779999999,1261173.173833,1261197.9351679999,0.40629199999999999,0.27504099998623133,0.00029099988751113415,0.05512500018812716,1.7800419999999999,22.333210000000001,0.19600000000000001,2.8624170000000002,0.018374999999999999,24.850877000000001,32.957168000051752,1261173.490583,1261173.4908739999
921,2744,8193,1,1261190.004,1261198.027918,1261222.5783790001,0.36429099999999998,0.27270899992436171,0.00029199989512562752,0.053375000134110451,1.8007500000000001,22.140711,0.19716700000000001,2.9248340000000002,0.019540999999999999,24.600626999999999,32.574379000114277,1261198.342043,1261198.3423349999
922,2747,8193,1,1261215.007,1261222.6997130001,1261249.775132,0.38733299999999998,0.26745799998752773,0.00029200012795627117,2.7320419999305159,1.810667,21.982627000000001,0.19600000000000001,2.6926670000000001,0.028875000000000001,27.154461000000001,34.768131999997422,1261223.0080039999,1261223.0082960001
923,2750,8193,1,1261240.004,1261249.915424,1261274.013509,0.36399999999999999,0.26979100005701184,0.00029200012795627117,0.055416999850422144,1.8147500000000001,21.702627,0.1925,2.7848329999999999,0.0055409999999999999,24.152044,34.009508999995887,1261250.2254649999,1261250.225757
924,2753,8193,1,1261264.9669999999,1261274.2054260001,1261298.0649280001,0.40804200000000002,0.28233299986459315,0.00029200012795627117,0.054250000044703484,1.817375,21.399001999999999,0.19512499999999999,2.7431260000000002,0.010208,23.944669000000001,33.097928000148386,1261274.5283009999,1261274.528593
925,2756,8193,1,1261290.0049999999,1261298.1445530001,1261322.6110139999,0.37916699999999998,0.29020899999886751,0.0002910001203417778,0.054541999939829111,1.8025,22.003043999999999,0.19833300000000001,2.814292,0.016334000000000001,24.513127000000001,32.606014000019059,1261298.4770539999,1261298.477345
926,2759,8193,1,1261315.0060000001,1261322.739056,1261347.6885170001,0.40075,0.27066699997521937,0.00029199989512562752,0.01195800001733005,1.7957920000000001,22.545252000000001,0.19570899999999999,2.732917,0.018083999999999999,25.037835999999999,32.682517000008374,1261323.051431,1261323.0517229999
927,2762,8193,1,1261340.003,1261347.7786419999,1261372.3098530001,0.36633399999999999,0.27824999997392297,0,0.051917000208050013,1.842166,22.044169,0.19716700000000001,2.7795830000000001,0.018667,24.57817,32.306853000074625,1261348.0980169999,1261348.0980169999
928,2765,8193,1,1261365.007,1261372.4419780001,1261397.0892719999,0.39141599999999999,0.2633749998640269,0.00029200012795627117,0.013416999951004982,1.8141670000000001,22.278376999999999,0.19541600000000001,2.765584,0.026542,24.734794000000001,32.082271999912336,1261372.7458939999,1261372.7461860001
929,2766,8193,1,1261373.338,1261397.1866880001,1261421.634483,0.31295800000000001,0.26045900001190603,0.00029200012795627117,0.054540999932214618,1.805709,22.054960999999999,0.19629199999999999,2.727376,0.010208999999999999,24.456835999999999,48.296483000041917,1261397.4906049999,1261397.4908970001
930,2770,8193,1,1261406.6699999999,1261421.776233,1261448.5906100001,0.42962499999999998,0.29341599997133017,0.00029199989512562752,2.7285420000553131,1.8115410000000001,21.713418999999998,0.19775000000000001,2.6480419999999998,0.0096249999999999999,26.906544,41.920610000146553,1261422.113691,1261422.1139829999
931,2774,8193,1,1261439.9739999999,1261448.75511,1261472.4609040001,0.41387499999999999,0.28408399992622435,0.00029199989512562752,0.054833000060170889,1.8284590000000001,21.269210000000001,0.19658300000000001,2.7833749999999999,0.0093340000000000003,23.793877999999999,32.486904000164941,1261449.0806100001,1261449.080902
932,2777,8193,1,1261465.013,1261472.557154,1261495.7647820001,0.37887500000000002,0.2872919999063015,0.00029099988751113415,0.01079199998639524,1.7917080000000001,20.797585000000002,0.19629199999999999,2.7232919999999998,0.012541999999999999,23.256043999999999,30.75178200006485,1261472.8876130001,1261472.887904
933,2779,8193,1,1261481.6510000001,1261495.845282,1261520.3875760001,0.387625,0.29895800002850592,0,0.054250000044703484,1.836333,22.038336000000001,0.19570799999999999,2.7451669999999999,0.017208000000000001,24.589544,38.736575999995694,1261496.1856569999,1261496.1856569999
934,2782,8193,1,1261506.672,1261520.5121180001,1261545.0392450001,0.40920800000000002,0.28204099996946752,0.00058300001546740532,0.055708999978378415,1.787625,22.078002000000001,0.19833300000000001,2.9265840000000001,0.018374999999999999,24.612002,38.367245000088587,1261520.8364510001,1261520.8370340001
935,2785,8193,1,1261531.6410000001,1261545.1322870001,1261569.697039,0.38004199999999999,0.28495799982920289,0,0.051625000080093741,1.801917,22.105419000000001,0.19512499999999999,2.823334,0.018665999999999999,24.617543999999999,38.056038999930024,1261545.4595369999,1261545.4595369999
936,2788,8193,1,1261556.6710000001,1261569.8250810001,1261593.854917,0.43516700000000003,0.30566599988378584,0.00029199989512562752,0.052499999990686774,1.791417,21.591211000000001,0.19541700000000001,2.7833749999999999,0.019542,24.115295,37.183916999958456,1261570.1747890001,1261570.175081
937,2791,8193,1,1261581.6740000001,1261593.9514580001,1261618.5932110001,0.391125,0.29574999981559813,0.00029199989512562752,0.053666000021621585,1.8302080000000001,22.142168999999999,0.19687499999999999,2.7871670000000002,0.018667,24.695710999999999,36.919210999971256,1261594.288625,1261594.2889169999
938,2794,8193,1,1261606.6710000001,1261618.7206689999,1261643.1019629999,0.42612499999999998,0.29750000010244548,0.0002910001203417778,0.055417000083252788,1.8226249999999999,21.884919,0.19570899999999999,2.662334,0.018957999999999999,24.466169000000001,36.430962999816984,1261619.0622109999,1261619.062502
939,2797,8193,1,1261631.6710000001,1261643.190338,1261667.331299,0.40337499999999998,0.31470900005660951,0,0.055707999970763922,1.8214589999999999,21.627376999999999,0.19687499999999999,2.7451669999999999,0.018957999999999999,24.186461000000001,35.660298999864608,1261643.5485050001,1261643.5485050001
940,2800,8193,1,1261656.6710000001,1261667.4622569999,1261690.9950929999,0.411833,0.27941700001247227,0.00029199989512562752,0.054541999939829111,1.8025,21.111127,0.19950000000000001,2.7600419999999999,0.018957999999999999,23.622668999999998,34.324092999799177,1261667.7842570001,1261667.784549
941,2803,8193,1,1261681.6710000001,1261691.0796759999,1261718.213429,0.357292,0.27475000009872019,0.0002910001203417778,0.0119589997921139,1.7765420000000001,24.748794,0.19716700000000001,2.6355,0.018082999999999998,27.176335999999999,36.542428999906406,1261691.394385,1261691.3946760001
942,2806,8193,1,1261706.672,1261718.341762,1261742.9811819999,0.41416599999999998,0.28933400008827448,0.00029199989512562752,0.053667000029236078,1.811833,22.163461000000002,0.19891700000000001,2.823334,0.017791999999999999,24.723419,36.309181999880821,1261718.6716370001,1261718.6719289999
943,2809,8193,1,1261731.6799999999,1261743.1176819999,1261767.333017,0.39258300000000002,0.30216600000858307,0.00029199989512562752,0.055416000075638294,1.8194170000000001,21.712251999999999,0.19833300000000001,2.719792,0.018374999999999999,24.261710999999998,35.653017000062391,1261743.46389,1261743.4641819999
944,2812,8193,1,1261756.6710000001,1261767.4622259999,1261791.9138110001,0.41766599999999998,0.29399999999441206,0.00029199989512562752,0.055124999955296516,1.8089170000000001,21.971543,0.198625,2.8078750000000001,0.018665999999999999,24.53471,35.242810999974608,1261767.7967670001,1261767.797059
945,2815,8193,1,1261781.679,1261792.00452,1261816.6672720001,0.37741599999999997,0.29050000011920929,0,0.054832999827340245,1.8188340000000001,22.174251999999999,0.20125000000000001,2.623542,0.017791999999999999,24.708252000000002,34.988272000104189,1261792.3367280001,1261792.3367280001
946,2818,8193,1,1261806.6440000001,1261816.7941469999,1261840.4876910001,0.40804200000000002,0.28291700012050569,0.0002910001203417778,0.054541999939829111,1.792292,21.239169,0.19629199999999999,2.8455010000000001,0.018665999999999999,23.777252000000001,33.843691000016406,1261817.118481,1261817.1187720001
947,2821,8193,1,1261831.673,1261840.5845250001,1261865.1717350001,0.37945800000000002,0.2855409998446703,0.00029200012795627117,0.053666000021621585,1.8232090000000001,22.109501999999999,0.19570799999999999,2.7405010000000001,0.018665999999999999,24.640585000000002,33.498735000146553,1261840.9106079999,1261840.9109
948,2824,8193,1,1261856.6710000001,1261865.3026940001,1261889.08928,0.403084,0.27445799997076392,0,0.054541999939829111,1.831958,21.353794000000001,0.19600000000000001,2.7305839999999999,0.020125000000000001,23.874085999999998,32.418279999867082,1261865.618277,1261865.618277
949,2827,8193,1,1261881.632,1261889.17328,1261914.146074,0.361958,0.27854100009426475,0,0.011665999889373779,1.797833,22.566835999999999,0.197459,2.7291249999999998,0.010208,25.016252000000001,32.514074000064284,1261889.49178,1261889.49178
950,2830,8193,1,1261906.673,1261914.2627399999,1261939.0264099999,0.41183399999999998,0.28758400003425777,0.00029099988751113415,0.051916999975219369,1.8363339999999999,22.275459999999999,0.19775000000000001,2.7979579999999999,0.01575,24.847377999999999,32.353409999981523,1261914.590574,1261914.5908649999
951,2833,8193,1,1261931.672,1261939.116535,1261963.743704,0.35699999999999998,0.26716599985957146,0.00029200012795627117,0.0099169998429715633,1.8462499999999999,22.230543999999998,0.19716600000000001,2.6850830000000001,0.020417000000000001,24.677043999999999,32.071704000001773,1261939.423951,1261939.4242430001
952,2835,8193,1,1261948.3389999999,1261963.877287,1261988.276081,0.35904199999999997,0.26979200006462634,0.00029099988751113415,0.056000000098720193,1.7978339999999999,22.006543000000001,0.19658400000000001,2.6165419999999999,0.010208,24.447793999999998,39.937081000069156,1261964.1873290001,1261964.18762
953,2838,8193,1,1261973.3389999999,1261988.4090809999,1262015.6904170001,0.41562500000000002,0.29050000011920929,0.00058300001546740532,2.7049169999081641,1.8089170000000001,22.203126999999999,0.19541700000000001,2.6252909999999998,0.010500000000000001,27.364460999999999,42.35141700017266,1261988.74129,1261988.741873
954,2842,8193,1,1262006.6740000001,1262015.825459,1262040.303878,0.39374999999999999,0.26629199995659292,0.00029199989512562752,0.012832999927923083,1.8200000000000001,22.065460999999999,0.19600000000000001,2.7031670000000001,0.014874999999999999,24.565919000000001,33.629877999890596,1262016.1317090001,1262016.132001
955,2845,8193,1,1262031.679,1262040.3890450001,1262064.781714,0.37041600000000002,0.28262499999254942,0.00058400002308189869,0.054540999932214618,1.807167,21.965710000000001,0.19716700000000001,2.7352500000000002,0.027415999999999999,24.438168999999998,33.10271400003694,1262040.7139610001,1262040.7145450001
956,2848,8193,1,1262056.672,1262064.9047970001,1262089.0066750001,0.44537500000000002,0.32024999987334013,0.00029099988751113415,0.048709000227972865,1.827291,21.631461000000002,0.19658300000000001,2.6244170000000002,0.0099170000000000005,24.185002000000001,32.334675000049174,1262065.266756,1262065.2670469999
957,2851,8193,1,1262081.672,1262089.0956329999,1262112.843719,0.38004199999999999,0.29429200012236834,0.00029200012795627117,0.0099160000681877136,1.797542,21.383544000000001,0.19775000000000001,2.610417,0.0087500000000000008,23.793002999999999,31.171718999976292,1262089.4307579999,1262089.43105
958,2853,8193,1,1262098.3400000001,1262112.9105100001,1262139.1972630001,0.42904199999999998,0.34299999987706542,0.00029099988751113415,2.6856670000124723,1.8165,21.133585,0.19483400000000001,2.5491670000000002,0.010208,26.330210999999998,40.857262999983504,1262113.2960940001,1262113.296385
959,2857,8193,1,1262131.632,1262139.356221,1262163.9973899999,0.43108299999999999,0.26979200006462634,0.00029200012795627117,0.013416999951004982,1.7794589999999999,22.264085000000001,0.19425000000000001,2.5972919999999999,0.011665999999999999,24.761627000000001,32.365389999933541,1262139.6668459999,1262139.667138
960,2860,8193,1,1262156.676,1262164.061557,1262188.8788930001,0.406584,0.33454199996776879,0.00029199989512562752,0.05512500018812716,1.811542,22.301418999999999,0.19629199999999999,2.6497920000000001,0.016333,24.848253,32.202893000096083,1262164.437224,1262164.4375159999
961,2862,8193,1,1262173.3400000001,1262188.9628930001,1262215.660312,0.36895800000000001,0.28116699983365834,0.00029200012795627117,2.5404169999528676,1.820875,21.733543999999998,0.197459,2.4459170000000001,0.018957999999999999,26.742919000000001,42.320311999879777,1262189.286351,1262189.2866430001
962,2866,8193,1,1262206.6610000001,1262215.7988539999,1262240.4047320001,0.42641600000000002,0.292250000173226,0.00029200012795627117,0.0099169998429715633,1.819709,22.164626999999999,0.19454199999999999,2.6935419999999999,0.018667,24.699210999999998,33.743732000002638,1262216.131937,1262216.1322290001
963,2869,8193,1,1262231.6799999999,1262240.4957320001,1262265.056109,0.38733299999999998,0.29341599997133017,0.00029199989512562752,0.052208000095561147,1.7893749999999999,22.103960000000001,0.19629199999999999,2.6110000000000002,0.018374999999999999,24.611127,33.37610900006257,1262240.8320230001,1262240.832315
964,2872,8193,1,1262256.6459999999,1262265.185609,1262289.5254860001,0.41883300000000001,0.29312499985098839,0.00029199989512562752,0.054540999932214618,1.8237920000000001,21.852543000000001,0.198042,2.7165840000000001,0.018374999999999999,24.42446,32.879486000165343,1262265.5198590001,1262265.520151
965,2875,8193,1,1262281.682,1262289.61882,1262316.227281,0.38266600000000001,0.29050000011920929,0.00029200012795627117,2.5722089998889714,1.816209,21.602585000000001,0.197459,2.537792,0.018667,26.659210999999999,34.545280999969691,1262289.950736,1262289.9510280001
966,2878,8193,1,1262306.682,1262316.3596969999,1262341.0067,0.43575000000000003,0.30362600018270314,0.00058400002308189869,0.052790999878197908,1.806875,22.162002000000001,0.198625,2.6716660000000001,0.018374999999999999,24.736836,34.324699999997392,1262316.7056140001,1262316.7061980001
967,2881,8193,1,1262331.6599999999,1262341.10295,1262365.7099939999,0.38441700000000001,0.29166699992492795,0.0002910001203417778,0.055124999955296516,1.802792,22.13721,0.200375,2.5859169999999998,0.018957999999999999,24.659544,34.049994000000879,1262341.434867,1262341.4351580001
968,2884,8193,1,1262356.6740000001,1262365.840077,1262392.644538,0.41387499999999999,0.28583399998024106,0.00029199989512562752,2.5914580000098795,1.8097920000000001,21.845251999999999,0.19658400000000001,2.5579170000000002,0.019540999999999999,26.891669,35.970537999877706,1262366.166744,1262366.1670359999
969,2887,8193,1,1262381.6740000001,1262392.7270800001,1262419.646166,0.36108299999999999,0.27562500000931323,0.00058400002308189869,2.6678750000428408,1.7955000000000001,21.913211,0.20125000000000001,2.6279170000000001,0.0096249999999999999,26.962544000000001,37.972165999934077,1262393.044705,1262393.045289
970,2890,8193,1,1262406.683,1262419.8646249999,1262444.1636689999,0.41649999999999998,0.28524999995715916,0.00029200012795627117,0.055999999865889549,1.802792,21.841752,0.19541700000000001,2.8040829999999999,0.011375,24.386544000000001,37.480668999953195,1262420.1933329999,1262420.1936250001
971,2893,8193,1,1262431.675,1262444.2432939999,1262468.970796,0.38733299999999998,0.29866600013338029,0.00029200012795627117,0.052791999885812402,1.8185420000000001,22.241334999999999,0.19629099999999999,2.6958760000000002,0.016916,24.773876999999999,37.295795999933034,1262444.58396,1262444.5842520001
972,2896,8193,1,1262456.6710000001,1262469.111671,1262495.6390490001,0.42233300000000001,0.29108399990946054,0,2.5325420000590384,1.8176669999999999,21.564084999999999,0.19658300000000001,2.4981249999999999,0.019542,26.616918999999999,38.968049000017345,1262469.4444629999,1262469.4444629999
973,2899,8193,1,1262481.6810000001,1262495.7358820001,1262519.22001,0.393459,0.30216700001619756,0.00029200012795627117,0.0093329998198896646,1.7768330000000001,21.113752000000002,0.19891700000000001,2.756542,0.019833,23.534877999999999,37.539009999949485,1262496.0788819999,1262496.0791740001
974,2902,8193,1,1262506.676,1262519.3480509999,1262544.1776370001,0.39783299999999999,0.26979200006462634,0.00029200012795627117,0.012540999799966812,1.7768330000000001,22.452794000000001,0.19570799999999999,2.6964579999999998,0.010792,24.916793999999999,37.501637000124902,1262519.658968,1262519.6592600001
975,2905,8193,1,1262531.675,1262544.25872,1262568.5892640001,0.43924999999999997,0.34912499994970858,0.00029200012795627117,0.051625000080093741,1.83575,21.776419000000001,0.19600000000000001,2.6877089999999999,0.016916,24.378668999999999,36.914264000020921,1262544.6498449999,1262544.650137
976,2908,8193,1,1262556.6740000001,1262568.7129309999,1262593.34885,0.41970800000000003,0.29545900016091764,0.00029200012795627117,0.05629199999384582,1.8299160000000001,22.129044,0.203292,2.6585420000000002,0.017791000000000001,24.718751999999999,36.674849999835715,1262569.049806,1262569.0500980001
977,2911,8193,1,1262581.6399999999,1262593.4413089999,1262617.6061859999,0.377417,0.2840830001514405,0,0.056000000098720193,1.8132919999999999,21.725667999999999,0.19629199999999999,2.6480419999999998,0.01925,24.216794,35.966186000034213,1262593.7668089999,1262593.7668089999
978,2914,8193,1,1262606.6740000001,1262617.733061,1262641.44148,0.40979100000000002,0.28408299991860986,0.00029200012795627117,0.054833000060170889,1.8272919999999999,21.225752,0.19395799999999999,2.6941250000000001,0.017791000000000001,23.793002000000001,34.767479999922216,1262618.0582689999,1262618.058561
979,2917,8193,1,1262631.6740000001,1262641.530147,1262666.1949410001,0.37508399999999997,0.2872919999063015,0.00029099988751113415,0.054834000067785382,1.830209,22.172502000000001,0.19716700000000001,2.7416670000000001,0.018374999999999999,24.710294000000001,34.520940999966115,1262641.859439,1262641.8597299999
980,2920,8193,1,1262656.639,1262666.3206489999,1262690.9218599999,0.43545899999999998,0.30683400016278028,0.00029099988751113415,0.056000000098720193,1.7984169999999999,22.154126999999999,0.19833300000000001,2.7267920000000001,0.028292000000000001,24.686086,34.28285999991931,1262666.671233,1262666.6715239999
981,2923,8193,1,1262681.6470000001,1262691.0609850001,1262714.085737,0.39491700000000002,0.30391699983738363,0.00029099988751113415,0.054541999939829111,1.824667,20.576792999999999,0.19775000000000001,2.7034590000000001,0.010208,23.073751999999999,32.438736999873072,1262691.4069020001,1262691.407193
982,2926,8193,1,1262706.6740000001,1262714.2239870001,1262739.041032,0.41095799999999999,0.28583399998024106,0.00058400002308189869,0.05424999981187284,1.8100830000000001,22.406127000000001,0.19395799999999999,2.6369590000000001,0.0081670000000000006,24.899878000000001,32.367031999863684,1262714.5521120001,1262714.5526960001
983,2929,8193,1,1262731.6740000001,1262739.1463230001,1262764.1319510001,0.36429099999999998,0.27504199999384582,0.00058400002308189869,0.010790999978780746,1.8057080000000001,22.575002000000001,0.19600000000000001,2.6165419999999999,0.010500000000000001,25.034044000000002,32.457950999960303,1262739.4621979999,1262739.462782
984,2932,8193,1,1262756.6740000001,1262764.249784,1262788.4858279999,0.40512500000000001,0.28058400005102158,0.00029199989512562752,0.052208000095561147,1.824084,21.764168999999999,0.197459,2.6952919999999998,0.016042000000000001,24.320043999999999,31.811827999772504,1262764.570909,1262764.5712009999
985,2933,8193,1,1262765.0079999999,1262788.527245,1262813.0205389999,0.33658300000000002,0.28962499997578561,0.00029199989512562752,0.053958000149577856,1.827583,22.002168999999999,0.19395799999999999,2.6515420000000001,0.018957999999999999,24.497377,48.012539000017568,1262788.859745,1262788.8600369999
986,2937,8193,1,1262798.3430000001,1262813.150039,1262837.7602919999,0.434,0.30099999997764826,0.0002910001203417778,0.055708999978378415,1.8197080000000001,22.143336000000001,0.19600000000000001,2.71075,0.021874999999999999,24.700085999999999,39.417291999794543,1262813.4942059999,1262813.494497
987,2940,8193,1,1262823.344,1262837.8474999999,1262862.360044,0.37187500000000001,0.28525000018998981,0.00029199989512562752,0.054833000060170889,1.8229169999999999,22.034544,0.19600000000000001,2.776084,0.018374999999999999,24.557752000000001,39.016043999930844,1262838.1738750001,1262838.174167
988,2943,8193,1,1262848.3459999999,1262862.492752,1262887.4830469999,0.405416,0.27300000004470348,0.00029200012795627117,0.011082999873906374,1.7867500000000001,22.626335999999998,0.19687499999999999,2.8029169999999999,0.023917000000000001,25.080711000000001,39.137046999996528,1262862.8077519999,1262862.8080440001
989,2946,8193,1,1262873.344,1262887.5752129999,1262911.076257,0.38616699999999998,0.29545900016091764,0.00029099988751113415,0.051042000064626336,1.8097920000000001,21.026544000000001,0.19658400000000001,2.6588340000000001,0.022166999999999999,23.550626999999999,37.732256999937817,1262887.9117970001,1262887.912088
990,2949,8193,1,1262898.3430000001,1262911.2118820001,1262935.8693850001,0.40920800000000002,0.27649999991990626,0.00029200012795627117,0.010207999963313341,1.834875,22.217711000000001,0.19775000000000001,2.6658339999999998,0.01925,24.748211000000001,37.526384999975562,1262911.5303819999,1262911.530674
991,2952,8193,1,1262923.3430000001,1262935.9627179999,1262960.685846,0.39433299999999999,0.30099999997764826,0.00029199989512562752,0.014582999981939793,1.8319589999999999,22.300252,0.19483300000000001,2.7116259999999999,0.023333,24.774460999999999,37.342845999868587,1262936.305718,1262936.3060099999
992,2955,8193,1,1262948.3419999999,1262960.8550120001,1262985.6350149999,0.41183399999999998,0.28583399998024106,0.0002910001203417778,0.055417000083252788,1.808333,22.360043999999998,0.19745799999999999,2.6637919999999999,0.010792,24.865753000000002,37.293014999944717,1262961.1810959999,1262961.181387
993,2958,8193,1,1262973.3149999999,1262985.731556,1263010.2823089999,0.387625,0.29837500001303852,0.00029200012795627117,0.010499999858438969,1.7946249999999999,22.124669000000001,0.19775000000000001,2.6827510000000001,0.012833000000000001,24.598877999999999,36.967308999970555,1262986.071056,1262986.0713480001
994,2961,8193,1,1262998.3419999999,1263010.402767,1263035.03577,0.42583399999999999,0.29720899998210371,0.0002910001203417778,0.053374999901279807,1.792,22.175711,0.19395899999999999,2.5567500000000001,0.016917000000000001,24.719628,36.693770000012591,1263010.7419759999,1263010.742267
995,2964,8193,1,1263023.344,1263035.12677,1263059.789814,0.37362499999999998,0.28204099996946752,0.00029199989512562752,0.050749999936670065,1.839251,22.20196,0.19804099999999999,2.7486670000000002,0.01925,24.713211000000001,36.445813999976963,1263035.4502280001,1263035.45052
996,2967,8193,1,1263048.345,1263059.925147,1263084.3639,0.41562500000000002,0.28291699988767505,0.00029199989512562752,0.052792000118643045,1.805417,21.976210999999999,0.19891700000000001,2.6363750000000001,0.01925,24.531503000000001,36.018900000024587,1263060.2480220001,1263060.248314
997,2970,8193,1,1263073.3419999999,1263084.5074,1263108.569902,0.371,0.27562500000931323,0.00029199989512562752,0.053666000021621585,1.8243750000000001,21.633794000000002,0.19833300000000001,2.7014170000000002,0.020416,24.116752000000002,35.227902000071481,1263084.8238580001,1263084.82415
998,2973,8193,1,1263098.344,1263108.6999850001,1263132.181779,0.41387499999999999,0.29137500002980232,0.00029200012795627117,0.0093329998198896646,1.8232079999999999,21.037918999999999,0.19629199999999999,2.610417,0.018957999999999999,23.564043999999999,33.837778999935836,1263109.0316099999,1263109.0319020001
999,2976,8193,1,1263123.325,1263132.2698629999,1263159.4846989999,0.38266699999999998,0.29545800015330315,0.00029199989512562752,2.6375420000404119,1.8025,22.188835000000001,0.19775000000000001,2.5993330000000001,0.020125000000000001,27.260628000000001,36.159698999952525,1263132.6070290001,1263132.607321
1000,2979,8193,1,1263148.311,1263159.608949,1263183.916743,0.50924999999999998,0.37945799995213747,0.0002910001203417778,0.05629199999384582,1.83575,21.708169000000002,0.19833400000000001,2.719792,0.018957999999999999,24.388877000000001,35.605743000051007,1263160.037116,1263160.0374070001
1001,2982,8193,1,1263173.3419999999,1263184.003368,1263208.5739539999,0.441,0.35466700000688434,0.00029200012795627117,0.055707999970763922,1.8305009999999999,22.014417999999999,0.19395799999999999,2.7127919999999999,0.018667,24.615503,35.231953999958932,1263184.3994509999,1263184.399743
1002,2985,8193,1,1263198.344,1263208.704037,1263233.198206,0.43370900000000001,0.30333300004713237,0.00029099988751113415,0.05512500018812716,1.803375,22.045335999999999,0.19600000000000001,2.7702499999999999,0.020417000000000001,24.583127999999999,34.854205999989063,1263209.048496,1263209.0487869999
1003,2988,8193,1,1263223.3540000001,1263233.2915399999,1263257.838209,0.37041600000000002,0.28233300009742379,0,0.051916999975219369,1.796959,22.096961,0.19658300000000001,2.5401250000000002,0.01925,24.593919,34.484208999900147,1263233.614998,1263233.614998
1004,2991,8193,1,1263248.344,1263257.9647919999,1263282.5286699999,0.41212500000000002,0.28700000001117587,0.00058300001546740532,0.054542000172659755,1.8232090000000001,22.082668999999999,0.19512499999999999,2.6865420000000002,0.020125000000000001,24.647877999999999,34.184669999871403,1263258.2929169999,1263258.2934999999
1005,2994,8193,1,1263273.3400000001,1263282.6228779999,1263309.6221719999,0.36312499999999998,0.27854200010187924,0.00029200012795627117,2.6308339999523014,1.801625,22.015294000000001,0.19687499999999999,2.5899999999999999,0.018957999999999999,27.043627000000001,36.282171999802813,1263282.941961,1263282.9422530001
1006,2997,8193,1,1263298.3430000001,1263309.746422,1263333.6537579999,0.42699999999999999,0.29866699990816414,0.00029200012795627117,0.018665999872609973,1.807167,21.461127000000001,0.198042,2.6564999999999999,0.019542,23.994544000000001,35.310757999774069,1263310.0862139999,1263310.086506
1007,3000,8193,1,1263323.3459999999,1263333.7479660001,1263358.2409689999,0.37595899999999999,0.28379199979826808,0.00058300001546740532,0.054833000060170889,1.821167,22.007418999999999,0.200375,2.7174580000000002,0.01925,24.542878000000002,34.894969000015408,1263334.0740499999,1263334.074633
1008,3003,8193,1,1263348.345,1263358.3681359999,1263382.995596,0.41766700000000001,0.29341600020416081,0.0002910001203417778,0.053374999901279807,1.8220419999999999,22.173669,0.19891700000000001,2.6742919999999999,0.019834000000000001,24.710878000000001,34.650596000021324,1263358.702386,1263358.7026770001
1009,3006,8193,1,1263373.3430000001,1263383.084846,1263407.0388489999,0.40425,0.31412500003352761,0.0002910001203417778,0.05629199999384582,1.820001,21.444794000000002,0.19833300000000001,2.715417,0.019542,24.001543999999999,33.695848999777809,1263383.4415549999,1263383.441846
1010,3009,8193,1,1263398.318,1263407.1683489999,1263434.324268,0.407167,0.27941600000485778,0,2.4167500000912696,1.7893749999999999,22.348960999999999,0.19570899999999999,4.573334,0.018957999999999999,27.243127999999999,36.006267999997362,1263407.4883069999,1263407.4883069999
1011,3012,8193,1,1263423.3430000001,1263434.4117680001,1263458.506937,0.39491700000000002,0.30654199980199337,0.00029099988751113415,0.053375000134110451,1.840125,21.572835000000001,0.19716700000000001,2.7486660000000001,0.01925,24.140086,35.163936999859288,1263434.7614770001,1263434.761768
1012,3015,8193,1,1263448.344,1263458.6454789999,1263482.3964809999,0.42379099999999997,0.29195800004526973,0.00029200012795627117,0.05424999981187284,1.8194170000000001,21.266003000000001,0.19804099999999999,2.653292,0.019833,23.841709999999999,34.052480999846011,1263458.978562,1263458.9788540001
1013,3018,8193,1,1263473.344,1263482.5020649999,1263509.3648590001,0.373917,0.2829160001128912,0.00029099988751113415,2.568417000118643,1.8036669999999999,21.935960999999999,0.19687499999999999,2.533709,0.020708000000000001,26.912669000000001,36.020859000040218,1263482.8258150001,1263482.826106
1014,3021,8193,1,1263498.311,1263509.5036919999,1263533.095153,0.42758400000000002,0.29516700003296137,0.00029200012795627117,0.009917000075802207,1.8135840000000001,21.156627,0.19687499999999999,2.761209,0.019542,23.681585999999999,34.784152999985963,1263509.8414419999,1263509.841734
1015,3024,8193,1,1263523.345,1263533.1934450001,1263557.9824890001,0.42175000000000001,0.32608299981802702,0.00029099988751113415,0.049875000026077032,1.778292,22.342835999999998,0.19687499999999999,2.6077919999999999,0.020708000000000001,24.841543999999999,34.637489000102505,1263533.5626950001,1263533.562986
1016,3027,8193,1,1263548.344,1263558.1207389999,1263582.309533,0.43720900000000001,0.29954200005158782,0.00029099988751113415,0.051916999975219369,1.836916,21.681919000000001,0.197459,2.666709,0.019542,24.284461,33.965532999951392,1263558.4622810001,1263558.462572
1017,3030,8193,1,1263573.345,1263582.4034500001,1263607.0242019999,0.36779099999999998,0.27504099998623133,0.00029199989512562752,0.0096249999478459358,1.8316669999999999,22.215961,0.19716700000000001,2.613334,0.020417000000000001,24.672377000000001,33.679201999912038,1263582.7196160001,1263582.719908
1018,3033,8193,1,1263598.345,1263607.1531189999,1263630.3899129999,0.41095900000000002,0.28379200003109872,0.00029199989512562752,0.052499999990686774,1.798708,20.784168999999999,0.19745799999999999,2.6238329999999999,0.01925,23.323128000000001,32.044912999961525,1263607.477744,1263607.4780359999
1019,3034,8193,1,1263606.6470000001,1263630.4362880001,1263654.845582,0.33045799999999997,0.28349999990314245,0.00029199989512562752,0.054541000165045261,1.807167,21.980001999999999,0.19716700000000001,2.6314169999999999,0.028292000000000001,24.413377000000001,48.198581999866292,1263630.762663,1263630.7629549999
1020,3038,8193,1,1263640.0109999999,1263655.021165,1263679.1212929999,0.417958,0.28904199996031821,0.00029199989512562752,0.053667000029236078,1.826708,21.665586000000001,0.199792,2.6786669999999999,0.0099170000000000005,24.188210999999999,39.110293000005186,1263655.3510400001,1263655.351332
1021,3041,8193,1,1263665.0179999999,1263679.272959,1263704.0552950001,0.37974999999999998,0.29050000011920929,0.00029200012795627117,0.014582999981939793,1.8188340000000001,22.393877,0.19629199999999999,2.6287919999999998,0.011083000000000001,24.830169000000001,39.037295000161976,1263679.604876,1263679.6051680001
1022,3044,8193,1,1263690.0120000001,1263704.2011289999,1263727.770423,0.45354100000000003,0.32025000010617077,0.00058400002308189869,0.052499999990686774,1.8147500000000001,21.116377,0.19600000000000001,2.6885840000000001,0.01225,23.661169000000001,37.75842299987562,1263704.5627949999,1263704.5633789999
1023,3047,8193,1,1263715.013,1263727.8704639999,1263752.497342,0.40512500000000001,0.31412500003352761,0.00058299978263676167,0.05629199999384582,1.8074589999999999,22.184752,0.19483300000000001,2.5611250000000001,0.011375,24.675294000000001,37.484341999981552,1263728.2271730001,1263728.2277559999
1024,3050,8193,1,1263740.0109999999,1263752.6344250001,1263777.5497610001,0.40454200000000001,0.2779579998459667,0.00029199989512562752,0.011666000122204423,1.796667,22.509668999999999,0.19629199999999999,2.6999590000000002,0.011083000000000001,25.000502999999998,37.538761000148952,1263752.9538,1263752.9540919999
1025,3053,8193,1,1263765.0109999999,1263777.6792609999,1263801.784638,0.38412499999999999,0.29399999999441206,0,0.055124999955296516,1.800751,21.638459999999998,0.19570799999999999,2.6054580000000001,0.017500000000000002,24.154086,36.773638000013307,1263778.014678,1263778.014678
1026,3056,8193,1,1263789.9939999999,1263801.9080129999,1263826.450308,0.41008299999999998,0.28525000018998981,0.0002910001203417778,0.055124999955296516,1.8287500000000001,22.093461000000001,0.19716600000000001,2.7078340000000001,0.025375000000000002,24.625419000000001,36.456308000022545,1263802.2349719999,1263802.235263
1027,3059,8193,1,1263815.0120000001,1263826.546849,1263850.593018,0.391125,0.29195900005288422,0.00029199989512562752,0.054542000172659755,1.8200000000000001,21.615418999999999,0.199792,2.7469169999999998,0.0049589999999999999,24.102460000000001,35.581017999909818,1263826.881974,1263826.8822659999
1028,3062,8193,1,1263839.9720000001,1263850.7318520001,1263875.2659789999,0.42379099999999997,0.29866599990054965,0.00029200012795627117,0.055124999955296516,1.801625,22.098127000000002,0.19745799999999999,2.6299579999999998,0.025083000000000001,24.617252000000001,35.293978999834508,1263851.0725179999,1263851.07281
1029,3065,8193,1,1263865.0209999999,1263875.3520210001,1263899.8167320001,0.38500000000000001,0.29283299995586276,0.00029199989512562752,0.053375000134110451,1.8325419999999999,21.973877000000002,0.19570799999999999,2.7142499999999998,0.011667,24.515170000000001,34.795732000144199,1263875.6865620001,1263875.686854
1030,3068,8193,1,1263890.0120000001,1263899.9424399999,1263923.3866089999,0.44333299999999998,0.31062500015832484,0.00029199989512562752,0.053375000134110451,1.8284579999999999,20.929127999999999,0.20474999999999999,2.7101670000000002,0.012541999999999999,23.535169,33.374608999816701,1263900.2947730001,1263900.295065
1031,3071,8193,1,1263915.0209999999,1263923.4665260001,1263950.594153,0.37333300000000003,0.28612499986775219,0.00029199989512562752,2.6110000000335276,1.815917,22.089960000000001,0.19658300000000001,2.571917,0.01925,27.174002000000002,35.573153000092134,1263923.793484,1263923.7937759999
1032,3074,8193,1,1263940.0120000001,1263950.7204450001,1263975.145489,0.39900000000000002,0.27474999986588955,0.00029199989512562752,0.051915999967604876,1.791417,22.020835000000002,0.19600000000000001,2.6074999999999999,0.020417000000000001,24.509043999999999,35.133488999912515,1263951.035445,1263951.0357369999
1033,3077,8193,1,1263965.0120000001,1263975.241739,1263999.3684080001,0.37362600000000001,0.27854200010187924,0,0.054834000067785382,1.811542,21.666169,0.19716700000000001,2.6422080000000001,0.019540999999999999,24.181211000000001,34.356407999992371,1263975.5611139999,1263975.5611139999
1034,3080,8193,1,1263990.0120000001,1263999.501408,1264026.679494,0.387042,0.26249999995343387,0.00029199989512562752,2.6944170000497252,1.80775,22.078294,0.203291,2.6541670000000002,0.019834000000000001,27.260045000000002,36.667493999935687,1263999.8062,1263999.8064919999
1035,3083,8193,1,1264015.014,1264026.768744,1264051.2147880001,0.3745,0.28816700004972517,0.00029099988751113415,0.054834000067785382,1.815917,21.967168000000001,0.198042,2.805542,0.018957999999999999,24.491834999999998,36.200788000132889,1264027.097453,1264027.0977439999
1036,3086,8193,1,1264040.0149999999,1264051.345163,1264075.462208,0.40600000000000003,0.27708399994298816,0.00029200012795627117,0.053667000029236078,1.815625,21.685127000000001,0.19570799999999999,2.6357919999999999,0.020417000000000001,24.205711000000001,35.447208000114188,1264051.662788,1264051.6630800001
1037,3089,8193,1,1264065.0120000001,1264075.552041,1264100.253002,0.369834,0.28204199997708201,0.0002910001203417778,0.054833999834954739,1.8214589999999999,22.222669,0.197459,2.685667,0.01925,24.747627999999999,35.241001999936998,1264075.875208,1264075.8754990001
1038,3092,8193,1,1264090.0120000001,1264100.380168,1264124.6410040001,0.41037499999999999,0.28554200008511543,0.0002910001203417778,0.051041999831795692,1.815042,21.784293000000002,0.19775000000000001,2.7378749999999998,0.020125000000000001,24.344543999999999,34.629003999987617,1264100.707127,1264100.7074180001
1039,3095,8193,1,1264115.013,1264124.7305459999,1264148.9829229999,0.37887500000000002,0.29137500002980232,0.00029200012795627117,0.053666000021621585,1.8290420000000001,21.760961000000002,0.19600000000000001,2.7282500000000001,0.01925,24.298752,33.969922999851406,1264125.063046,1264125.0633380001
1040,3098,8193,1,1264140.013,1264149.117382,1264172.812384,0.41299999999999998,0.28379100002348423,0.00029200012795627117,0.010207999963313341,1.8217509999999999,21.259001999999999,0.19658300000000001,2.675459,0.019833,23.783669,32.799384000012651,1264149.441715,1264149.4420070001
1041,3101,8193,1,1264165.013,1264172.908051,1264197.143803,0.391125,0.28933300008065999,0.00029099988751113415,0.055124999955296516,1.8103750000000001,21.784002000000001,0.198042,2.7028759999999998,0.020417000000000001,24.288252,32.130802999949083,1264173.2466760001,1264173.246967
1042,3103,8193,1,1264181.689,1264197.2441360001,1264221.083806,0.38500000000000001,0.28495899983681738,0.00029200012795627117,0.055416999850422144,1.8077510000000001,21.370418000000001,0.19658400000000001,2.7046260000000002,0.01925,23.89742,39.394805999938399,1264197.5713859999,1264197.571678
1043,3106,8193,1,1264206.689,1264221.213889,1264245.8186000001,0.41883300000000001,0.28933300008065999,0.00058299978263676167,0.054250000044703484,1.8340000000000001,22.113586000000002,0.193083,2.7652920000000001,0.019542,24.691918999999999,39.129600000102073,1264221.5455140001,1264221.5460969999
1044,3109,8193,1,1264231.6529999999,1264245.9154330001,1264270.679977,0.37275000000000003,0.27737499983049929,0.00029200012795627117,0.010207999963313341,1.8138749999999999,22.382501999999999,0.19629199999999999,2.643084,0.027125,24.818211000000002,39.02697700005956,1264246.2345159999,1264246.234808
1045,3112,8193,1,1264256.6810000001,1264270.802477,1264295.6133959999,0.4375,0.31062499992549419,0.00029199989512562752,0.050750000169500709,1.818541,22.356836000000001,0.19716700000000001,2.7095829999999999,0.0099170000000000005,24.895502,38.932395999785513,1264271.155394,1264271.1556859999
1046,3115,8193,1,1264281.6899999999,1264295.702938,1264320.352857,0.39666699999999999,0.31033300003036857,0.00029200012795627117,0.010790999978780746,1.7896669999999999,22.217417999999999,0.19775000000000001,2.5815419999999998,0.01225,24.694835999999999,38.662857000017539,1264296.0546879999,1264296.05498
1047,3118,8193,1,1264306.689,1264320.4718569999,1264343.9256510001,0.42933399999999999,0.30245900014415383,0,0.054833000060170889,1.817375,20.961794000000001,0.19716600000000001,2.6830419999999999,0.017791000000000001,23.539543999999999,37.236651000101119,1264320.815441,1264320.815441
1048,3121,8193,1,1264331.689,1264344.018401,1264368.210404,0.37566699999999997,0.27970900014042854,0.00029199989512562752,0.054250000044703484,1.7911250000000001,21.745502999999999,0.19483400000000001,2.5739589999999999,0.019542,24.246252999999999,36.521403999999166,1264344.3398180001,1264344.34011
1049,3124,8193,1,1264356.682,1264368.3390289999,1264392.932948,0.42904199999999998,0.30187500012107193,0.00029199989512562752,0.054250000044703484,1.820875,22.094626999999999,0.19512499999999999,2.7247499999999998,0.019542,24.678794,36.25094800000079,1264368.683195,1264368.6834869999
1050,3127,8193,1,1264381.645,1264393.0268639999,1264417.5397000001,0.41912500000000003,0.32900000014342368,0.00058299978263676167,0.054250000044703484,1.8051250000000001,21.998961000000001,0.198042,2.811083,0.018959,24.559501999999998,35.894700000062585,1264393.3993230001,1264393.3999059999
1051,3130,8193,1,1264406.6799999999,1264417.670075,1264442.2520359999,0.44012499999999999,0.31150000006891787,0.0002910001203417778,0.055708999978378415,1.834875,22.061668999999998,0.19541700000000001,2.752167,0.018957999999999999,24.669751999999999,35.572035999968648,1264418.022409,1264418.0227000001
1052,3133,8193,1,1264431.6799999999,1264442.345953,1264467.0810390001,0.378,0.28524999995715916,0.0002910001203417778,0.054541999939829111,1.815917,22.254752,0.199208,2.6987920000000001,0.01925,24.786711,35.401039000134915,1264442.672328,1264442.6726190001
1053,3136,8193,1,1264456.689,1264467.2554550001,1264490.835249,0.43020799999999998,0.30129199987277389,0.00029199989512562752,0.05512500018812716,1.822333,21.079626999999999,0.19687499999999999,2.743709,0.019542,23.665544000000001,34.146248999983072,1264467.599622,1264467.5999139999
1054,3139,8193,1,1264481.6869999999,1264490.923624,1264515.0657520001,0.38179099999999999,0.29429199988953769,0.00029200012795627117,0.054250000044703484,1.787042,21.725377000000002,0.19716700000000001,2.5167920000000001,0.027709000000000001,24.187919000000001,33.378752000164241,1264491.2596239999,1264491.2599160001
1055,3142,8193,1,1264506.682,1264515.1870850001,1264538.672087,0.45091700000000001,0.32579199993051589,0.00029199989512562752,0.051041000057011843,1.824084,21.026251999999999,0.19775000000000001,2.7553749999999999,0.004666,23.568418999999999,31.990086999954656,1264515.554585,1264515.5548769999
1056,3143,8193,1,1264515.0149999999,1264538.7350870001,1264563.37684,0.34212500000000001,0.29458400001749396,0,0.0096249999478459358,1.8550009999999999,22.156752000000001,0.20183300000000001,2.735833,0.018667,24.646419000000002,48.361840000143275,1264539.072837,1264539.072837
1057,3147,8193,1,1264548.3470000001,1264563.5037150001,1264587.9722170001,0.42175000000000001,0.29633299983106554,0.00029200012795627117,0.054832999827340245,1.79375,22.001586,0.19775000000000001,2.758292,0.018957999999999999,24.552793999999999,39.625217000022531,1264563.8411729999,1264563.8414650001
1058,3150,8193,1,1264573.3500000001,1264588.0626340001,1264612.468137,0.406584,0.31908299983479083,0.00029099988751113415,0.053375000134110451,1.8401259999999999,21.921668,0.19687499999999999,2.6308340000000001,0.018957999999999999,24.452169999999999,39.118136999895796,1264588.422551,1264588.4228419999
1059,3153,8193,1,1264598.3470000001,1264612.5903449999,1264637.4980969999,0.42466599999999999,0.2998330001719296,0.00029200012795627117,0.012249999912455678,1.79375,22.484877000000001,0.19570799999999999,2.662042,0.010791,24.99146,39.151096999878064,1264612.931595,1264612.9318870001
1060,3156,8193,1,1264623.3540000001,1264637.5829719999,1264662.3790170001,0.394042,0.30158400000073016,0.00029199989512562752,0.052792000118643045,1.8220419999999999,22.303751999999999,0.198625,2.6999590000000002,0.016625000000000001,24.847377999999999,39.025017000036314,1264637.925972,1264637.9262639999
1061,3159,8193,1,1264648.348,1264662.5111420001,1264687.4623519999,0.41212500000000002,0.28087499993853271,0.00029099988751113415,0.013125000055879354,1.8013330000000001,22.522794000000001,0.20066600000000001,2.6483340000000002,0.021583000000000001,25.041335,39.114351999945939,1264662.833142,1264662.8334329999
1062,3162,8193,1,1264673.318,1264687.5548109999,1264712.333355,0.38295800000000002,0.29195800004526973,0.00029200012795627117,0.054250000044703484,1.8109580000000001,22.304044000000001,0.19600000000000001,2.672542,0.019542,24.828419,39.015355000039563,1264687.8878939999,1264687.8881860001
1063,3165,8193,1,1264698.351,1264712.461105,1264739.048858,0.40862500000000002,0.28145799995400012,0.00058300001546740532,2.6255840000230819,1.8243750000000001,21.583044000000001,0.19629099999999999,2.586792,0.020125000000000001,26.672628,40.697857999941334,1264712.784855,1264712.785438
1064,3169,8193,1,1264731.6499999999,1264739.185941,1264763.3931100001,0.38616699999999998,0.2590000000782311,0.00029200012795627117,0.0096249999478459358,1.8051250000000001,21.806169000000001,0.201541,2.761209,0.01925,24.294086,31.743110000155866,1264739.4851909999,1264739.4854830001
1065,3170,8193,1,1264740.0149999999,1264763.442693,1264787.8432370001,0.35583300000000001,0.30450000008568168,0.00029200012795627117,0.05133299995213747,1.8200000000000001,21.906502,0.1925,2.7171669999999999,0.018374999999999999,24.408709999999999,47.828237000154331,1264763.79036,1264763.7906520001
1066,3174,8193,1,1264773.3500000001,1264787.9852789999,1264812.5030730001,0.416209,0.2846670001745224,0.00029200012795627117,0.054540999932214618,1.821167,22.078876999999999,0.19687499999999999,2.7075420000000001,0.020416,24.607336,39.153073000023142,1264788.311946,1264788.3122380001
1067,3177,8193,1,1264798.352,1264812.591157,1264837.509117,0.39141700000000001,0.30012500006705523,0.00029199989512562752,0.012250000145286322,1.7887919999999999,22.495377000000001,0.19804099999999999,2.7451669999999999,0.010791,24.966669,39.157117000082508,1264812.933865,1264812.9341569999
1068,3180,8193,1,1264823.3529999999,1264837.6316170001,1264861.8434530001,0.43545800000000001,0.303624999942258,0.00029199989512562752,0.052208000095561147,1.8100830000000001,21.722460999999999,0.19891700000000001,2.6833330000000002,0.018082999999999998,24.301376999999999,38.490453000180423,1264837.9775340001,1264837.977826
1069,3183,8193,1,1264848.344,1264861.9350370001,1264885.045831,0.38150000000000001,0.2867079998832196,0.00029200012795627117,0.054540999932214618,1.8278749999999999,20.652628,0.19775000000000001,2.6777920000000002,0.020417000000000001,23.164460999999999,36.701830999925733,1264862.26287,1264862.2631620001
1070,3186,8193,1,1264873.317,1264885.1729969999,1264909.8856250001,0.41066599999999998,0.28408400015905499,0.00029200012795627117,0.054832999827340245,1.8331249999999999,22.215668999999998,0.19483400000000001,2.6775000000000002,0.025958999999999999,24.797794,36.568625000072643,1264885.498497,1264885.4987890001
1071,3189,8193,1,1264898.3489999999,1264909.978958,1264933.986335,0.37945800000000002,0.28641699999570847,0.00029199989512562752,0.055124999955296516,1.824084,21.522960999999999,0.19337499999999999,2.7160000000000002,0.018957999999999999,24.059002,35.637335000094026,1264910.3067910001,1264910.307083
1072,3192,8193,1,1264923.314,1264934.1126270001,1264958.106588,0.40337499999999998,0.2785419998690486,0.00029200012795627117,0.053957999916747212,1.8095000000000001,21.532294,0.19716600000000001,2.7110409999999998,0.020125000000000001,24.077669,34.792587999952957,1264934.4322939999,1264934.4325860001
1073,3195,8193,1,1264948.348,1264958.19438,1264982.9551319999,0.36925000000000002,0.28175000008195639,0.00029199989512562752,0.053374999901279807,1.8328329999999999,22.269919000000002,0.19600000000000001,2.7883330000000002,0.019542,24.805961,34.607131999917328,1264958.5184210001,1264958.518713
1074,3198,8193,1,1264973.3489999999,1264983.0872569999,1265007.8118429999,0.42466700000000002,0.29195800004526973,0.00029199989512562752,0.054833000060170889,1.815917,22.237544,0.198625,2.691792,0.01925,24.815003000000001,34.462842999957502,1264983.421507,1264983.4217989999
1075,3201,8193,1,1264998.344,1265007.899926,1265032.4958870001,0.37741599999999997,0.29079200001433492,0.00029199989512562752,0.053958000149577856,1.827,22.110961,0.1925,2.6906249999999998,0.01925,24.640877,34.151887000072747,1265008.2324260001,1265008.232718
1076,3204,8193,1,1265023.314,1265032.6300540001,1265057.6045979999,0.40600000000000003,0.28204099996946752,0.0002910001203417778,0.012249999912455678,1.788208,22.562753000000001,0.197459,2.7763749999999998,0.019542,25.057669000000001,34.290597999934107,1265032.9529289999,1265032.95322
1077,3207,8193,1,1265048.352,1265057.69939,1265081.837725,0.38441700000000001,0.29254100006073713,0.0002910001203417778,0.054541999939829111,1.8351660000000001,21.635836000000001,0.19658400000000001,2.7215419999999999,0.019542,24.189377,33.485725000035018,1265058.0327649999,1265058.033056
1078,3210,8193,1,1265073.3529999999,1265081.9678090001,1265106.5631860001,0.41766700000000001,0.28758300002664328,0,0.053666000021621585,1.8305,22.094626999999999,0.19658300000000001,2.7253340000000001,0.026540999999999999,24.684044,33.21018600021489,1265082.296809,1265082.296809
1079,3213,8193,1,1265098.3389999999,1265106.654478,1265131.219814,0.37770900000000002,0.28933300008065999,0.00029099988751113415,0.055417000083252788,1.8205830000000001,22.078294,0.19716700000000001,2.725041,0.01925,24.612003000000001,32.880814000032842,1265106.9855200001,1265106.985811
1080,3216,8193,1,1265123.3489999999,1265131.346689,1265154.1238160001,0.40833399999999997,0.28320800000801682,0.0002910001203417778,0.053958999924361706,1.833126,20.282793000000002,0.19629199999999999,2.672542,0.019540999999999999,22.860835999999999,30.774816000135615,1265131.6713139999,1265131.671605
1081,3217,8193,1,1265131.682,1265154.2328989999,1265179.06161,0.35612500000000002,0.3042089999653399,0.00029200012795627117,0.055999999865889549,1.8229169999999999,22.322126999999998,0.200958,2.7749169999999999,0.019540999999999999,24.836877000000001,47.379609999945387,1265154.580566,1265154.5808580001
1082,3221,8193,1,1265165.0190000001,1265179.193735,1265203.6838209999,0.40483400000000003,0.27475000009872019,0.00029099988751113415,0.012542000040411949,1.7896669999999999,22.087918999999999,0.19366700000000001,2.7279589999999998,0.01925,24.579628,38.664820999838412,1265179.5090270001,1265179.5093179999
1083,3224,8193,1,1265190.0179999999,1265203.7736539999,1265228.0006570001,0.38587500000000002,0.29750000010244548,0.00029199989512562752,0.052208000095561147,1.826125,21.730919,0.19629099999999999,2.7629589999999999,0.020125000000000001,24.273085999999999,37.982657000189647,1265204.113446,1265204.1137379999
1084,3227,8193,1,1265214.9809999999,1265228.129282,1265252.9235759999,0.41649999999999998,0.2878749999217689,0.00029200012795627117,0.055124999955296516,1.8278749999999999,22.342544,0.19483300000000001,2.7273749999999999,0.027708,24.880628000000002,37.942576000001281,1265228.459448,1265228.4597400001
1085,3230,8193,1,1265240.0190000001,1265253.066201,1265277.6184119999,0.39987499999999998,0.30450000008568168,0.00029199989512562752,0.055124999955296516,1.831375,22.096377,0.19570799999999999,2.7171669999999999,0.0052500000000000003,24.602086,37.599411999806762,1265253.4162010001,1265253.416493
1086,3233,8193,1,1265265.017,1265277.7557870001,1265302.3683720001,0.423209,0.29720799997448921,0.00029099988751113415,0.053667000029236078,1.8141670000000001,22.162292999999998,0.19891700000000001,2.8230420000000001,0.027415999999999999,24.696294000000002,37.351372000062838,1265278.0952870001,1265278.0955779999
1087,3236,8193,1,1265290.017,1265302.455873,1265326.457708,0.38674999999999998,0.29254100006073713,0.00029200012795627117,0.016333000035956502,1.8100830000000001,21.567001999999999,0.19629199999999999,2.7644169999999999,0.019542,24.054627,36.440707999980077,1265302.7898309999,1265302.790123
1088,3239,8193,1,1265314.987,1265326.5965420001,1265352.7415440001,0.41912500000000003,0.28058300004340708,0.00029199989512562752,2.6480420001316816,1.826708,21.112877000000001,0.19891600000000001,2.6127500000000001,0.020125000000000001,26.241544000000001,37.754544000141323,1265326.919125,1265326.9194169999
1089,3242,8193,1,1265339.99,1265352.823503,1265380.063422,0.37129200000000001,0.28495800006203353,0.00029200012795627117,2.7661669999361038,1.808333,22.059044,0.20183400000000001,2.667583,0.010792,27.283961000000001,40.073422000044957,1265353.1510439999,1265353.1513360001
1090,3245,8193,1,1265365.0160000001,1265380.187964,1265404.0567989999,0.40454200000000001,0.27154099987819791,0.0002910001203417778,0.052791999885812402,1.802792,21.419419000000001,0.199209,2.8373339999999998,0.017500000000000002,23.960127,39.040798999834806,1265380.5012139999,1265380.5015050001
1091,3248,8193,1,1265390.0160000001,1265404.154508,1265428.982635,0.362541,0.26920800004154444,0.00029200012795627117,0.054832999827340245,1.7841260000000001,22.403502,0.19629099999999999,2.8245,0.018374999999999999,24.878876999999999,38.966634999960661,1265404.466299,1265404.4665910001
1092,3251,8193,1,1265415.0260000001,1265429.1159270001,1265454.131304,0.44391700000000001,0.30975000001490116,0.00058300001546740532,0.012249999912455678,1.7955000000000001,22.573836,0.19162499999999999,2.7014170000000002,0.019540999999999999,25.108419000000001,39.105303999967873,1265429.4668020001,1265429.4673850001
1093,3254,8193,1,1265440.003,1265454.2246379999,1265479.032349,0.38441700000000001,0.29312500008381903,0.00029099988751113415,0.053958999924361706,1.813876,22.329709999999999,0.19716700000000001,2.820417,0.018957999999999999,24.856711000000001,39.029348999960348,1265454.5597630001,1265454.560054
1094,3257,8193,1,1265465.023,1265479.1673900001,1265503.809143,0.40104200000000001,0.27066699997521937,0.00029199989512562752,0.010207999963313341,1.8331249999999999,22.239003,0.19716600000000001,2.6821670000000002,0.019833,24.730710999999999,38.786143000004813,1265479.4797650001,1265479.4800569999
1095,3260,8193,1,1265489.9839999999,1265503.8992679999,1265528.5048539999,0.370417,0.28029100014828146,0.00029099988751113415,0.052792000118643045,1.7855829999999999,22.167836000000001,0.19512499999999999,2.8341259999999999,0.019834000000000001,24.654002999999999,38.520854000002146,1265504.2212680001,1265504.221559
1096,3263,8193,1,1265515.017,1265528.6331869999,1265552.2646059999,0.40920800000000002,0.28204199997708201,0.00058300001546740532,0.050458999816328287,1.811833,21.171502,0.19483400000000001,2.6357919999999999,0.020125000000000001,23.716002,37.247605999931693,1265528.9578120001,1265528.9583950001
1097,3266,8193,1,1265540.0179999999,1265552.364356,1265576.023483,0.37770900000000002,0.28495800006203353,0.00029099988751113415,0.01079199998639524,1.8229169999999999,21.262794,0.19629199999999999,2.666417,0.020708000000000001,23.710169,36.005483000073582,1265552.6910230001,1265552.6913139999
1098,3269,8193,1,1265564.976,1265576.15065,1265600.913736,0.40425,0.2759170001372695,0.00058300001546740532,0.011957999784499407,1.7896669999999999,22.365293000000001,0.19629199999999999,2.706083,0.010792,24.850002,35.937735999934375,1265576.4676920001,1265576.4682750001
1099,3272,8193,1,1265590.0179999999,1265600.998902,1265625.660197,0.39141700000000001,0.29837600002065301,0,0.054834000067785382,1.8477079999999999,22.147418999999999,0.19629199999999999,2.769666,0.01575,24.713211000000001,35.642197000095621,1265601.3386939999,1265601.3386939999
1100,3275,8193,1,1265615.017,1265625.7958219999,1265653.038949,0.40745799999999999,0.28000000002793968,0.00029200012795627117,2.625874999910593,1.812125,22.196711000000001,0.198625,2.5917509999999999,0.019834000000000001,27.330044000000001,38.021948999958113,1265626.1163629999,1265626.116655
1101,3278,8193,1,1265639.9809999999,1265653.1276159999,1265677.1358680001,0.39812500000000001,0.3080000001937151,0.00029199989512562752,0.051625000080093741,1.8036669999999999,21.520043999999999,0.198042,2.668167,0.019834000000000001,24.054919000000002,37.15486800018698,1265653.479366,1265653.4796579999
1102,3281,8193,1,1265665.0220000001,1265677.27091,1265701.7700380001,0.41329199999999999,0.28233400010503829,0.00029199989512562752,0.052208000095561147,1.816792,22.025794000000001,0.19775000000000001,2.681,0.020709000000000002,24.589545000000001,36.748037999961525,1265677.593785,1265677.5940769999
1103,3284,8193,1,1265689.996,1265701.8589959999,1265726.3143730001,0.375083,0.28758300002664328,0.00029199989512562752,0.053958000149577856,1.8234999999999999,21.976794000000002,0.18929099999999999,2.6404589999999999,0.017208999999999999,24.501169000000001,36.318373000016436,1265702.1879960001,1265702.1882879999
1104,3287,8193,1,1265715.0179999999,1265726.4482479999,1265750.6915839999,0.42962499999999998,0.29516700003296137,0.00029200012795627117,0.055415999842807651,1.819709,21.749586000000001,0.20066700000000001,2.767042,0.018957999999999999,24.334918999999999,35.673583999974653,1265726.78629,1265726.7865820001
1105,3290,8193,1,1265740.0179999999,1265750.778501,1265775.0606279999,0.37187500000000001,0.28583299997262657,0.00029199989512562752,0.054250000044703484,1.812125,21.810252999999999,0.19687499999999999,2.691792,0.01925,24.326460999999998,35.042628000024706,1265751.1057510001,1265751.106043
1106,3293,8193,1,1265765.02,1265775.1872119999,1265799.904506,0.417375,0.29254100006073713,0.00029200012795627117,0.055416999850422144,1.836333,22.206627000000001,0.19600000000000001,2.7571249999999998,0.018957999999999999,24.801003000000001,34.884505999973044,1265775.520878,1265775.5211700001
1107,3296,8193,1,1265789.9839999999,1265799.999881,1265824.088925,0.38558300000000001,0.29195800004526973,0.00029199989512562752,0.055417000083252788,1.8188340000000001,21.644293999999999,0.19279199999999999,2.7060840000000002,0.024791000000000001,24.141544,34.104925000108778,1265800.3329640001,1265800.333256
1108,3299,8193,1,1265815.0179999999,1265824.3126330001,1265848.1024269999,0.40716599999999997,0.2785419998690486,0.00029199989512562752,0.053667000029236078,1.794333,21.391127000000001,0.19658300000000001,2.6007920000000002,0.012541,23.877585,33.084427000023425,1265824.632008,1265824.6322999999
1109,3302,8193,1,1265840.0220000001,1265848.199552,1265875.5847219999,0.39754200000000001,0.30595900001935661,0.00029200012795627117,2.6865419999230653,1.801625,22.330293999999999,0.19337499999999999,2.607208,0.0093340000000000003,27.434170000000002,35.562721999827772,1265848.548094,1265848.5483860001
1110,3305,8193,1,1265865.0179999999,1265875.7025550001,1265899.882891,0.41912500000000003,0.29079200001433492,0.0002910001203417778,0.011375000001862645,1.8249580000000001,21.780503,0.19512499999999999,2.7291249999999998,0.021583000000000001,24.268419000000002,34.86489100009203,1265876.0335969999,1265876.0338880001
1111,3308,8193,1,1265889.977,1265899.9595989999,1265924.355185,0.38558300000000001,0.29399999999441206,0.00029199989512562752,0.049875000026077032,1.8100830000000001,21.924878,0.19716600000000001,2.704917,0.010791,24.445751999999999,34.378185000037774,1265900.295016,1265900.2953079999
1112,3311,8193,1,1265915.02,1265924.4773929999,1265948.538437,0.41766700000000001,0.28787500015459955,0.0002910001203417778,0.051333999959751964,1.8418760000000001,21.563210000000002,0.19687499999999999,2.7880419999999999,0.017208000000000001,24.150002000000001,33.518436999991536,1265924.8061019999,1265924.8063930001
1113,3314,8193,1,1265940.0179999999,1265948.623896,1265972.1593559999,0.37304100000000001,0.28583299997262657,0.00058400002308189869,0.054250000044703484,1.837208,21.036460999999999,0.19891700000000001,2.8058329999999998,0.018667,23.580960000000001,32.141355999978259,1265948.951437,1265948.952021
1114,3316,8193,1,1265956.6869999999,1265972.2486060001,1265999.224859,0.37216700000000003,0.28379199979826808,0.00029199989512562752,2.682166000129655,1.810084,21.910876999999999,0.197459,2.6407500000000002,0.020416,27.023211,42.537859000032768,1265972.573815,1265972.5741069999
1115,3320,8193,1,1265990.03,1265999.356109,1266024.1501120001,0.41154099999999999,0.28262499999254942,0.00029199989512562752,0.052791999885812402,1.7861659999999999,22.353626999999999,0.19775000000000001,2.8886669999999999,0.018667,24.882669,34.120112000033259,1265999.6789840001,1265999.679276
1116,3323,8193,1,1266015.0279999999,1266024.2390699999,1266048.984656,0.371,0.28379200003109872,0.00029200012795627117,0.054832999827340245,1.813876,22.276627000000001,0.19629199999999999,2.7515839999999998,0.01925,24.791378000000002,33.956656000111252,1266024.5645699999,1266024.5648620001
1117,3326,8193,1,1266040.0290000001,1266049.1191139999,1266076.3144090001,0.41154200000000002,0.28758400003425777,0.00058300001546740532,2.6716670000459999,1.8129999999999999,22.147418999999999,0.19950000000000001,2.6282079999999999,0.020417000000000001,27.278127999999999,36.28540900000371,1266049.4478229999,1266049.4484059999
1118,3329,8193,1,1266065.0190000001,1266076.4103669999,1266100.8765360001,0.38995800000000003,0.29808300011791289,0.00029199989512562752,0.05133299995213747,1.830209,21.960751999999999,0.19716700000000001,2.7407919999999999,0.01925,24.515169,35.857535999966785,1266076.7513250001,1266076.751617
1119,3332,8193,1,1266090.0190000001,1266101.0028280001,1266125.780205,0.405416,0.28262499999254942,0,0.056582999881356955,1.820292,22.302586000000002,0.19687499999999999,2.7577090000000002,0.019833,24.860502,35.761204999871552,1266101.3254110001,1266101.3254110001
1120,3335,8193,1,1266115.0190000001,1266125.87733,1266149.8100409999,0.36633399999999999,0.27620900003239512,0.0002910001203417778,0.010499999858438969,1.808041,21.555627000000001,0.19891700000000001,2.7515830000000001,0.018665999999999999,23.982586000000001,34.791040999814868,1266126.1937889999,1266126.19408
1121,3338,8193,1,1266140.01,1266149.946249,1266173.0179600001,0.43779200000000001,0.30245899991132319,0,0.056584000121802092,1.825251,20.566586000000001,0.19600000000000001,2.781917,0.018374999999999999,23.166793999999999,33.0079600000754,1266150.2892489999,1266150.2892489999
1122,3341,8193,1,1266165.0109999999,1266173.1045850001,1266196.944837,0.38733400000000001,0.30041699996218085,0.00029099988751113415,0.055124999955296516,1.805126,21.359335000000002,0.19570799999999999,2.6661250000000001,0.01925,23.884294000000001,31.933837000047788,1266173.4478770001,1266173.448168
1123,3343,8193,1,1266181.686,1266197.0413790001,1266220.816298,0.38500000000000001,0.28845799993723631,0,0.056875000009313226,1.79375,21.34271,0.199792,2.7877510000000001,0.020125000000000001,23.828294,39.130298000061885,1266197.3732960001,1266197.3732960001
1124,3346,8193,1,1266206.6969999999,1266220.9431729999,1266245.137509,0.42058299999999998,0.29254200006835163,0.00029199989512562752,0.055124999955296516,1.7978339999999999,21.727419000000001,0.19570799999999999,2.662042,0.019540999999999999,24.279502000000001,38.440509000094607,1266221.2782980001,1266221.27859
1125,3349,8193,1,1266231.659,1266245.303176,1266269.6891359999,0.38354199999999999,0.29195800004526973,0.00058299978263676167,0.054834000067785382,1.82525,21.890460000000001,0.198042,2.7740420000000001,0.019833,24.434669,38.030135999899358,1266245.6380090001,1266245.6385919999
1126,3352,8193,1,1266256.686,1266269.817761,1266294.613806,0.44654199999999999,0.31879199994727969,0,0.056000000098720193,1.8048329999999999,22.295293999999998,0.19687499999999999,2.7827920000000002,0.019542,24.881795,37.927805999992415,1266270.178845,1266270.178845
1127,3355,8193,1,1266281.696,1266294.701597,1266319.286475,0.39083400000000001,0.30391700007021427,0,0.055417000083252788,1.8433330000000001,22.060210999999999,0.200375,2.7574169999999998,0.019542,24.629211000000002,37.590474999975413,1266295.048097,1266295.048097
1128,3358,8193,1,1266306.6869999999,1266319.421808,1266344.0218519999,0.40308300000000002,0.27416700008325279,0.00029200012795627117,0.010207999963313341,1.819126,22.211584999999999,0.19541600000000001,2.7218339999999999,0.01925,24.688127000000001,37.334851999999955,1266319.7368079999,1266319.7371
1129,3361,8193,1,1266331.686,1266344.1128519999,1266367.6923549999,0.385876,0.29662499995902181,0.0002910001203417778,0.055416999850422144,1.834292,21.076419000000001,0.198625,2.7839589999999999,0.019834000000000001,23.62792,36.006354999961331,1266344.450311,1266344.4506020001
1130,3364,8193,1,1266356.686,1266367.823605,1266395.037274,0.39229199999999997,0.26162500004284084,0.0002910001203417778,0.011666999896988273,4.4423750000000002,22.206336,0.198625,2.6110000000000002,0.020125000000000001,27.302336,38.35127400001511,1266368.12723,1266368.1275210001
1131,3367,8193,1,1266381.686,1266395.1291489999,1266419.7210260001,0.387625,0.29750000010244548,0,0.051916000200435519,1.8363339999999999,22.085001999999999,0.19833300000000001,2.7305839999999999,0.019540999999999999,24.640877,38.035026000114158,1266395.4680659999,1266395.4680659999
1132,3370,8193,1,1266406.686,1266419.848485,1266444.2052790001,0.42320799999999997,0.29429100011475384,0.00029200012795627117,0.055999999865889549,1.8147500000000001,21.866544000000001,0.198625,2.6897500000000001,0.019542,24.441669000000001,37.519279000116512,1266420.1868179999,1266420.1871100001
1133,3373,8193,1,1266431.6880000001,1266444.2924870001,1266468.5947400001,0.38237500000000002,0.29633399983868003,0,0.056582999881356955,1.8205830000000001,21.808211,0.19687499999999999,2.7323339999999998,0.019834000000000001,24.346585999999999,36.906740000005811,1266444.6308210001,1266444.6308210001
1134,3376,8193,1,1266456.6869999999,1266468.7216149999,1266493.271492,0.423209,0.29837500001303852,0.00029099988751113415,0.056000000098720193,1.7990010000000001,22.114751999999999,0.201542,2.8977080000000002,0.027125,24.634169,36.584492000052705,1266469.06024,1266469.0605309999
1135,3379,8193,1,1266481.6869999999,1266493.3692000001,1266518.00862,0.38500099999999998,0.29429199988953769,0,0.049875000026077032,1.822333,22.146543999999999,0.20008300000000001,2.763833,0.01925,24.689295000000001,36.321620000060648,1266493.704617,1266493.704617
1136,3382,8193,1,1266506.6810000001,1266518.1815780001,1266542.9224970001,0.41999999999999998,0.29458300000987947,0,0.053375000134110451,1.803375,22.269044000000001,0.19716700000000001,2.8641670000000001,0.019540999999999999,24.824919000000001,36.241496999980882,1266518.517578,1266518.517578
1137,3385,8193,1,1266531.6780000001,1266543.0152469999,1266566.8356659999,0.37129200000000001,0.27941700001247227,0.00029199989512562752,0.054833000060170889,1.787917,21.425836,0.19716700000000001,2.768208,0.018667,23.870294000000001,35.157665999839082,1266543.3366640001,1266543.336956
1138,3388,8193,1,1266556.648,1266566.9590410001,1266591.3237099999,0.417958,0.29049999988637865,0.00029200012795627117,0.01079199998639524,1.787042,21.998085,0.19687499999999999,2.7574169999999998,0.026249999999999999,24.450126999999998,34.675709999864921,1266567.2915409999,1266567.291833
1139,3391,8193,1,1266581.6869999999,1266591.421419,1266615.773546,0.41591600000000001,0.32637499994598329,0.00029200012795627117,0.048707999987527728,1.8191250000000001,21.882877000000001,0.19745799999999999,2.7743340000000001,0.01925,24.398502000000001,34.086546000093222,1266591.7909599999,1266591.791252
1140,3394,8193,1,1266606.6869999999,1266615.8945879999,1266640.931257,0.43779200000000001,0.31500000017695129,0.00029199989512562752,0.01195800001733005,1.7992919999999999,22.592794000000001,0.19629199999999999,2.771417,0.010500000000000001,25.118044000000001,34.244257000042126,1266616.2507130001,1266616.251005
1141,3397,8193,1,1266631.6899999999,1266641.01409,1266665.6654680001,0.40220800000000001,0.31091700005345047,0.00029199989512562752,0.05512500018812716,1.8243750000000001,22.146834999999999,0.19687499999999999,2.7133759999999998,0.016917000000000001,24.701252,33.975468000164255,1266641.366132,1266641.3664239999
1142,3400,8193,1,1266656.692,1266665.797884,1266690.5694289999,0.410667,0.2797089999075979,0.00029200012795627117,0.013125000055879354,1.8316669999999999,22.322710000000001,0.19833300000000001,2.702,0.018957999999999999,24.861086,33.877428999869153,1266666.1187179999,1266666.11901
1143,3403,8193,1,1266681.689,1266690.659554,1266715.3077229999,0.40220899999999998,0.31266600009985268,0.00058300001546740532,0.055124999955296516,1.8214589999999999,22.132252000000001,0.197459,2.7588750000000002,0.01925,24.695128,33.618722999934107,1266691.014804,1266691.0153870001
1144,3406,8193,1,1266706.6910000001,1266715.436639,1266739.7050590001,0.44829200000000002,0.3211260000243783,0.0002910001203417778,0.051625000080093741,1.820584,21.751919000000001,0.197459,2.625,0.018667,24.353586,33.014058999950066,1266715.7997649999,1266715.800056
1145,3409,8193,1,1266731.659,1266739.7960590001,1266763.7404360001,0.40658300000000003,0.31762499990873039,0.00029200012795627117,0.055707999970763922,1.8223339999999999,21.420877999999998,0.19775000000000001,2.771417,0.019833,23.990169000000002,32.081436000065878,1266740.1568499999,1266740.157142
1146,3411,8193,1,1266748.355,1266763.8299779999,1266787.47948,0.40220899999999998,0.31412500003352761,0,0.053666000021621585,1.815042,21.140293,0.19833400000000001,2.7740420000000001,0.018957999999999999,23.694419,39.124479999998584,1266764.186978,1266764.186978
1147,3414,8193,1,1266773.321,1266787.6118970001,1266812.081858,0.45470899999999997,0.32433299999684095,0.00029199989512562752,0.053374999901279807,1.8153330000000001,21.954919,0.19629199999999999,2.7361249999999999,0.018667,24.558920000000001,38.760858000023291,1266787.9779380001,1266787.97823
1148,3417,8193,1,1266798.3559999999,1266812.174316,1266836.220193,0.39316699999999999,0.30275000003166497,0.00029099988751113415,0.054541999939829111,1.811542,21.556501999999998,0.19629099999999999,2.7267920000000001,0.01925,24.094877,37.864193000132218,1266812.5184830001,1266812.518774
1149,3420,8193,1,1266823.3559999999,1266836.349985,1266861.105487,0.47191699999999998,0.34329200000502169,0,0.055124999955296516,1.7952090000000001,22.239585000000002,0.19716700000000001,2.8554170000000001,0.018374999999999999,24.841252999999998,37.749487000051886,1266836.736152,1266836.736152
1150,3423,8193,1,1266848.3570000001,1266861.1924040001,1266885.7548229999,0.39579199999999998,0.30916699999943376,0.00029199989512562752,0.051041000057011843,1.8363339999999999,22.043586000000001,0.19687499999999999,2.704917,0.018957999999999999,24.607336,37.397822999861091,1266861.5432790001,1266861.543571
1151,3426,8193,1,1266873.355,1266885.8825729999,1266912.990951,0.41212500000000002,0.28816700004972517,0.0002910001203417778,2.7810420000459999,1.806584,21.947334999999999,0.19454199999999999,2.739042,0.019833,27.192086,39.635951000032946,1266886.2112819999,1266886.2115730001
1152,3429,8193,1,1266898.358,1266913.0874930001,1266937.6507870001,0.38237500000000002,0.28495799982920289,0.00029199989512562752,0.055417000083252788,1.810667,22.091711,0.19629099999999999,2.690626,0.018667,24.617836,39.292787000071257,1266913.4150340001,1266913.415326
1153,3432,8193,1,1266923.3219999999,1266937.781745,1266962.391414,0.40862500000000002,0.27649999991990626,0.00029200012795627117,0.050749999936670065,1.8337079999999999,22.122919,0.199792,2.8110840000000001,0.023040999999999999,24.700669000000001,39.069414000026882,1266938.09937,1266938.0996620001
1154,3435,8193,1,1266948.3600000001,1266962.480373,1266988.337792,0.38033299999999998,0.29166599991731346,0.00029200012795627117,2.7110419999808073,1.8182499999999999,20.703378000000001,0.19833300000000001,2.6124589999999999,0.022749999999999999,25.903210999999999,39.977791999932379,1266962.814914,1266962.8152060001
1155,3438,8193,1,1266973.3319999999,1266988.4678750001,1267012.965544,0.41504200000000002,0.28466699994169176,0.00029199989512562752,0.053958000149577856,1.825833,22.009169,0.19891700000000001,2.762667,0.018957999999999999,24.586919000000002,39.633544000098482,1266988.793667,1266988.7939589999
1156,3441,8193,1,1266998.3659999999,1267013.057419,1267037.7032550001,0.416209,0.32579199993051589,0.00029099988751113415,0.055124999955296516,1.8135840000000001,22.129919000000001,0.19395799999999999,2.6597089999999999,0.019833,24.693086000000001,39.337255000136793,1267013.4263780001,1267013.4266689999
1157,3444,8193,1,1267023.355,1267037.83188,1267062.4383409999,0.425541,0.29954200005158782,0.00029199989512562752,0.053958000149577856,1.821167,22.115044000000001,0.19483300000000001,2.7337920000000002,0.019540999999999999,24.690752,39.083340999903157,1267038.17313,1267038.1734219999
1158,3447,8193,1,1267048.338,1267062.5281740001,1267087.52926,0.37245800000000001,0.28320900001563132,0.00029199989512562752,0.01370800007134676,1.772459,22.600085,0.19833300000000001,2.7075420000000001,0.01925,25.047460999999998,39.191259999992326,1267062.853966,1267062.8542579999
1159,3450,8193,1,1267073.355,1267087.6616770001,1267112.360013,0.421458,0.29079199978150427,0.00029200012795627117,0.056582999881356955,1.821167,22.211584999999999,0.19716700000000001,2.7165840000000001,0.019833,24.788169,39.00501299998723,1267087.993302,1267087.9935940001
1160,3453,8193,1,1267098.318,1267112.455388,1267136.9410979999,0.37129200000000001,0.27824999997392297,0.00029199989512562752,0.023625000147148967,1.810667,22.051459999999999,0.19512499999999999,2.6521249999999998,0.023040999999999999,24.537918999999999,38.623097999952734,1267112.7744710001,1267112.774763
1161,3456,8193,1,1267123.355,1267137.0764319999,1267161.0208089999,0.44070900000000002,0.30770800006575882,0.00058300001546740532,0.055417000083252788,1.7867500000000001,21.512460999999998,0.19541700000000001,2.8548330000000002,0.027708,24.035086,37.665808999910951,1267137.426432,1267137.427015
1162,3459,8193,1,1267148.365,1267161.1573089999,1267184.3570620001,0.38004199999999999,0.28758400003425777,0.0002910001203417778,0.05424999981187284,1.806292,20.781835999999998,0.19454199999999999,2.6212089999999999,0.010792,23.249336,35.992062000092119,1267161.487768,1267161.4880590001
1163,3462,8193,1,1267173.3589999999,1267184.488895,1267211.7967729999,0.43575000000000003,0.31004200014285743,0.00029200012795627117,2.7504169999156147,1.798416,22.129626999999999,0.19716700000000001,2.6705009999999998,0.011084,27.391586,38.437772999983281,1267184.8412279999,1267184.84152
1164,3465,8193,1,1267198.355,1267211.9245229999,1267236.3860249999,0.38791599999999998,0.29808300011791289,0.00029200012795627117,0.053957999916747212,1.7855840000000001,22.006544000000002,0.19775000000000001,2.8700000000000001,0.016333,24.510501999999999,38.031024999916553,1267212.2634389999,1267212.263731
1165,3468,8193,1,1267223.355,1267236.509692,1267260.8594859999,0.43516700000000003,0.30829200008884072,0.00029199989512562752,0.053374999901279807,1.8205830000000001,21.851085999999999,0.19337499999999999,2.7212499999999999,0.018667,24.434377999999999,37.504485999932513,1267236.8602750001,1267236.860567
1166,3471,8193,1,1267248.3570000001,1267260.9461109999,1267285.728447,0.38412499999999999,0.29866700014099479,0.00029200012795627117,0.056290999986231327,1.812125,22.296752000000001,0.19775000000000001,2.7229999999999999,0.020125000000000001,24.826961000000001,37.37144699995406,1267261.2856109999,1267261.285903
1167,3474,8193,1,1267273.358,1267285.86378,1267310.2826990001,0.39608300000000002,0.26687499997206032,0.00029199989512562752,0.013999999966472387,1.796959,22.054085000000001,0.19541700000000001,2.7790010000000001,0.020708000000000001,24.507294000000002,36.92469900008291,1267286.1714880001,1267286.17178
1168,3477,8193,1,1267298.3570000001,1267310.3731160001,1267334.3419929999,0.36895800000000001,0.2802919999230653,0,0.055707999970763922,1.8095000000000001,21.504002,0.19425000000000001,2.7139579999999999,0.021874999999999999,24.017002000000002,35.984992999816313,1267310.6942410001,1267310.6942410001
1169,3480,8193,1,1267323.3570000001,1267334.469452,1267358.9697459999,0.422041,0.29370800009928644,0.00029200012795627117,0.055124999955296516,1.8302080000000001,22.001002,0.19570799999999999,2.7932920000000001,0.018959,24.585169,35.612745999824256,1267334.8066179999,1267334.80691
1170,3483,8193,1,1267348.3559999999,1267359.0584120001,1267385.397957,0.38733299999999998,0.30129199987277389,0,2.6483330000191927,1.812125,21.306836000000001,0.197459,2.6054580000000001,0.018959,26.385335999999999,37.041957000037655,1267359.4002459999,1267359.4002459999
1171,3486,8193,1,1267373.3570000001,1267385.5315400001,1267411.664293,0.39374999999999999,0.26629199995659292,0.00029200012795627117,0.011082999873906374,4.4613329999999998,21.068543999999999,0.19629199999999999,2.618001,0.018959,26.219377999999999,38.307292999932542,1267385.8386649999,1267385.8389570001
1172,3489,8193,1,1267398.3570000001,1267411.7550009999,1267438.831004,0.38004199999999999,0.29079200001433492,0.0002910001203417778,2.6573759999591857,1.791417,22.011502,0.19570799999999999,2.6220840000000001,0.018959,27.124127999999999,40.474003999959677,1267412.0869179999,1267412.087209
1173,3492,8193,1,1267423.3559999999,1267438.9605040001,1267465.150131,0.39987600000000001,0.27183300000615418,0.0002910001203417778,2.6588339998852462,1.803958,21.167711000000001,0.19687499999999999,2.6188750000000001,0.021000000000000001,26.276835999999999,41.794131000060588,1267439.2731709999,1267439.2734620001
1174,3496,8193,1,1267456.6910000001,1267465.2825480001,1267489.359342,0.42058400000000001,0.29049999988637865,0,0.05133299995213747,1.7861659999999999,21.635836000000001,0.19629099999999999,2.85425,0.018957999999999999,24.166919,32.668341999873519,1267465.6130069999,1267465.6130069999
1175,3499,8193,1,1267481.6899999999,1267489.454134,1267514.19622,0.36633300000000002,0.27445799997076392,0.00029199989512562752,0.010500000091269612,1.8144579999999999,22.321252999999999,0.19687499999999999,2.744875,0.01925,24.792543999999999,32.506220000097528,1267489.7700090001,1267489.770301
1176,3502,8193,1,1267506.693,1267514.3280529999,1267538.9345140001,0.42583300000000002,0.29370800009928644,0.00029099988751113415,0.051916999975219369,1.816792,22.164919000000001,0.19716700000000001,2.7591670000000001,0.020708000000000001,24.697168999999999,32.241514000110328,1267514.66347,1267514.6637609999
1177,3503,8193,1,1267515.0249999999,1267538.9843890001,1267563.5975579999,0.34649999999999997,0.29370799986645579,0,0.026542000006884336,1.7969580000000001,22.183001999999998,0.19600000000000001,2.8650419999999999,0.011083000000000001,24.621918999999998,48.572557999985293,1267539.3221390001,1267539.3221390001
1178,3507,8193,1,1267548.3570000001,1267563.7188909999,1267587.339227,0.43108299999999999,0.29866700014099479,0.00029199989512562752,0.051333000184968114,1.7887919999999999,21.206502,0.19891700000000001,2.787458,0.019833,23.709002000000002,38.982226999942213,1267564.061308,1267564.0615999999
1179,3510,8193,1,1267573.3289999999,1267587.4363520001,1267611.8053959999,0.371583,0.279124999884516,0.00029200012795627117,0.0096249999478459358,1.7855829999999999,21.973002999999999,0.19629199999999999,2.7504170000000001,0.018957999999999999,24.420376999999998,38.476396000012755,1267587.756602,1267587.7568940001
1180,3513,8193,1,1267598.3559999999,1267611.9363549999,1267636.4526899999,0.44800000000000001,0.31587500008754432,0,0.053667000029236078,1.802208,22.021127,0.19658300000000001,2.8787500000000001,0.018665999999999999,24.606459999999998,38.096690000034869,1267612.294521,1267612.294521
1181,3516,8193,1,1267623.358,1267636.55244,1267661.2399850001,0.42525000000000002,0.32608400005847216,0.00029199989512562752,0.055124999955296516,1.8080419999999999,22.171627000000001,0.19600000000000001,2.7661669999999998,0.01925,24.743252999999999,37.881985000101849,1267636.9219820001,1267636.922274
1182,3519,8193,1,1267648.3589999999,1267661.369776,1267685.891945,0.448291,0.3193749999627471,0.00029199989512562752,0.053667000029236078,1.8240829999999999,22.038043999999999,0.19804099999999999,2.7133750000000001,0.020709000000000002,24.60821,37.532945000100881,1267661.732026,1267661.7323179999
1183,3522,8193,1,1267673.3389999999,1267685.9820699999,1267712.5190729999,0.38529200000000002,0.29633400007151067,0,2.8793329999316484,1.811833,21.228086000000001,0.198042,2.8361670000000001,0.019540999999999999,26.585128000000001,39.180073000025004,1267686.319529,1267686.319529
1184,3525,8193,1,1267698.3370000001,1267712.657323,1267737.5029509999,0.42291699999999999,0.29020799999125302,0.00029099988751113415,0.010208999970927835,1.778875,22.445211,0.19600000000000001,2.7588750000000002,0.01925,24.937503,39.165950999828056,1267712.9883650001,1267712.988656
1185,3528,8193,1,1267723.3589999999,1267737.594826,1267762.3987449999,0.41154099999999999,0.32141599990427494,0.00029199989512562752,0.054250000044703484,1.783833,22.358585999999999,0.19775000000000001,2.795334,0.030624999999999999,24.851168999999999,39.039744999958202,1267737.959117,1267737.9594089999
1186,3531,8193,1,1267748.361,1267762.5740360001,1267786.6642469999,0.41708400000000001,0.28758400003425777,0.00029099988751113415,0.015750000020489097,1.792001,21.712834999999998,0.204458,2.7979590000000001,0.023040999999999999,24.178294000000001,38.303246999857947,1267762.9027450001,1267762.903036
1187,3534,8193,1,1267773.3589999999,1267786.75758,1267811.292875,0.394042,0.30595900001935661,0.00058300001546740532,0.0093330000527203083,1.7946260000000001,22.099876999999999,0.19600000000000001,2.7302919999999999,0.019542,24.580503,37.933875000104308,1267787.106414,1267787.1069970001
1188,3537,8193,1,1267798.3230000001,1267811.4252909999,1267836.1125439999,0.46141700000000002,0.32666700007393956,0.00029199989512562752,0.052499999990686774,1.8351660000000001,22.147711000000001,0.19716600000000001,2.7437079999999998,0.020417000000000001,24.776503000000002,37.789543999824673,1267811.797458,1267811.7977499999
1189,3540,8193,1,1267823.3589999999,1267836.2093770001,1267860.362005,0.38383299999999998,0.28904199996031821,0.0069999999832361937,0.05512500018812716,1.796376,21.676376999999999,0.199792,2.7504170000000001,0.019542,24.206002999999999,37.003005000064149,1267836.5398349999,1267836.5468349999
1190,3543,8193,1,1267848.324,1267860.490921,1267885.112549,0.449459,0.32112500001676381,0.0002910001203417778,0.055124999955296516,1.8147500000000001,22.105128000000001,0.19687499999999999,2.6675840000000002,0.018957999999999999,24.707377999999999,36.788548999931663,1267860.85463,1267860.8549210001
1191,3546,8193,1,1267873.3330000001,1267885.2029649999,1267909.565009,0.40512500000000001,0.31674999999813735,0.00029099988751113415,0.054250000044703484,1.839542,21.824836000000001,0.198042,2.6894589999999998,0.019540999999999999,24.407834999999999,36.232008999912068,1267885.5622990001,1267885.56259
1192,3549,8193,1,1267898.321,1267909.7443840001,1267934.151637,0.46462599999999998,0.33512599999085069,0.00058299978263676167,0.055417000083252788,1.7940419999999999,21.894836000000002,0.19716700000000001,2.765584,0.020416,24.493586000000001,35.830637000035495,1267910.1223850001,1267910.1229679999
1193,3552,8193,1,1267923.3570000001,1267934.2411789999,1267958.9208480001,0.41941699999999998,0.33220800012350082,0.00029200012795627117,0.054833000060170889,1.7879160000000001,22.178044,0.19775000000000001,2.8592089999999999,0.019834000000000001,24.724878,35.563848000019789,1267934.6153869999,1267934.615679
1194,3555,8193,1,1267948.358,1267959.0503479999,1267986.093684,0.44858300000000001,0.32200000016018748,0.00058300001546740532,2.8408339999150485,1.807167,21.796835999999999,0.19570799999999999,2.7469169999999998,0.022166999999999999,27.128211,37.735683999955654,1267959.4140560001,1267959.4146390001
1195,3558,8193,1,1267973.3600000001,1267986.182642,1268012.8966870001,0.37595899999999999,0.28612499986775219,0.00029199989512562752,2.7122080000117421,1.8039590000000001,21.654502000000001,0.19454199999999999,2.678083,0.0096249999999999999,26.763337,39.536686999956146,1267986.5093090001,1267986.509601
1196,3561,8193,1,1267998.358,1268013.0174370001,1268040.202814,0.44800000000000001,0.32083299988880754,0.00058400002308189869,2.7687919999007136,1.812708,22.007711,0.19716700000000001,2.6311249999999999,0.012541999999999999,27.269086000000001,41.844813999952748,1268013.381728,1268013.382312
1197,3565,8193,1,1268031.7050000001,1268040.3378560001,1268067.6696500001,0.41475000000000001,0.28495799982920289,0.00058300001546740532,2.701708999928087,1.7957920000000001,22.233751999999999,0.19454199999999999,2.5640420000000002,0.012833000000000001,27.421627000000001,35.964649999979883,1268040.6627730001,1268040.6633560001
1198,3568,8193,1,1268056.692,1268067.7527749999,1268091.426486,0.360792,0.26979200006462634,0.00029199989512562752,0.053958000149577856,1.798125,21.223711000000002,0.199209,2.8023340000000001,0.01925,23.723586000000001,34.734485999913886,1268068.063692,1268068.0639839999
1199,3571,8193,1,1268081.693,1268091.571153,1268115.160863,0.43720799999999999,0.30595800001174212,0.00029199989512562752,0.054542000172659755,1.8278760000000001,21.077293000000001,0.19541700000000001,2.7752089999999998,0.020125000000000001,23.679252000000002,33.467862999998033,1268091.918819,1268091.9191109999
1200,3574,8193,1,1268106.692,1268115.251863,1268139.356658,0.41358400000000001,0.32491700001992285,0.00029200012795627117,0.054250000044703484,1.831958,21.573128000000001,0.197459,2.776084,0.020125000000000001,24.15117,32.664657999994233,1268115.6193629999,1268115.619655
1201,3577,8193,1,1268131.692,1268139.502783,1268166.4081600001,0.42029100000000003,0.29079100000672042,0.00029199989512562752,2.7160000000149012,1.8129999999999999,21.755419,0.199208,2.6807089999999998,0.020708000000000001,26.993752000000001,34.716160000069067,1268139.834699,1268139.8349909999
1202,3580,8193,1,1268156.693,1268166.5003269999,1268190.6818289999,0.39637499999999998,0.30566700012423098,0.00029099988751113415,0.051625000080093741,1.7946249999999999,21.709918999999999,0.198042,2.8049590000000002,0.020417000000000001,24.229043999999998,33.988828999921679,1268166.8488690001,1268166.84916
1203,3583,8193,1,1268181.699,1268190.830871,1268215.196707,0.41358400000000001,0.28875000006519258,0.0002910001203417778,0.011666999896988273,1.7765420000000001,21.959876999999999,0.19745799999999999,2.6661260000000002,0.019833,24.449252999999999,33.497707000002265,1268191.1610379999,1268191.161329
1204,3586,8193,1,1268206.692,1268215.2926650001,1268239.794709,0.39637499999999998,0.30333399982191622,0.00029199989512562752,0.051333000184968114,1.836916,21.983502000000001,0.19745799999999999,2.763541,0.020417000000000001,24.553961000000001,33.102708999998868,1268215.636832,1268215.6371239999
1205,3589,8193,1,1268231.6939999999,1268239.9449179999,1268264.42392,0.43604199999999999,0.29954100004397333,0.00029200012795627117,0.055707999970763922,1.8179590000000001,21.980585000000001,0.19716700000000001,2.7556669999999999,0.020125000000000001,24.573211000000001,32.729920000070706,1268240.286751,1268240.2870430001
1206,3592,8193,1,1268256.702,1268264.5137529999,1268289.196923,0.40949999999999998,0.32112500001676381,0.00058400002308189869,0.053667000029236078,1.8305,22.157627000000002,0.19600000000000001,2.765584,0.020125000000000001,24.728670000000001,32.494922999991104,1268264.877753,1268264.878337
1207,3595,8193,1,1268281.692,1268289.3433389999,1268316.7559249999,0.41883399999999998,0.28962500020861626,0,2.6445420000236481,1.816208,22.334669000000002,0.200375,2.6098330000000001,0.020125000000000001,27.50067,35.063924999907613,1268289.673798,1268289.673798
1208,3598,8193,1,1268306.6580000001,1268316.8504250001,1268340.6699689999,0.38908399999999999,0.29779199999757111,0.00029099988751113415,0.05512500018812716,1.796376,21.346793999999999,0.19483300000000001,2.7921260000000001,0.020125000000000001,23.870003000000001,34.011968999868259,1268317.188759,1268317.1890499999
1209,3601,8193,1,1268331.652,1268340.812011,1268365.7471799999,0.47104200000000002,0.34270799998193979,0.00029200012795627117,0.056875000009313226,1.783542,22.428294000000001,0.199208,2.820125,0.020125000000000001,25.020336,34.095179999945685,1268341.1978859999,1268341.198178
1210,3604,8193,1,1268356.702,1268365.8472219999,1268390.3445989999,0.39374999999999999,0.3004170001950115,0.00029200012795627117,0.010790999978780746,1.8132919999999999,22.087627000000001,0.19483300000000001,2.8994589999999998,0.019834000000000001,24.549586000000001,33.642598999897018,1268366.188472,1268366.1887640001
1211,3607,8193,1,1268381.699,1268390.4878080001,1268414.3758940001,0.41591699999999998,0.29020799999125302,0,0.054834000067785382,1.809501,21.407167999999999,0.198042,2.702,0.020125000000000001,23.973253,32.676894000032917,1268390.8188489999,1268390.8188489999
1212,3610,8193,1,1268406.702,1268414.4692269999,1268438.574604,0.387625,0.29312500008381903,0.00029099988751113415,0.05512500018812716,1.8001670000000001,21.633502,0.19483300000000001,2.795042,0.019833,24.157585000000001,31.872603999916464,1268414.804644,1268414.8049349999
1213,3612,8193,1,1268423.371,1268438.6676459999,1268462.9521069999,0.434,0.34183300007134676,0.00029099988751113415,0.054541999939829111,1.802792,21.761835999999999,0.19337499999999999,2.8387920000000002,0.01925,24.333169000000002,39.581106999889016,1268439.0529380001,1268439.053229
1214,3615,8193,1,1268448.361,1268463.0818980001,1268487.7038179999,0.46870800000000001,0.33950000000186265,0.00029200012795627117,0.056582999881356955,1.8188340000000001,22.085001999999999,0.19600000000000001,2.7743340000000001,0.019833,24.708544,39.342817999888211,1268463.4636899999,1268463.463982
1215,3618,8193,1,1268473.3589999999,1268487.792776,1268512.449695,0.38529099999999999,0.29837500001303852,0.00029199989512562752,0.05512500018812716,1.8048329999999999,22.176002,0.19629199999999999,2.8037920000000001,0.020125000000000001,24.702127000000001,39.090695000020787,1268488.132859,1268488.1331509999
1216,3621,8193,1,1268498.3200000001,1268512.5821120001,1268536.364322,0.42699999999999999,0.30012499983422458,0.00029199989512562752,0.056000000098720193,1.7960830000000001,21.307418999999999,0.19775000000000001,2.777542,0.020709000000000002,23.869126999999999,38.044321999885142,1268512.9221950001,1268512.922487
1217,3624,8193,1,1268523.361,1268536.455322,1268560.939575,0.39316600000000002,0.3030419999267906,0,0.055124999955296516,1.787334,22.053794,0.19600000000000001,2.8297509999999999,0.030332999999999999,24.530919000000001,37.578574999934062,1268536.8021140001,1268536.8021140001
1218,3627,8193,1,1268548.361,1268561.112825,1268585.6991610001,0.40979199999999999,0.28116700006648898,0.00029199989512562752,0.054833000060170889,1.808333,22.170461,0.19687499999999999,2.907626,0.010792,24.673252999999999,37.338161000050604,1268561.4357,1268561.4359919999
1219,3630,8193,1,1268573.3600000001,1268585.8286609999,1268609.51783,0.422041,0.32900000014342368,0.00058400002308189869,0.012541000032797456,1.8141670000000001,21.213794,0.19395799999999999,2.8367499999999999,0.01225,23.739044,36.157829999923706,1268586.200827,1268586.201411
1220,3633,8193,1,1268598.3230000001,1268609.637996,1268633.880166,0.473667,0.3462090000975877,0.00029099988751113415,0.052792000118643045,1.8255410000000001,21.694752999999999,0.19308400000000001,2.7673329999999998,0.020125000000000001,24.326460999999998,35.557165999896824,1268610.027372,1268610.0276629999
1221,3636,8193,1,1268623.321,1268633.971749,1268658.5070430001,0.41125,0.31908300006762147,0.00029200012795627117,0.055124999955296516,1.784125,22.054669000000001,0.19483300000000001,2.8367499999999999,0.019833,24.586044000000001,35.186043000081554,1268634.332249,1268634.3325410001
1222,3639,8193,1,1268648.3600000001,1268658.635668,1268683.1727120001,0.42408299999999999,0.29691700008697808,0.00029099988751113415,0.054250000044703484,1.8237920000000001,22.039501999999999,0.19687499999999999,2.7894999999999999,0.018959,24.621627,34.812711999984458,1268658.9754600001,1268658.975751
1223,3642,8193,1,1268673.361,1268683.272171,1268707.8357559999,0.38150000000000001,0.2942909998819232,0.00029099988751113415,0.056000000098720193,1.8191250000000001,22.074503,0.19541600000000001,2.7323339999999998,0.020125000000000001,24.609960000000001,34.47475599986501,1268683.607296,1268683.6075869999
1224,3645,8193,1,1268698.361,1268707.9623400001,1268731.7206339999,0.424958,0.30041599995456636,0,0.055417000083252788,1.8357509999999999,21.248501999999998,0.193666,2.7839589999999999,0.020417000000000001,23.842586000000001,33.359633999876678,1268708.303298,1268708.303298
1225,3648,8193,1,1268723.3500000001,1268731.809592,1268756.591636,0.387042,0.30041699996218085,0.0002910001203417778,0.051042000064626336,1.796667,22.310459999999999,0.19687499999999999,2.8180839999999998,0.020125000000000001,24.827544,33.241635999875143,1268732.1511339999,1268732.151425
1226,3651,8193,1,1268748.3600000001,1268756.7188029999,1268781.114389,0.43225000000000002,0.30595800001174212,0.00029199989512562752,0.056000000098720193,1.818541,21.890460999999998,0.19716600000000001,2.7839580000000002,0.022166999999999999,24.479877999999999,32.754388999892399,1268757.0667610001,1268757.067053
1227,3654,8193,1,1268773.361,1268781.2039300001,1268805.2430990001,0.375666,0.28933399985544384,0,0.054833000060170889,1.7992919999999999,21.578085999999999,0.19745799999999999,2.8781669999999999,0.019833,24.084959999999999,31.882099000038579,1268781.534097,1268781.534097
1228,3656,8193,1,1268789.993,1268805.338766,1268830.0572269999,0.37537500000000001,0.2878749999217689,0.00029199989512562752,0.012250000145286322,1.7885009999999999,22.340793999999999,0.200959,2.6174170000000001,0.030917,24.763377999999999,40.064226999878883,1268805.6692240001,1268805.669516
1229,3659,8193,1,1268815.0279999999,1268830.2336850001,1268854.654938,0.432834,0.30216699978336692,0.00029099988751113415,0.056292000226676464,1.8191250000000001,21.971252,0.19833300000000001,2.7801670000000001,0.010208999999999999,24.510503,39.626938000088558,1268830.577269,1268830.5775599999
1230,3662,8193,1,1268840.037,1268854.7581879999,1268882.2746069999,0.424375,0.3275409999769181,0.00029099988751113415,2.7405010000802577,1.8095000000000001,22.372876999999999,0.19483300000000001,2.6063339999999999,0.0055409999999999999,27.568044,42.237606999929994,1268855.130938,1268855.1312289999
1231,3666,8193,1,1268873.361,1268882.5023990001,1268907.0149429999,0.436334,0.27270799991674721,0.0002910001203417778,0.012249999912455678,1.815625,22.091418999999998,0.19570899999999999,2.6871260000000001,0.019833,24.636210999999999,33.653942999895662,1268882.815066,1268882.8153570001
1232,3669,8193,1,1268898.3640000001,1268907.066568,1268931.779196,0.40045799999999998,0.3450420000590384,0.00029199989512562752,0.054250000044703484,1.8135840000000001,22.175127,0.19658400000000001,2.7206670000000002,0.020417000000000001,24.723127999999999,33.415195999899879,1268907.4565260001,1268907.4568179999
1233,3672,8193,1,1268923.361,1268931.9046120001,1268956.55424,0.41445799999999999,0.2884589999448508,0.00058300001546740532,0.053084000013768673,1.821167,22.189710999999999,0.19891700000000001,2.7200829999999998,0.025375000000000002,24.733044,33.193239999935031,1268932.235654,1268932.236237
1234,3675,8193,1,1268948.3529999999,1268956.6493230001,1268980.7654919999,0.39316699999999999,0.29924999992363155,0.00029199989512562752,0.056000000098720193,1.8223339999999999,21.614543999999999,0.19687499999999999,2.718334,0.020417000000000001,24.168960999999999,32.412492000032216,1268956.989698,1268956.9899899999
1235,3678,8193,1,1268973.362,1268980.903159,1269005.1214109999,0.43108400000000002,0.30041599995456636,0.00029099988751113415,0.05220900010317564,1.8188340000000001,21.730336000000001,0.19745799999999999,2.8119589999999999,0.020416,24.308085999999999,31.759410999948159,1268981.244409,1268981.2446999999
1236,3679,8193,1,1268981.6950000001,1269005.1759530001,1269029.1378299999,0.32200000000000001,0.27445799997076392,0.00029199989512562752,0.0099160000681877136,1.8019160000000001,21.589168999999998,0.19716700000000001,2.6970420000000002,0.021000000000000001,23.966252000000001,47.442829999839887,1269005.493578,1269005.4938699999
1237,3683,8193,1,1269015.0190000001,1269029.2667469999,1269056.5965,0.40891699999999997,0.28145800018683076,0.00029199989512562752,2.7495420000050217,1.8062910000000001,22.163461000000002,0.19891600000000001,2.7090010000000002,0.019542,27.415794999999999,41.577499999897555,1269029.589622,1269029.5899139999
1238,3687,8193,1,1269048.3700000001,1269056.72425,1269080.875127,0.39608300000000002,0.27154100011102855,0.00029200012795627117,0.051916999975219369,1.7709999999999999,21.735876999999999,0.19775000000000001,2.9251260000000001,0.020417000000000001,24.235168999999999,32.505126999923959,1269057.0360409999,1269057.0363330001
1239,3690,8193,1,1269073.355,1269080.964377,1269105.510463,0.36954199999999998,0.28233400010503829,0.00029099988751113415,0.053959000157192349,1.787625,22.139544000000001,0.197459,2.9388329999999998,0.027417,24.591586,32.15546300006099,1269081.288711,1269081.2890019999
1240,3692,8193,1,1269090.0290000001,1269105.59213,1269133.0362160001,0.40075,0.31441599992103875,0.00029199989512562752,2.7641249999869615,1.812708,22.234335999999999,0.19716600000000001,2.666417,0.011375,27.488420000000001,43.007215999998152,1269105.9485460001,1269105.948838
1241,3696,8193,1,1269123.361,1269133.195174,1269157.5184269999,0.44537500000000002,0.27795800007879734,0.00029099988751113415,0.055708999978378415,1.803375,21.859252000000001,0.19658300000000001,2.7705419999999998,0.019833,24.448668999999999,34.157426999881864,1269133.5148410001,1269133.515132
1242,3699,8193,1,1269148.3400000001,1269157.5683019999,1269181.7544710001,0.37129099999999998,0.3193749999627471,0.00029199989512562752,0.054541999939829111,1.7887919999999999,21.700586000000001,0.19570799999999999,2.829167,0.020125000000000001,24.194627000000001,33.414470999967307,1269157.9308430001,1269157.931135
1243,3702,8193,1,1269173.362,1269181.879012,1269206.324181,0.42262499999999997,0.29633399983868003,0.00029200012795627117,0.05424999981187284,1.833126,21.943542999999998,0.19600000000000001,2.7623760000000002,0.01925,24.528002000000001,32.962181000038981,1269182.2188039999,1269182.2190960001
1244,3705,8193,1,1269198.362,1269206.4105150001,1269230.850726,0.37537500000000001,0.2878749999217689,0.00029200012795627117,0.012832999927923083,1.7762500000000001,22.034253,0.19687499999999999,2.7017090000000001,0.020125000000000001,24.485128,32.488726000068709,1269206.7409729999,1269206.7412650001
1245,3708,8193,1,1269223.3629999999,1269230.981101,1269255.750311,0.417958,0.28991600009612739,0.00029199989512562752,0.052208000095561147,1.817375,22.288585000000001,0.19891700000000001,2.6728329999999998,0.020708000000000001,24.856127000000001,32.387311000144109,1269231.3121420001,1269231.312434
1246,3711,8193,1,1269248.362,1269255.8526860001,1269280.0161049999,0.39258300000000002,0.29575000004842877,0.00029199989512562752,0.01079199998639524,1.8089170000000001,21.756585999999999,0.198625,2.780459,0.020709000000000002,24.218252,31.654104999965057,1269256.190436,1269256.1907279999
1247,3713,8193,1,1269265.0330000001,1269280.1546469999,1269304.7806500001,0.37187500000000001,0.2835000001359731,0,0.056582999881356955,1.798708,22.166378000000002,0.19395899999999999,2.80525,0.019834000000000001,24.674128,39.7476500000339,1269280.478689,1269280.478689
1248,3716,8193,1,1269289.9890000001,1269304.9139409999,1269329.619277,0.44595800000000002,0.31616700021550059,0.00029200012795627117,0.053666000021621585,1.806292,22.205169000000001,0.19570899999999999,2.8288760000000002,0.01925,24.792252000000001,39.63027699990198,1269305.2729829999,1269305.273275
1249,3719,8193,1,1269315.0379999999,1269329.7094020001,1269354.1592379999,0.43020900000000001,0.33862499985843897,0.00058300001546740532,0.062125000171363354,1.815917,21.907668999999999,0.193666,2.728542,0.020125000000000001,24.497085999999999,39.121237999992445,1269330.0923609999,1269330.0929439999
1250,3722,8193,1,1269340.0290000001,1269354.2907799999,1269378.030699,0.44916699999999998,0.31704100011847913,0.00029200012795627117,0.051624999847263098,1.8080419999999999,21.244710000000001,0.19454199999999999,2.7772510000000001,0.020709000000000002,23.830628000000001,38.001698999898508,1269354.6492379999,1269354.6495300001
1251,3725,8193,1,1269365.0290000001,1269378.12374,1269405.4324930001,0.36662499999999998,0.27475000009872019,0.00029199989512562752,2.7781249999534339,1.8016259999999999,22.122043000000001,0.20008400000000001,2.7451669999999999,0.020417000000000001,27.359503,40.4034929999616,1269378.439615,1269378.4399069999
1252,3728,8193,1,1269390.0060000001,1269405.5652010001,1269427.7435369999,0.41125,0.28000000002793968,0.00058300001546740532,0.054250000044703484,1.8080419999999999,19.713168,0.19629199999999999,2.6696249999999999,0.020417000000000001,22.267876999999999,37.737536999862641,1269405.8869099999,1269405.8874929999
1253,3731,8193,1,1269414.9979999999,1269427.840662,1269452.479206,0.40804200000000002,0.31295799999497831,0.00029099988751113415,0.05220900010317564,1.820292,22.131959999999999,0.19950000000000001,2.711042,0.020125000000000001,24.691918999999999,37.481206000084057,1269428.195329,1269428.1956199999
1254,3734,8193,1,1269440.03,1269452.6060810001,1269477.5523339999,0.40191700000000002,0.27474999986588955,0.0002910001203417778,0.012249999912455678,1.7849999999999999,22.583459999999999,0.197459,2.7378749999999998,0.034708000000000003,25.029961,37.522333999862894,1269452.92429,1269452.9245810001
1255,3737,8193,1,1269465.0009999999,1269477.6888339999,1269502.303753,0.390542,0.29925000015646219,0.00029099988751113415,0.055708999978378415,1.833709,22.150918999999998,0.19687499999999999,2.699084,0.014,24.664794000000001,37.302753000054508,1269478.0292090001,1269478.0294999999
1256,3740,8193,1,1269490.0319999999,1269502.439086,1269527.5804640001,0.46841699999999997,0.33774999994784594,0.00029200012795627117,0.01079199998639524,1.8144579999999999,22.652585999999999,0.19716700000000001,2.6637919999999999,0.017208999999999999,25.229461000000001,37.548464000225067,1269502.819711,1269502.8200030001
1257,3743,8193,1,1269515.03,1269527.6644639999,1269552.3619250001,0.38937500000000003,0.29808300011791289,0.00029200012795627117,0.054833000060170889,1.839834,22.183585000000001,0.19658400000000001,2.762667,0.023042,24.747627999999999,37.331925000064075,1269528.0033799999,1269528.003672
1258,3746,8193,1,1269540.0290000001,1269552.4957999999,1269577.1054690001,0.433417,0.30391600006259978,0.00029199989512562752,0.010790999978780746,1.8226249999999999,22.147711000000001,0.19629199999999999,2.7270840000000001,0.023333,24.697752999999999,37.076468999963254,1269552.8411330001,1269552.841425
1259,3749,8193,1,1269565,1269577.206094,1269601.7110540001,0.38850000000000001,0.29604099993593991,0.00029199989512562752,0.053667000029236078,1.802792,22.059042999999999,0.19716700000000001,2.7512919999999998,0.023625,24.555419000000001,36.711054000072181,1269577.5441350001,1269577.544427
1260,3752,8193,1,1269589.9950000001,1269601.8455129999,1269625.124599,0.45558300000000002,0.3205420000012964,0.00058400002308189869,0.056874999776482582,1.8278749999999999,20.741002000000002,0.199208,2.6702080000000001,0.022751,23.370961000000001,35.129598999861628,1269602.2092210001,1269602.2098050001
1261,3755,8193,1,1269615.03,1269625.2179320001,1269649.862309,0.41591699999999998,0.32345799985341728,0.00029200012795627117,0.053957999916747212,1.8153330000000001,22.125544000000001,0.19833300000000001,2.6366670000000001,0.023042,24.696294000000002,34.832308999961242,1269625.5819319999,1269625.582224
1262,3758,8193,1,1269640.031,1269650.0078509999,1269674.616353,0.42349999999999999,0.29545800015330315,0.00029200012795627117,0.055124999955296516,1.787917,22.185918999999998,0.19687499999999999,2.8592089999999999,0.030624999999999999,24.694251999999999,34.585353000089526,1269650.3456009999,1269650.345893
1263,3761,8193,1,1269665.03,1269674.7508119999,1269699.1466890001,0.37362499999999998,0.28379200003109872,0.00029199989512562752,0.053666000021621585,1.816208,21.971836,0.193666,2.7839580000000002,0.01225,24.445169,34.116689000045881,1269675.075437,1269675.0757289999
1264,3764,8193,1,1269690.03,1269699.282898,1269723.7306919999,0.47483300000000001,0.34300000010989606,0.00058400002308189869,0.011083000106737018,1.8045420000000001,22.023168999999999,0.19425000000000001,2.715125,0.01225,24.535585999999999,33.700691999867558,1269699.6699389999,1269699.6705229999
1265,3767,8193,1,1269715.031,1269723.8520249999,1269748.379736,0.387625,0.29662500019185245,0.0002910001203417778,0.055708999978378415,1.831083,22.071294000000002,0.19716700000000001,2.7545000000000002,0.01225,24.577293999999998,33.348736000014469,1269724.190067,1269724.1903580001
1266,3770,8193,1,1269740.003,1269748.5185690001,1269775.6289890001,0.457625,0.32841699989512563,0.00058300001546740532,2.735249999910593,1.816792,21.920501999999999,0.1925,2.6559170000000001,0.013709000000000001,27.197336,35.625989000080153,1269748.889278,1269748.889861
1267,3773,8193,1,1269765.03,1269775.7173639999,1269800.020491,0.38033299999999998,0.28933300008065999,0.00029199989512562752,0.0096249999478459358,1.787042,21.942668000000001,0.200959,2.848417,0.016625000000000001,24.353877000000001,34.990491000004113,1269776.0469470001,1269776.047239
1268,3776,8193,1,1269790.031,1269800.1354080001,1269823.8129100001,0.420875,0.29312499985098839,0.00029099988751113415,0.049584000138565898,1.8080419999999999,21.217877000000001,0.19775000000000001,2.7203750000000002,0.013417,23.765001999999999,33.781910000136122,1269800.468783,1269800.4690739999
1269,3779,8193,1,1269815.0060000001,1269823.896035,1269850.8836630001,0.41125099999999998,0.31908400007523596,0.0002910001203417778,2.3204999999143183,1.792,22.235502,0.19629199999999999,4.6544169999999996,0.015167,27.037794999999999,35.87766300002113,1269824.257119,1269824.2574100001
1270,3782,8193,1,1269840.031,1269851.005288,1269875.5863739999,0.42875000000000002,0.29924999992363155,0.00029199989512562752,0.052499999990686774,1.8281670000000001,22.072752000000001,0.19891700000000001,2.7606250000000001,0.022166999999999999,24.668586000000001,35.55537399998866,1269851.346538,1269851.3468299999
1271,3785,8193,1,1269865.031,1269875.675332,1269902.9330430001,0.40541700000000003,0.31733300001360476,0.00058300001546740532,2.666709000011906,1.8086249999999999,22.179794000000001,0.19687499999999999,2.6255829999999998,0.031208,27.303211000000001,37.902043000096455,1269876.0349570001,1269876.0355400001
1272,3788,8193,1,1269890.0319999999,1269903.0657510001,1269927.6471289999,0.41854200000000003,0.29108399990946054,0,0.05133299995213747,1.8232079999999999,22.089086000000002,0.19658300000000001,2.6976260000000001,0.022749999999999999,24.668002999999999,37.615129000041634,1269903.39796,1269903.39796
1273,3791,8193,1,1269915.0319999999,1269927.7352120001,1269951.7548400001,0.364292,0.27795899985358119,0,0.05308300000615418,1.8243750000000001,21.537251999999999,0.19775000000000001,2.70025,0.023625,24.065128000000001,36.722840000176802,1269928.054004,1269928.054004
1274,3794,8193,1,1269940.014,1269951.8825900001,1269976.588217,0.44916600000000001,0.32258299994282424,0.00029200012795627117,0.052791999885812402,1.808333,22.192335,0.197459,2.7894999999999999,0.022749999999999999,24.789626999999999,36.574217000044882,1269952.2477559999,1269952.248048
1275,3797,8193,1,1269965.0330000001,1269976.7308420001,1270000.849345,0.40920899999999999,0.31383399991318583,0,0.055416000075638294,1.7989999999999999,21.658294000000001,0.198042,2.7795830000000001,0.023334000000000001,24.171878,35.816344999941066,1269977.0866759999,1269977.0866759999
1276,3800,8193,1,1269990.0209999999,1270000.975636,1270024.7257640001,0.41649999999999998,0.29137500002980232,0.00029200012795627117,0.054541999939829111,1.8170839999999999,21.263669,0.197459,2.7431260000000002,0.023333,23.835003,34.704764000140131,1270001.3072609999,1270001.307553
1277,3803,8193,1,1270015.041,1270024.827264,1270052.3445580001,0.40162500000000001,0.30975000001490116,0.00029200012795627117,2.7244589999318123,1.8103750000000001,22.352751999999999,0.19425000000000001,2.6906249999999998,0.022457999999999999,27.568628,37.303558000130579,1270025.1775549999,1270025.1778470001
1278,3806,8193,1,1270040.0330000001,1270052.4804750001,1270076.9437269999,0.43633300000000003,0.30683299992233515,0.00029099988751113415,0.010792000219225883,1.806292,22.011793999999998,0.199208,2.7545000000000002,0.023334000000000001,24.552502,36.910726999863982,1270052.82785,1270052.8281409999
1279,3809,8193,1,1270065.0360000001,1270077.0405609999,1270101.694563,0.42145899999999997,0.32579100015573204,0.00087499991059303284,0.062707999954000115,1.8205830000000001,22.153544,0.19570799999999999,2.7352500000000002,0.024500000000000001,24.707961000000001,36.658562999917194,1270077.4080610001,1270077.408936
1280,3812,8193,1,1270089.9939999999,1270101.8322300001,1270126.2782739999,0.43283300000000002,0.29662499995902181,0.00029200012795627117,0.051916999975219369,1.821458,21.947627000000001,0.197459,2.6171259999999998,0.022749999999999999,24.540835999999999,36.284273999975994,1270102.1702709999,1270102.170563
1281,3815,8193,1,1270115.0330000001,1270126.367816,1270151.169985,0.423792,0.33395799994468689,0.0002910001203417778,0.062708999961614609,1.817375,22.255044000000002,0.198625,2.7489590000000002,0.023625,24.848835999999999,36.136984999990091,1270126.7449409999,1270126.745232
1282,3818,8193,1,1270140.031,1270151.3026930001,1270175.9721540001,0.44129099999999999,0.31062499992549419,0.00029199989512562752,0.054250000044703484,1.8345830000000001,22.193211000000002,0.19775000000000001,2.6932499999999999,0.023625,24.759294000000001,35.941154000116512,1270151.6541510001,1270151.654443
1283,3821,8193,1,1270165.0319999999,1270176.0529459999,1270201.026906,0.37275000000000003,0.28904100018553436,0.0002910001203417778,0.011375000001862645,1.7946249999999999,22.556336000000002,0.197459,2.6366670000000001,0.012541999999999999,25.016544,35.994906000094488,1270176.3828209999,1270176.3831120001
1284,3824,8193,1,1270190.0330000001,1270201.1453229999,1270225.4968669999,0.44450000000000001,0.31820800015702844,0.0002910001203417778,0.050749999936670065,1.8287500000000001,21.823668999999999,0.19745799999999999,2.7440000000000002,0.023333,24.437002,35.463866999838501,1270201.5043649999,1270201.5046560001
1285,3827,8193,1,1270215.0319999999,1270225.5890339999,1270252.861912,0.40220800000000001,0.30887500010430813,0.00029199989512562752,2.6381250000558794,1.803083,22.238710999999999,0.19600000000000001,2.5993339999999998,0.031792000000000001,27.324503,37.829912000102922,1270225.9396170001,1270225.9399089999
1286,3830,8193,1,1270240.0330000001,1270252.9949119999,1270277.6430810001,0.420875,0.29458300000987947,0.00029199989512562752,0.050458000041544437,1.7893749999999999,22.188544,0.19629199999999999,2.7635420000000002,0.022749999999999999,24.733919,37.610081000020728,1270253.330328,1270253.3306199999
1287,3833,8193,1,1270265.034,1270277.731747,1270302.35775,0.36808299999999999,0.28058400005102158,0.00029200012795627117,0.053667000029236078,1.8185420000000001,22.149169000000001,0.19775000000000001,2.752167,0.022749999999999999,24.671793999999998,37.323749999981374,1270278.0537469999,1270278.0540390001
1288,3836,8193,1,1270290.024,1270302.4895830001,1270327.0470439999,0.42699999999999999,0.29662499995902181,0.00029099988751113415,0.009917000075802207,1.8165,22.108044,0.19570899999999999,2.7186249999999998,0.023625,24.645835000000002,37.02304399991408,1270302.827917,1270302.8282079999
1289,3839,8193,1,1270314.9979999999,1270327.140961,1270351.7955469999,0.40104099999999998,0.31441599992103875,0,0.05512500018812716,1.8147500000000001,22.146543999999999,0.19512499999999999,2.7553749999999999,0.022459,24.700961,36.797546999994665,1270327.4959189999,1270327.4959189999
1290,3842,8193,1,1270340,1270351.9227130001,1270376.459174,0.46054200000000001,0.33220899989828467,0.0002910001203417778,0.053374999901279807,1.8272919999999999,22.037168999999999,0.19570899999999999,2.6987920000000001,0.031792000000000001,24.621044000000001,36.459173999959603,1270352.2986719999,1270352.2989630001
1291,3845,8193,1,1270365.0319999999,1270376.5580490001,1270401.170926,0.435166,0.33074999996460974,0.00029200012795627117,0.05133299995213747,1.8278749999999999,22.082668999999999,0.19687499999999999,2.7052079999999998,0.013125,24.674419,36.138926000101492,1270376.931382,1270376.9316740001
1292,3848,8193,1,1270390.04,1270401.291676,1270425.711471,0.41533300000000001,0.2884589999448508,0,0.054250000044703484,1.8287500000000001,21.928668999999999,0.19629099999999999,2.7851249999999999,0.022166999999999999,24.506710999999999,35.671470999950543,1270401.620385,1270401.620385
1293,3851,8193,1,1270415.0319999999,1270425.8083039999,1270449.830265,0.39870800000000001,0.30391700007021427,0.00029200012795627117,0.012541999807581306,1.7992919999999999,21.622128,0.19687499999999999,2.7699590000000001,0.030917,24.075918999999999,34.798265000106767,1270426.152762,1270426.1530540001
1294,3854,8193,1,1270440.034,1270449.95364,1270474.581392,0.47133399999999998,0.34154099994339049,0.00029099988751113415,0.050750000169500709,1.8287500000000001,22.089960999999999,0.19658400000000001,2.7676259999999999,0.012834,24.716711,34.547391999978572,1270450.336015,1270450.3363059999
1295,3857,8193,1,1270465.0319999999,1270474.6618919999,1270499.1846449999,0.38120900000000002,0.2928340001963079,0,0.050749999936670065,1.820292,22.039794000000001,0.19483300000000001,2.7215419999999999,0.022749999999999999,24.570003,34.152645000023767,1270474.9958510001,1270474.9958510001
1296,3860,8193,1,1270490.0349999999,1270499.324645,1270524.112522,0.42612499999999998,0.29633300006389618,0.00029199989512562752,0.010208000196143985,1.8103750000000001,22.379294000000002,0.19600000000000001,2.7320419999999999,0.024208,24.875668999999998,34.077522000065073,1270499.662978,1270499.6632699999
1297,3863,8193,1,1270515.0090000001,1270524.2017719999,1270549.1331499999,0.37829200000000002,0.29050000011920929,0,0.055124999955296516,1.7922910000000001,22.466501999999998,0.20066700000000001,2.8236249999999998,0.023625,24.978628,34.124149999814108,1270524.532814,1270524.532814
1298,3866,8193,1,1270540.0330000001,1270549.264983,1270574.280944,0.43633300000000003,0.30508300010114908,0.00029200012795627117,0.014582999981939793,1.810959,22.551376999999999,0.19950000000000001,2.7276669999999998,0.022749999999999999,25.105793999999999,34.247943999944255,1270549.611483,1270549.6117750001
1299,3869,8193,1,1270565.0330000001,1270574.3704860001,1270599.032655,0.38412499999999999,0.29749999986961484,0.00029200012795627117,0.050458000041544437,1.8048329999999999,22.182127999999999,0.20066700000000001,2.818667,0.023917000000000001,24.708252999999999,33.999654999934137,1270574.7085269999,1270574.7088190001
1300,3872,8193,1,1270590.0330000001,1270599.1668209999,1270623.6790740001,0.42729200000000001,0.29837500001303852,0.00029199989512562752,0.014292000094428658,1.814459,22.059335000000001,0.19658300000000001,2.73875,0.023333,24.601210999999999,33.64607400004752,1270599.505446,1270599.5057379999
1301,3875,8193,1,1270615.037,1270623.7721160001,1270647.014743,0.44070900000000002,0.34649999998509884,0.0002910001203417778,0.053374999901279807,1.798125,20.717085000000001,0.19775000000000001,2.7845420000000001,0.023042,23.294836,31.97774300002493,1270624.160616,1270624.1609070001
1302,3877,8193,1,1270631.7009999999,1270647.153285,1270671.7422450001,0.41299999999999998,0.31966600008308887,0.00058400002308189869,0.054540999932214618,1.8124169999999999,22.071294000000002,0.19804099999999999,2.705209,0.022749999999999999,24.638544,40.041245000204071,1270647.516701,1270647.5172850001
1303,3880,8193,1,1270656.703,1270671.87262,1270696.397998,0.45295800000000003,0.32550000003539026,0,0.056290999986231327,1.8036669999999999,22.045627,0.198625,2.7763749999999998,0.024792000000000002,24.611419000000001,39.694998000049964,1270672.2398290001,1270672.2398290001
1304,3883,8193,1,1270681.7,1270696.4951229999,1270720.868542,0.41708299999999998,0.31879200018011034,0.00029199989512562752,0.05629199999384582,1.7858750000000001,21.881419000000001,0.19512499999999999,2.89975,0.023333,24.428252000000001,39.168541999999434,1270696.857081,1270696.8573729999
1305,3886,8193,1,1270706.703,1270721.002417,1270745.5059189999,0.44245800000000002,0.30829200008884072,0.00029199989512562752,0.054540999932214618,1.782667,22.029585000000001,0.19716700000000001,2.8554170000000001,0.023333,24.595960000000002,38.80291899992153,1270721.3524170001,1270721.352709
1306,3889,8193,1,1270731.6740000001,1270745.6015860001,1270769.983464,0.425541,0.33250000001862645,0.00058400002308189869,0.054540999932214618,1.79375,21.861294000000001,0.206792,2.919292,0.023042,24.432044000000001,38.309463999932632,1270745.976669,1270745.977253
1307,3892,8193,1,1270756.682,1270770.118797,1270794.167591,0.45441700000000002,0.32433299999684095,0.0002910001203417778,0.054250000044703484,1.7940419999999999,21.546586000000001,0.19745799999999999,2.771417,0.023042,24.136293999999999,37.485590999945998,1270770.485714,1270770.4860050001
1308,3895,8193,1,1270781.7009999999,1270794.259758,1270818.919885,0.41825000000000001,0.32899999991059303,0.00029200012795627117,0.055124999955296516,1.8127089999999999,22.135459999999998,0.19570799999999999,2.7719999999999998,0.023042,24.707668999999999,37.218885000096634,1270794.6304659999,1270794.6307580001
1309,3898,8193,1,1270806.6869999999,1270819.047635,1270845.271096,0.44741599999999998,0.32258299994282424,0.00029199989512562752,2.7757920001167804,1.812125,20.982502,0.19745799999999999,2.6807089999999998,0.023042,26.306294000000001,38.584096000064164,1270819.412218,1270819.4125099999
1310,3901,8193,1,1270831.7050000001,1270845.359471,1270872.34039,0.38733299999999998,0.29895800002850592,0.00029199989512562752,2.8035000001545995,1.801042,21.788959999999999,0.198042,2.7206670000000002,0.023333,27.028752000000001,40.635389999952167,1270845.698971,1270845.6992629999
1311,3905,8193,1,1270865.0290000001,1270872.5063489999,1270896.3349349999,0.43108400000000002,0.26862500002607703,0.00029099988751113415,0.012250000145286322,1.7815000000000001,21.437794,0.19629199999999999,2.710458,0.023333,23.951377999999998,31.305934999836609,1270872.814641,1270872.8149319999
1312,3908,8193,1,1270889.9939999999,1270897.377935,1270921.6002700001,1.393292,0.34941600007005036,0,0.052499999990686774,1.8153330000000001,21.679586,0.19600000000000001,2.7165840000000001,0.022166000000000002,25.223627,31.606270000105724,1270897.769935,1270897.769935
1313,3910,8193,1,1270906.702,1270921.688354,1270946.3878560001,0.419709,0.33045800006948411,0.00058300001546740532,0.052499999990686774,1.834875,22.150044000000001,0.19687499999999999,2.7515830000000001,0.023333,24.744710999999999,39.685856000054628,1270922.0628539999,1270922.0634369999
1314,3913,8193,1,1270931.702,1270946.5182310001,1270971.312525,0.47833399999999998,0.34766700002364814,0.00029099988751113415,0.055417000083252788,1.8144579999999999,22.244253,0.197459,2.732917,0.024500000000000001,24.880044000000002,39.610524999909103,1270946.9108150001,1270946.911106
1315,3916,8193,1,1270956.7039999999,1270971.404692,1270995.868236,0.425541,0.33833299996331334,0,0.055124999955296516,1.824667,21.924002999999999,0.19395799999999999,2.7696670000000001,0.023042,24.510501999999999,39.164236000040546,1270971.7835669999,1270971.7835669999
1316,3919,8193,1,1270981.7109999999,1270996.0050280001,1271022.6096969999,0.43575000000000003,0.30158299999311566,0.00029200012795627117,2.6550419998820871,1.821167,21.505461,0.19395899999999999,2.622376,0.023333,26.697419,40.898696999996901,1270996.348028,1270996.3483200001
1317,3923,8193,1,1271015.034,1271022.7438640001,1271046.128241,0.42349999999999999,0.29574999981559813,0.00029200012795627117,0.010207999963313341,1.815917,20.946626999999999,0.19395799999999999,2.7054999999999998,0.023042,23.471876999999999,31.094241000013426,1271023.079864,1271023.0801560001
1318,3924,8193,1,1271023.3689999999,1271046.178116,1271071.0015769999,0.38208300000000001,0.32783399987965822,0.00058400002308189869,0.010499999858438969,1.7861670000000001,22.357419,0.19775000000000001,2.6089579999999999,0.023917000000000001,24.827544,47.632576999953017,1271046.5561160001,1271046.5567000001
1319,3928,8193,1,1271056.703,1271071.135452,1271095.803455,0.441583,0.30945800011977553,0.00029199989512562752,0.055707999970763922,1.811542,22.164919000000001,0.199208,2.7988330000000001,0.023917000000000001,24.757836000000001,39.100455000065267,1271071.4872020001,1271071.487494
1320,3931,8193,1,1271081.673,1271095.89708,1271120.720832,0.39608300000000002,0.30479099997319281,0.00029200012795627117,0.0096249999478459358,1.8372090000000001,22.379294000000002,0.199208,2.724167,0.023625,24.874502,39.04783200006932,1271096.242413,1271096.2427050001
1321,3934,8193,1,1271106.703,1271120.8500399999,1271145.689543,0.42204199999999997,0.29487500013783574,0,0.056875000009313226,1.7756670000000001,22.387753,0.19775000000000001,2.9300830000000002,0.023917000000000001,24.924961,38.986542999977246,1271121.1866240001,1271121.1866240001
1322,3937,8193,1,1271131.6980000001,1271145.7846260001,1271170.8574620001,0.39229199999999997,0.29808399989269674,0.0002910001203417778,0.012249999912455678,1.79725,22.630127000000002,0.198625,2.676917,0.023625,25.125919,39.159462000010535,1271146.123835,1271146.1241260001
1323,3940,8193,1,1271156.7109999999,1271170.991045,1271195.218048,0.42175000000000001,0.29487599991261959,0.00029199989512562752,0.052499999990686774,1.80775,21.744627000000001,0.19600000000000001,2.7043330000000001,0.023333,24.313044000000001,38.507048000115901,1271171.326754,1271171.3270459999
1324,3943,8193,1,1271181.6939999999,1271195.314298,1271219.7469250001,0.41241699999999998,0.31674999999813735,0,0.054250000044703484,1.7952090000000001,21.935378,0.19891600000000001,2.5523750000000001,0.024500000000000001,24.487169000000002,38.052925000200048,1271195.6724650001,1271195.6724650001
1325,3946,8193,1,1271206.7009999999,1271219.88255,1271243.9966780001,0.45674999999999999,0.32170900003984571,0.00058300001546740532,0.054541999939829111,1.815042,21.625335,0.200375,2.7136670000000001,0.025958999999999999,24.206586000000001,37.295678000198677,1271220.2468419999,1271220.247425
1326,3949,8193,1,1271231.7039999999,1271244.097303,1271268.2639299999,0.40337600000000001,0.3024579999037087,0.00029099988751113415,0.055124999955296516,1.810667,21.665002000000001,0.19775000000000001,2.7787090000000001,0.023333,24.224961,36.559929999988526,1271244.4423450001,1271244.442636
1327,3952,8193,1,1271256.703,1271268.3916799999,1271292.7298079999,0.46754200000000001,0.33950000000186265,0.00029200012795627117,0.054832999827340245,1.8229169999999999,21.794502000000001,0.19775000000000001,2.755376,0.024208,24.421835999999999,36.026807999936864,1271268.775222,1271268.7755140001
1328,3955,8193,1,1271281.703,1271292.8272239999,1271317.6600190001,0.40541700000000003,0.31266700010746717,0.00029200012795627117,0.01370800007134676,1.807167,22.407585999999998,0.199791,2.7273749999999999,0.034125000000000003,24.883253,35.957019000081345,1271293.1818909999,1271293.182183
1329,3958,8193,1,1271306.702,1271317.8332690001,1271342.2521879999,0.42612499999999998,0.29866599990054965,0.00029199989512562752,0.056290999986231327,1.826125,21.972711,0.19658300000000001,2.789209,0.0081670000000000006,24.504961000000002,35.550187999848276,1271318.1733520001,1271318.173644
1330,3961,8193,1,1271331.702,1271342.3560210001,1271369.7117320001,0.43283300000000002,0.34270799998193979,0.00029199989512562752,2.7405000000726432,1.8130010000000001,22.141293000000001,0.19395799999999999,2.6430829999999998,0.013708,27.404710999999999,38.009732000064105,1271342.739854,1271342.7401459999
1331,3964,8193,1,1271356.666,1271369.8811900001,1271393.243401,0.43020900000000001,0.29925099993124604,0.00029099988751113415,0.054834000067785382,1.811542,20.853877000000001,0.19541600000000001,2.7717079999999998,0.0385,23.452044000000001,36.577401000075042,1271370.221566,1271370.2218569999
1332,3967,8193,1,1271381.7039999999,1271393.3317760001,1271417.1939040001,0.42583399999999999,0.33454199996776879,0.00029099988751113415,0.055709000211209059,1.8202910000000001,21.323753,0.19454199999999999,2.7375829999999999,0.023334000000000001,23.910253000000001,35.489904000191018,1271393.709485,1271393.7097759999
1333,3970,8193,1,1271406.703,1271417.321945,1271441.830698,0.453542,0.32695899996906519,0.00029099988751113415,0.053958999924361706,1.8165,21.981169000000001,0.19745799999999999,2.7600419999999999,0.023042,24.593336000000001,35.127698000054806,1271417.6909040001,1271417.691195
1334,3973,8193,1,1271431.703,1271441.921114,1271465.8710330001,0.41912500000000003,0.33250000001862645,0.00029199989512562752,0.054833000060170889,1.830209,21.405127,0.19891700000000001,2.762667,0.023625,23.995128000000001,34.168033000081778,1271442.294739,1271442.2950309999
1335,3976,8193,1,1271456.7120000001,1271466.0022829999,1271492.5754529999,0.44129200000000002,0.31091700005345047,0.00029099988751113415,2.641334000043571,1.8147500000000001,21.522960000000001,0.20008300000000001,2.6080830000000002,0.025083000000000001,26.661252999999999,35.863452999852598,1271466.355492,1271466.3557829999
1336,3979,8193,1,1271481.703,1271492.6588689999,1271516.1254970001,0.37537500000000001,0.29020899999886751,0.00029199989512562752,0.012250000145286322,1.7946249999999999,21.04346,0.19950000000000001,2.716291,0.023625,23.509793999999999,34.422497000079602,1271492.9910780001,1271492.9913699999
1337,3982,8193,1,1271506.71,1271516.256455,1271540.4697489999,0.46141700000000002,0.33133399998769164,0.0002910001203417778,0.009917000075802207,1.812125,21.729461000000001,0.19891700000000001,2.6888749999999999,0.023040999999999999,24.301376999999999,33.759748999960721,1271516.6297889999,1271516.63008
1338,3985,8193,1,1271531.703,1271540.5648330001,1271564.791252,0.453542,0.35612499993294477,0.00058300001546740532,0.053959000157192349,1.811542,21.678709999999999,0.19483300000000001,2.7469169999999998,0.022749999999999999,24.281253,33.088252000045031,1271540.9635409999,1271540.9641239999
1339,3988,8193,1,1271556.7039999999,1271564.9207520001,1271589.602463,0.450625,0.32608300005085766,0,0.054540999932214618,1.830209,22.143336000000001,0.19775000000000001,2.743125,0.023333,24.766003000000001,32.898463000077754,1271565.2873770001,1271565.2873770001
1340,3991,8193,1,1271581.706,1271589.6911289999,1271614.3355070001,0.40891699999999997,0.32112500001676381,0.00029200012795627117,0.06212499993853271,1.792583,22.141877000000001,0.19687499999999999,2.5669590000000002,0.022749999999999999,24.689878,32.629507000092417,1271590.054546,1271590.0548380001
1341,3994,8193,1,1271606.6710000001,1271614.4626730001,1271639.0749679999,0.44012499999999999,0.31529199983924627,0,0.053666000021621585,1.830792,22.093169,0.19687499999999999,2.7413750000000001,0.022749999999999999,24.695710999999999,32.403967999853194,1271614.819382,1271614.819382
1342,3997,8193,1,1271631.6680000001,1271639.176468,1271665.681387,0.39258300000000002,0.30216600000858307,0.00029200012795627117,2.6486249999143183,1.8089170000000001,21.422919,0.19658300000000001,2.615084,0.023625,26.555085999999999,34.013386999955401,1271639.5188839999,1271639.519176
1343,4000,8193,1,1271656.7039999999,1271665.8138039999,1271690.356681,0.43195800000000001,0.30362500017508864,0.00058300001546740532,0.011084000114351511,1.815625,22.086169000000002,0.19600000000000001,2.67225,0.023040999999999999,24.630376999999999,33.652681000065058,1271666.158262,1271666.158845
1344,4003,8193,1,1271681.71,1271690.451473,1271715.112183,0.44129200000000002,0.34533299994654953,0.00058300001546740532,0.051916999975219369,1.815334,22.121752000000001,0.19570899999999999,2.7203750000000002,0.022166999999999999,24.714669000000001,33.402182999998331,1271690.8388060001,1271690.8393890001
1345,4006,8193,1,1271706.6850000001,1271715.239934,1271739.831519,0.44741700000000001,0.32316599995829165,0.00029200012795627117,0.054250000044703484,1.832541,22.056711,0.19716700000000001,2.7530420000000002,0.023040999999999999,24.675585999999999,33.14651899994351,1271715.6036419999,1271715.603934
1346,4009,8193,1,1271731.6769999999,1271739.9286440001,1271763.749938,0.41445900000000002,0.32637499994598329,0.0002910001203417778,0.055417000083252788,1.8179590000000001,21.294293,0.198042,2.7229999999999999,0.023333,23.868544,32.072938000084832,1271740.2958529999,1271740.296144
1347,4011,8193,1,1271748.371,1271763.839188,1271788.4704410001,0.40804200000000002,0.32112500001676381,0.00029099988751113415,0.055417000083252788,1.821167,22.102211,0.198625,2.7267920000000001,0.023625,24.677336,40.099441000027582,1271764.2011470001,1271764.201438
1348,4014,8193,1,1271773.371,1271788.5973159999,1271813.094693,0.45558399999999999,0.32987500005401671,0.00029099988751113415,0.053084000013768673,1.829917,21.960169,0.19541600000000001,2.7294170000000002,0.022459,24.581669000000002,39.723692999919876,1271788.9686080001,1271788.968899
1349,4017,8193,1,1271798.3700000001,1271813.1833599999,1271837.354362,0.44945800000000002,0.35991700016893446,0.00029199989512562752,0.055708000203594565,1.8182510000000001,21.608709999999999,0.19629099999999999,2.747792,0.022749999999999999,24.217376999999999,38.984361999901012,1271813.586443,1271813.5867349999
1350,4020,8193,1,1271823.3659999999,1271837.4841539999,1271860.766448,0.46870800000000001,0.34066700004041195,0.00029199989512562752,0.051916999975219369,1.815042,20.790293999999999,0.19745799999999999,2.7090000000000001,0.030624999999999999,23.368919000000002,37.400448000058532,1271837.8662370001,1271837.866529
1351,4023,8193,1,1271848.358,1271860.9009060001,1271885.627534,0.38004199999999999,0.29050099989399314,0.00029199989512562752,0.054833000060170889,1.811542,22.297626999999999,0.197459,2.771709,0.01225,24.775335999999999,37.269533999962732,1271861.23224,1271861.2325319999
1352,4026,8193,1,1271873.3729999999,1271885.7654919999,1271910.2827029999,0.470167,0.34066700004041195,0.0002910001203417778,0.011083999881520867,1.806,22.034251999999999,0.19833300000000001,2.6074999999999999,0.015458,24.604419,36.909702999982983,1271886.148451,1271886.1487420001
1353,4029,8193,1,1271898.371,1271910.36787,1271935.042872,0.403084,0.30829100008122623,0.0002910001203417778,0.053958999924361706,1.816208,22.168127999999999,0.19600000000000001,2.724167,0.022459,24.72692,36.671871999977157,1271910.718745,1271910.7190360001
1354,4032,8193,1,1271923.338,1271935.1709139999,1271959.056666,0.46550000000000002,0.33600000012665987,0,0.05512500018812716,1.8284579999999999,21.339210999999999,0.19745799999999999,2.7122090000000001,0.024209000000000001,23.970918999999999,35.718666000058874,1271935.5515389999,1271935.5515389999
1355,4035,8193,1,1271948.371,1271959.1499999999,1271984.203002,0.40220899999999998,0.31091600004583597,0.00029099988751113415,0.013709000078961253,1.8042499999999999,22.592210999999999,0.19716700000000001,2.685959,0.022749999999999999,25.103169999999999,35.832001999951899,1271959.5017500001,1271959.5020409999
1356,4038,8193,1,1271973.371,1271984.334544,1272009.0404630001,0.43166599999999999,0.30450000008568168,0.00029199989512562752,0.052208000095561147,1.7908329999999999,22.233751999999999,0.19716700000000001,2.7918340000000001,0.023625,24.791377000000001,35.669463000027463,1271984.6807520001,1271984.681044
1357,4041,8193,1,1271998.371,1272009.1422550001,1272033.9196319999,0.39812500000000001,0.303624999942258,0.00029200012795627117,0.013125000055879354,1.806875,22.365293999999999,0.19833300000000001,2.6215009999999999,0.032958000000000001,24.830461,35.548631999874488,1272009.4872959999,1272009.487588
1358,4044,8193,1,1272023.371,1272034.0890909999,1272058.246968,0.42466599999999999,0.29779099998995662,0.00029200012795627117,0.055417000083252788,1.810084,21.721585000000001,0.19687499999999999,2.8046669999999998,0.012833000000000001,24.243334999999998,34.875967999920249,1272034.4280069999,1272034.428299
1359,4047,8193,1,1272048.371,1272058.372676,1272082.715179,0.41475000000000001,0.32579199993051589,0.00029200012795627117,0.011957999784499407,1.807167,21.877918000000001,0.198042,2.8740830000000002,0.01575,24.388293999999998,34.344179000006989,1272058.741926,1272058.7422180001
1360,4050,8193,1,1272073.371,1272082.8484700001,1272107.5450559999,0.44187500000000002,0.3129590000025928,0,0.021582999965175986,1.811542,22.222669,0.19745799999999999,2.6241249999999998,0.023916,24.784669000000001,34.174055999843404,1272083.2025540001,1272083.2025540001
1361,4053,8193,1,1272098.3799999999,1272107.637806,1272132.3434339999,0.43837500000000001,0.34474999993108213,0.00029199989512562752,0.055707999970763922,1.8097920000000001,22.173669,0.19629199999999999,2.795334,0.023334000000000001,24.758127999999999,33.963434000033885,1272108.0236810001,1272108.023973
1362,4056,8193,1,1272123.371,1272132.484309,1272159.6273950001,0.43166700000000002,0.30187500012107193,0.00029199989512562752,2.5783330001868308,1.8086260000000001,22.127877000000002,0.19600000000000001,2.5445000000000002,0.022749999999999999,27.23292,36.256395000033081,1272132.826142,1272132.8264339999
1363,4059,8193,1,1272148.338,1272159.715478,1272184.4876059999,0.394042,0.30624999990686774,0.00029200012795627117,0.052207999862730503,1.808041,22.274003,0.19891700000000001,2.7463329999999999,0.023625,24.817920000000001,36.149605999933556,1272160.0640199999,1272160.0643120001
1364,4062,8193,1,1272173.372,1272184.615647,1272208.9765250001,0.47191699999999998,0.34416699991561472,0.00058300001546740532,0.054833000060170889,1.8132919999999999,21.821044000000001,0.19745799999999999,2.5888339999999999,0.024500000000000001,24.444586000000001,35.604525000089779,1272185.003856,1272185.004439
1365,4065,8193,1,1272198.372,1272209.0719000001,1272233.9504859999,0.421458,0.328125,0.00029200012795627117,0.01487499987706542,1.8022089999999999,22.40146,0.19687499999999999,2.7057920000000002,0.023042,24.930503000000002,35.578485999954864,1272209.441441,1272209.4417330001
1366,4068,8193,1,1272223.371,1272234.078527,1272258.4038209999,0.424375,0.29895900003612041,0.00029200012795627117,0.05133299995213747,1.808333,21.845835000000001,0.19775000000000001,2.7157089999999999,0.022166999999999999,24.409877000000002,35.032820999855176,1272234.4183189999,1272234.4186110001
1367,4071,8193,1,1272248.372,1272258.50153,1272282.5334069999,0.395208,0.3030409999191761,0.0002910001203417778,0.0099169998429715633,1.8374999999999999,21.560585,0.19483300000000001,2.6407509999999998,0.023917000000000001,24.082336000000002,34.161406999919564,1272258.8462799999,1272258.8465710001
1368,4074,8193,1,1272273.372,1272282.6687409999,1272307.4936599999,0.42145899999999997,0.292250000173226,0,0.010500000091269612,1.8278749999999999,22.368210000000001,0.198042,2.6979169999999999,0.023042,24.913585999999999,34.121659999946132,1272283.001532,1272283.001532
1369,4077,8193,1,1272298.3640000001,1272307.5829100001,1272332.3124540001,0.41562500000000002,0.32666599983349442,0.00058299978263676167,0.054833000060170889,1.814459,22.256209999999999,0.19658400000000001,2.7326250000000001,0.025083000000000001,24.775918999999998,33.94845400005579,1272307.9521600001,1272307.9527429999
1370,4080,8193,1,1272323.372,1272332.446037,1272357.0799149999,0.44683299999999998,0.32112500001676381,0.00029200012795627117,0.0096249999478459358,1.8302080000000001,22.146543999999999,0.19629199999999999,2.6328749999999999,0.023334000000000001,24.718169,33.707914999919012,1272332.8085789999,1272332.8088710001
1371,4083,8193,1,1272348.385,1272357.1790809999,1272381.8645840001,0.45937499999999998,0.35904200002551079,0.00058300001546740532,0.056000000098720193,1.8237920000000001,22.162585,0.19775000000000001,2.657959,0.030041999999999999,24.742961000000001,33.479584000073373,1272357.580998,1272357.581581
1372,4086,8193,1,1272373.375,1272382.0422090001,1272406.5745860001,0.419126,0.29137499979697168,0.00029099988751113415,0.054542000172659755,1.827291,22.084128,0.19629199999999999,2.6640830000000002,0.014,24.618711000000001,33.199586000060663,1272382.375001,1272382.3752919999
1373,4089,8193,1,1272398.3759999999,1272406.654503,1272430.7161300001,0.41854200000000003,0.3292920000385493,0.00058300001546740532,0.050459000049158931,1.811833,21.589461,0.19629099999999999,2.6302500000000002,0.012833000000000001,24.108294000000001,32.340130000142381,1272407.0263779999,1272407.0269609999
1374,4092,8193,1,1272423.3729999999,1272430.8362970001,1272455.32755,0.44362499999999999,0.31587499985471368,0.00029199989512562752,0.049292000010609627,1.8319589999999999,21.977377000000001,0.19687499999999999,2.709292,0.015459000000000001,24.57817,31.954550000140443,1272431.193005,1272431.1932969999
1375,4093,8193,1,1272431.706,1272455.3666330001,1272479.0088440001,0.36370799999999998,0.31558299995958805,0.00029199989512562752,0.061250000027939677,1.8377920000000001,21.15896,0.198042,2.7020010000000001,0.014584,23.646585999999999,47.302844000048935,1272455.725966,1272455.7262579999
1376,4097,8193,1,1272465.0390000001,1272479.1301770001,1272503.7477210001,0.41766599999999998,0.29370799986645579,0.00058400002308189869,0.0099160000681877136,1.8144579999999999,22.179794000000001,0.19745799999999999,2.7323339999999998,0.01575,24.701252,38.708721000002697,1272479.464135,1272479.464719
1377,4100,8193,1,1272490.0390000001,1272503.834054,1272528.2130150001,0.455291,0.35845900001004338,0.00029199989512562752,0.054833000060170889,1.7882089999999999,21.847584999999999,0.19833400000000001,2.5879590000000001,0.023334000000000001,24.433502000000001,38.174014999996871,1272504.234804,1272504.2350959999
1378,4103,8193,1,1272515.02,1272528.3477650001,1272553.0627260001,0.46579100000000001,0.33308400004170835,0.00029200012795627117,0.054250000044703484,1.808916,22.192919,0.19425000000000001,2.567542,0.022749999999999999,24.805377,38.042726000072435,1272528.7231399999,1272528.723432
1379,4106,8193,1,1272540.0330000001,1272553.1554759999,1272578.544187,0.42991699999999999,0.33833299996331334,0.0002910001203417778,2.7189169998746365,1.8194170000000001,20.178667999999998,0.19775000000000001,2.5827089999999999,0.022749999999999999,25.436836,38.511186999967322,1272553.537268,1272553.5375590001
1380,4109,8193,1,1272565.04,1272578.6754370001,1272603.0818139999,0.41416599999999998,0.28524999995715916,0.00029200012795627117,0.055707999970763922,1.806292,21.933918999999999,0.19745799999999999,2.6381260000000002,0.023625,24.49446,38.041813999880105,1272579.0015199999,1272579.0018120001
1381,4112,8193,1,1272590.0390000001,1272603.1710640001,1272627.514734,0.43137500000000001,0.34154199995100498,0.00058400002308189869,0.056000000098720193,1.792584,21.823668999999999,0.19600000000000001,2.5713339999999998,0.023333,24.390045000000001,37.475733999861404,1272603.5560639999,1272603.5566479999
1382,4115,8193,1,1272615.044,1272627.6535670001,1272652.2206530001,0.417375,0.28874999983236194,0.00029199989512562752,0.055124999955296516,1.808916,22.092586000000001,0.191917,2.789209,0.023042,24.654585999999998,37.176653000060469,1272627.9834420001,1272627.983734
1383,4118,8193,1,1272640.0049999999,1272652.314278,1272678.237614,0.43983299999999997,0.34620799985714257,0.00029200012795627117,2.6684590000659227,1.814459,20.764918999999999,0.19570799999999999,2.571917,0.023042,25.974961,38.232614000095055,1272652.7021939999,1272652.702486
1384,4121,8193,1,1272665.037,1272678.3647799999,1272703.020824,0.41533300000000001,0.28933400008827448,0,0.054250000044703484,1.820292,22.166084999999999,0.19658300000000001,2.708126,0.023040999999999999,24.742377000000001,37.983823999995366,1272678.694072,1272678.694072
1385,4124,8193,1,1272690.0419999999,1272703.1109490001,1272727.659952,0.42729200000000001,0.33804199984297156,0.00029099988751113415,0.055417000083252788,1.817375,22.009751999999999,0.19454199999999999,2.6672920000000002,0.023333,24.594503,37.617952000116929,1272703.493033,1272703.4933239999
1386,4127,8193,1,1272715.041,1272727.8399100001,1272751.950829,0.46083400000000002,0.33191700000315905,0.00029099988751113415,0.055124999955296516,1.8232090000000001,21.572251999999999,0.19716700000000001,2.696167,0.023625,24.199293999999998,36.909829000011086,1272728.2123690001,1272728.21266
1387,4130,8193,1,1272740.04,1272752.0415380001,1272776.122707,0.41504200000000002,0.32608299981802702,0.00029199989512562752,0.052208000095561147,1.8380840000000001,21.538126999999999,0.19600000000000001,2.762667,0.024792000000000002,24.127835999999999,36.082706999965012,1272752.4096210001,1272752.409913
1388,4133,8193,1,1272765.04,1272776.25104,1272800.9732929999,0.42379099999999997,0.29954200005158782,0,0.05629199999384582,1.7847090000000001,22.259419000000001,0.19541600000000001,2.5418750000000001,0.023334000000000001,24.805961,35.933292999863625,1272776.591123,1272776.591123
1389,4136,8193,1,1272790.04,1272801.067209,1272825.688545,0.39433400000000002,0.30770900007337332,0,0.055124999955296516,1.8310839999999999,22.104835000000001,0.19716700000000001,2.7562509999999998,0.023625,24.666836,35.648545000003651,1272801.416334,1272801.416334
1390,4139,8193,1,1272815.04,1272825.8142530001,1272850.8080480001,0.41154099999999999,0.2884589999448508,0.00029200012795627117,0.012832999927923083,1.7893760000000001,22.572085000000001,0.19658300000000001,2.6416249999999999,0.023042,25.076336000000001,35.768048000056297,1272826.143253,1272826.1435450001
1391,4142,8193,1,1272840.04,1272850.9060480001,1272874.718592,0.38850000000000001,0.29224999994039536,0.00029099988751113415,0.054250000044703484,1.825251,21.319085000000001,0.19745799999999999,2.7189169999999998,0.023625,23.867668999999999,34.67859199992381,1272851.239423,1272851.2397139999
1392,4145,8193,1,1272865.0020000001,1272874.8527579999,1272899.5193030001,0.433417,0.30537499999627471,0.00029099988751113415,0.010209000203758478,1.8284579999999999,22.235211,0.20008400000000001,2.7652920000000001,0.031208,24.754045000000001,34.517302999971434,1272875.198967,1272875.1992579999
1393,4148,8193,1,1272890.041,1272899.652886,1272924.133347,0.38383400000000001,0.29224999994039536,0.00029099988751113415,0.055124999955296516,1.8095000000000001,22.047961000000001,0.19745799999999999,2.7556669999999999,0.011958,24.528877999999999,34.092347000027075,1272899.9883030001,1272899.988594
1394,4151,8193,1,1272915.051,1272924.2678050001,1272951.3928080001,0.457625,0.33191700000315905,0.00029199989512562752,2.6139170001260936,1.8095000000000001,22.047668999999999,0.19687499999999999,2.5342920000000002,0.013709000000000001,27.20842,36.341808000113815,1272924.6420130001,1272924.642305
1395,4154,8193,1,1272940.0430000001,1272951.472724,1272976.086477,0.38062499999999999,0.29399999999441206,0.00029200012795627117,0.053374999901279807,1.7949170000000001,22.150335999999999,0.19716600000000001,2.580667,0.023625,24.659835999999999,36.043476999970153,1272951.807266,1272951.8075580001
1396,4157,8193,1,1272965.04,1272976.2229770001,1273001.014646,0.440417,0.29691699985414743,0.00029200012795627117,0.049875000026077032,1.793166,22.307252999999999,0.19833300000000001,2.5952510000000002,0.024208,24.881793999999999,35.974645999958739,1272976.5729769999,1272976.573269
1397,4160,8193,1,1272990.0430000001,1273001.103896,1273024.303357,0.38908300000000001,0.30129200010560453,0.00029199989512562752,0.05133299995213747,1.8319589999999999,20.683543,0.19745799999999999,2.6941259999999998,0.024208,23.245543999999999,34.26035699993372,1273001.4468960001,1273001.447188
1398,4163,8193,1,1273015.051,1273024.4346070001,1273048.5604010001,0.43983299999999997,0.30770799983292818,0.00029199989512562752,0.054250000044703484,1.829626,21.604627000000001,0.19833400000000001,2.8032080000000001,0.023917000000000001,24.215919,33.509401000104845,1273024.7843150001,1273024.784607
1399,4166,8193,1,1273040.041,1273048.651692,1273072.5158619999,0.42116700000000001,0.33220900013111532,0.0002910001203417778,0.053958999924361706,1.811542,21.341836000000001,0.19716600000000001,2.8172079999999999,0.023333,23.911128000000001,32.474861999973655,1273049.0261929999,1273049.026484
1400,4169,8193,1,1273065.0490000001,1273072.6479869999,1273099.9520729999,0.419709,0.29079100000672042,0.00029099988751113415,2.5885420001577586,1.8129999999999999,22.279252,0.19745799999999999,2.5555840000000001,0.023625,27.39217,34.903072999790311,1273072.9796120001,1273072.9799029999
1401,4172,8193,1,1273090.023,1273100.045406,1273124.654783,0.39141599999999999,0.30041699996218085,0.00029199989512562752,0.054833000060170889,1.806292,22.119710000000001,0.19658300000000001,2.6352090000000001,0.022749999999999999,24.659835000000001,34.631782999960706,1273100.386656,1273100.3869479999
1402,4175,8193,1,1273115.041,1273124.7828249999,1273149.553786,0.45966699999999999,0.33191700000315905,0.00029199989512562752,0.055417000083252788,1.8019160000000001,22.250086,0.19891700000000001,2.5167920000000001,0.023333,24.856127999999998,34.512786000035703,1273125.157325,1273125.1576169999
1403,4178,8193,1,1273140.051,1273149.6477030001,1273173.862163,0.40949999999999998,0.31529099983163178,0.00029200012795627117,0.054832999827340245,1.8141670000000001,21.700876999999998,0.19658300000000001,2.7098749999999998,0.023333,24.266376999999999,33.811163000063971,1273150.005286,1273150.0055780001
1404,4181,8193,1,1273165.0449999999,1273173.98933,1273198.977583,0.45908399999999999,0.33279199991375208,0.0002910001203417778,0.055416999850422144,1.8200000000000001,22.491586000000002,0.19629099999999999,2.686833,0.024209000000000001,25.071670000000001,33.93258300004527,1273174.364997,1273174.3652880001
1405,4184,8193,1,1273190.023,1273199.0706239999,1273226.447627,0.38295800000000002,0.29195900005288422,0.00029200012795627117,2.7244589999318123,1.8013330000000001,22.232586000000001,0.19570799999999999,2.6839170000000001,0.023625,27.427461000000001,36.424627000000328,1273199.4031239999,1273199.4034160001
1406,4187,8193,1,1273215.0419999999,1273226.5794599999,1273250.562046,0.40104200000000001,0.27183400001376867,0.0002910001203417778,0.054541999939829111,1.79375,21.531419,0.19833300000000001,2.6284999999999998,0.023625,24.070668999999999,35.520046000136063,1273226.8924189999,1273226.89271
1407,4190,8193,1,1273240.041,1273250.6530460001,1273274.3355070001,0.41708299999999998,0.32754199998453259,0.00058300001546740532,0.052499999990686774,1.7957920000000001,21.175877,0.20008300000000001,2.6451250000000002,0.023042,23.729419,34.29450700012967,1273251.0231709999,1273251.023754
1408,4193,8193,1,1273265.041,1273274.4626740001,1273298.5429680001,0.41591600000000001,0.29079100000672042,0,0.053374999901279807,1.8316669999999999,21.578669000000001,0.19658300000000001,2.7072500000000002,0.022749999999999999,24.164294000000002,33.501968000084162,1273274.7945900001,1273274.7945900001
1409,4196,8193,1,1273290.041,1273298.6374679999,1273323.1313449999,0.38791599999999998,0.29399999999441206,0.00029199989512562752,0.053667000029236078,1.8287500000000001,21.992252000000001,0.19745799999999999,2.6985009999999998,0.022457999999999999,24.546085000000001,33.090344999916852,1273298.972884,1273298.9731759999
1410,4199,8193,1,1273315.0449999999,1273323.2660950001,1273347.758806,0.46229100000000001,0.32899999991059303,0.00029199989512562752,0.053667000029236078,1.8127089999999999,21.971252,0.19454099999999999,2.7542089999999999,0.022457999999999999,24.584002000000002,32.713806000072509,1273323.636803,1273323.6370949999
1411,4202,8193,1,1273340.057,1273347.8483480001,1273372.1657670001,0.42875000000000002,0.33979099988937378,0.00029199989512562752,0.053958000149577856,1.827,21.768543999999999,0.19658300000000001,2.6357919999999999,0.023042,24.363503000000001,32.108767000027001,1273348.231014,1273348.2313059999
1412,4204,8193,1,1273356.709,1273372.2558919999,1273399.4418530001,0.40045799999999998,0.31354100001044571,0.00029199989512562752,2.5433340000454336,1.8135829999999999,22.222961000000002,0.19716700000000001,2.5016250000000002,0.023917000000000001,27.232627999999998,42.732853000052273,1273372.609683,1273372.6099749999
1413,4208,8193,1,1273390.0120000001,1273399.610144,1273424.1594390001,0.46899999999999997,0.30099999997764826,0.00029199989512562752,0.055708000203594565,1.7978339999999999,22.066627,0.19600000000000001,2.6512500000000001,0.023334000000000001,24.676169999999999,34.147438999963924,1273399.952269,1273399.9525609999
1414,4211,8193,1,1273415.0419999999,1273424.263272,1273448.0440239999,0.371,0.31704199989326298,0.00029099988751113415,0.053375000134110451,1.8013330000000001,21.278251999999998,0.19658300000000001,2.7568329999999999,0.023917000000000001,23.790669000000001,33.002024000044912,1273424.6240640001,1273424.624355
1415,4214,8193,1,1273440.0109999999,1273448.170899,1273472.5177770001,0.44362499999999999,0.31674999999813735,0.0002910001203417778,0.054250000044703484,1.801334,21.850501999999999,0.19745799999999999,2.5272920000000001,0.023333,24.430876999999999,32.506777000147849,1273448.5302329999,1273448.5305240001
1416,4217,8193,1,1273465.0319999999,1273472.6111099999,1273499.100571,0.37624999999999997,0.2840830001514405,0,2.578916999977082,1.8092090000000001,21.539002,0.19658300000000001,2.5442079999999998,0.025375000000000002,26.540502,34.068571000127122,1273472.9363180001,1273472.9363180001
1417,4220,8193,1,1273490.051,1273499.227738,1273526.5478660001,0.43370799999999998,0.30799999996088445,0.00029200012795627117,2.7349590000230819,1.8013330000000001,22.153835999999998,0.19454199999999999,2.694709,0.018667,27.405294999999999,36.496866000117734,1273499.5762789999,1273499.576571
1418,4223,8193,1,1273515.044,1273526.630991,1273551.2007009999,0.39783299999999999,0.30712500005029142,0.00058300001546740532,0.054834000067785382,1.7882089999999999,22.091709999999999,0.19716700000000001,2.5739580000000002,0.023333,24.619585000000001,36.156700999941677,1273526.9789489999,1273526.9795319999
1419,4226,8193,1,1273540.0449999999,1273551.3331180001,1273576.179912,0.44420799999999999,0.31266699987463653,0,0.05133299995213747,1.8281670000000001,22.323585999999999,0.19833300000000001,2.666417,0.023625,24.934877,36.13491200003773,1273551.689243,1273551.689243
1420,4229,8193,1,1273565.0460000001,1273576.2685789999,1273601.00104,0.42495899999999998,0.33512499998323619,0.00029199989512562752,0.052791000111028552,1.7861670000000001,22.233751999999999,0.19366700000000001,2.7469169999999998,0.023334000000000001,24.778545000000001,35.955039999913424,1273576.6474540001,1273576.647746
1421,4232,8193,1,1273590.0449999999,1273601.129373,1273625.0323340001,0.45529199999999997,0.32958299992606044,0.00029200012795627117,0.054250000044703484,1.831375,21.404834999999999,0.199208,2.7784170000000001,0.030624999999999999,23.988128,34.987334000179544,1273601.4994979999,1273601.49979
1422,4235,8193,1,1273615.0519999999,1273625.1726249999,1273649.162794,0.37916699999999998,0.28904200019314885,0.00029199989512562752,0.054833000060170889,1.8243750000000001,21.537251999999999,0.19570799999999999,2.6503749999999999,0.025083000000000001,24.039169000000001,34.110794000094756,1273625.5027920001,1273625.503084
1423,4238,8193,1,1273640.0519999999,1273649.2896700001,1273676.3785059999,0.44508300000000001,0.31441599992103875,0.00058400002308189869,2.6337500000372529,1.8293330000000001,22.042128000000002,0.20066600000000001,2.6072090000000001,0.0096249999999999999,27.176628000000001,36.326506000012159,1273649.646961,1273649.6475450001
1424,4241,8193,1,1273665.0430000001,1273676.528714,1273703.0995499999,0.41562500000000002,0.32199999992735684,0.00029200012795627117,2.8134169999975711,1.8048329999999999,21.346211,0.198042,2.6842090000000001,0.012833000000000001,26.621586000000001,38.056549999862909,1273676.893589,1273676.8938810001
1425,4244,8193,1,1273690.0430000001,1273703.2287580001,1273727.8025519999,0.45383400000000002,0.31499999994412065,0.00029099988751113415,0.05629199999384582,1.803666,22.073336000000001,0.19483300000000001,2.695875,0.023625,24.671793999999998,37.759551999857649,1273703.5845920001,1273703.584883
1426,4247,8193,1,1273715.0449999999,1273727.895302,1273752.315097,0.43720799999999999,0.34737499989569187,0.00029199989512562752,0.054541999939829111,1.833126,21.860126999999999,0.197459,2.6955830000000001,0.023042,24.468502999999998,37.27009700005874,1273728.2838020001,1273728.284094
1427,4250,8193,1,1273740.041,1273752.447222,1273779.7781410001,0.43866699999999997,0.30829100008122623,0.00058300001546740532,2.7935840000864118,1.8153330000000001,22.08296,0.19745799999999999,2.7594590000000001,0.022166999999999999,27.420461,39.737141000106931,1273752.7963469999,1273752.79693
1428,4253,8193,1,1273765.0519999999,1273779.878183,1273804.5371429999,0.40104099999999998,0.30333300004713237,0.00029199989512562752,0.052208000095561147,1.803958,22.170752,0.19775000000000001,2.703751,0.023625,24.715834999999998,39.485143000027165,1273780.2226410001,1273780.222933
1429,4256,8193,1,1273790.0430000001,1273804.6648929999,1273829.1928960001,0.45529199999999997,0.32783400011248887,0.00029200012795627117,0.052499999990686774,1.8316669999999999,21.990794000000001,0.19716700000000001,2.7384580000000001,0.023916,24.612586,39.149896000046283,1273805.0353099999,1273805.0356020001
1430,4259,8193,1,1273815.023,1273829.2897290001,1273854.1884399999,0.39783299999999999,0.30275000003166497,0.00029199989512562752,0.024208000162616372,1.7873330000000001,22.454543999999999,0.193666,2.6436670000000002,0.024208,24.951502000000001,39.16543999989517,1273829.634479,1273829.6347709999
1431,4262,8193,1,1273840.0460000001,1273854.31794,1273879.041068,0.47949999999999998,0.35087500000372529,0.00058300001546740532,0.054541999939829111,1.8275840000000001,22.164626999999999,0.19833400000000001,2.761209,0.023042,24.810336,38.995067999931052,1273854.7102320001,1273854.7108150001
1432,4265,8193,1,1273865.0449999999,1273879.142859,1273902.713028,0.40337499999999998,0.30624999990686774,0.00029199989512562752,0.009917000075802207,1.817958,21.113752000000002,0.19775000000000001,2.6669999999999998,0.023625,23.625294,37.668028000043705,1273879.4911090001,1273879.4914009999
1433,4268,8193,1,1273890.0430000001,1273902.84457,1273927.4303220001,0.47687499999999999,0.32987500005401671,0.00029200012795627117,0.049582999898120761,1.797542,22.096668999999999,0.199209,2.7127919999999999,0.024209000000000001,24.675003,37.387321999995038,1273903.2321949999,1273903.2324870001
1434,4271,8193,1,1273915.047,1273927.523947,1273952.4069079999,0.40600000000000003,0.31208399985916913,0,0.056583999888971448,1.8089170000000001,22.382501999999999,0.19483400000000001,2.6935419999999999,0.023334000000000001,24.933710999999999,37.359907999867573,1273927.8791970001,1273927.8791970001
1435,4274,8193,1,1273940.044,1273952.5437,1273976.974869,0.42379099999999997,0.29108299990184605,0.00029200012795627117,0.012249999912455678,1.801625,22.031044000000001,0.19687499999999999,2.7746249999999999,0.024208,24.521001999999999,36.930869000032544,1273952.877658,1273952.8779500001
1436,4277,8193,1,1273965.0490000001,1273977.0661609999,1274001.739997,0.391125,0.30099999997764826,0,0.052499999990686774,1.821167,22.169001999999999,0.19716700000000001,2.725625,0.023625,24.723127999999999,36.690996999852359,1273977.407994,1273977.407994
1437,4280,8193,1,1273990.0449999999,1274001.8756220001,1274026.267124,0.44129200000000002,0.30566599988378584,0,0.052791000111028552,1.8278749999999999,21.877044000000001,0.19541700000000001,2.722709,0.024208,24.484836000000001,36.22212400007993,1274002.2238719999,1274002.2238719999
1438,4283,8193,1,1274015.044,1274026.3560820001,1274050.997835,0.42758299999999999,0.33745899982750416,0.00029199989512562752,0.056290999986231327,1.8080419999999999,22.108628,0.19454099999999999,2.610125,0.024500000000000001,24.687543999999999,35.953835000051185,1274026.7378740001,1274026.738166
1439,4286,8193,1,1274040.044,1274051.1273350001,1274075.778712,0.45441700000000002,0.32929199980571866,0.0002910001203417778,0.055124999955296516,1.8013330000000001,22.141293999999998,0.198625,2.910542,0.023040999999999999,24.736252,35.734712000004947,1274051.496877,1274051.4971680001
1440,4289,8193,1,1274065.0449999999,1274075.873504,1274101.674632,0.404833,0.31208300008438528,0.00029200012795627117,2.5943749998696148,1.8127089999999999,20.796417999999999,0.19600000000000001,2.559958,0.032375000000000001,25.852169,36.629632000112906,1274076.227004,1274076.2272960001
1441,4292,8193,1,1274090.014,1274101.847882,1274128.758801,0.41241699999999998,0.28583299997262657,0.00029199989512562752,2.7081250001210719,1.8100830000000001,21.838543999999999,0.19425000000000001,2.5375009999999998,0.013708,26.996960999999999,38.744800999993458,1274102.1745480001,1274102.17484
1442,4295,8193,1,1274115.017,1274128.9303009999,1274153.537637,0.39200000000000002,0.29954200005158782,0.0002910001203417778,0.014583999989554286,1.8144579999999999,22.211002000000001,0.19658400000000001,2.6964589999999999,0.014583,24.658377000000002,38.520636999979615,1274129.2709679999,1274129.2712590001
1443,4298,8193,1,1274140.044,1274153.6793869999,1274178.0108060001,0.48708299999999999,0.35554200015030801,0.00029199989512562752,0.05512500018812716,1.788208,21.868002000000001,0.19512499999999999,2.8169170000000001,0.013125,24.419502000000001,37.966806000098586,1274154.078095,1274154.0783869999
1444,4301,8193,1,1274165.0549999999,1274178.0980140001,1274202.3110170001,0.39958399999999999,0.30916699999943376,0,0.048707999987527728,1.8232090000000001,21.705544,0.19629099999999999,2.7822079999999998,0.022749999999999999,24.262585999999999,37.2560170001816,1274178.4477230001,1274178.4477230001
1445,4304,8193,1,1274190.054,1274202.437892,1274226.611519,0.41416700000000001,0.28845799993723631,0.00029099988751113415,0.054542000172659755,1.8025,21.698543999999998,0.19775000000000001,2.790667,0.023334000000000001,24.257628,36.557519000023603,1274202.767767,1274202.7680579999
1446,4307,8193,1,1274215.047,1274226.701353,1274250.9811470001,0.42729200000000001,0.33774999994784594,0.0002910001203417778,0.055999999865889549,1.8194170000000001,21.735002000000001,0.19658400000000001,2.6903329999999999,0.023334000000000001,24.325877999999999,35.934147000079975,1274227.0828529999,1274227.083144
1447,4310,8193,1,1274240.0449999999,1274251.1132720001,1274275.692024,0.43866699999999997,0.30741599993780255,0.00029199989512562752,0.054250000044703484,1.836333,22.094044,0.19425000000000001,2.6629170000000002,0.023917000000000001,24.667711000000001,35.647024000063539,1274251.4629800001,1274251.463272
1448,4313,8193,1,1274265.0449999999,1274275.7809820001,1274298.9530259999,0.38324999999999998,0.29895900003612041,0.00029199989512562752,0.0093330000527203083,1.8188340000000001,20.770168999999999,0.19600000000000001,2.7752089999999998,0.022749999999999999,23.215793999999999,33.908026000019163,1274276.1204820001,1274276.120774
1449,4316,8193,1,1274290.0460000001,1274299.1201510001,1274323.5545290001,0.39637499999999998,0.26949999993667006,0.0002910001203417778,0.014291999861598015,1.8296250000000001,22.033669,0.19804099999999999,2.7472080000000001,0.029749999999999999,24.521294000000001,33.508528999984264,1274299.42961,1274299.4299010001
1450,4319,8193,1,1274315.048,1274323.6872370001,1274348.065615,0.40862500000000002,0.31733400002121925,0.0002910001203417778,0.05629199999384582,1.801917,21.874419,0.199209,2.8352919999999999,0.022457999999999999,24.427085999999999,33.01761500001885,1274324.0474459999,1274324.047737
1451,4322,8193,1,1274340.037,1274348.1997809999,1274372.9450759999,0.48329100000000003,0.34766700002364814,0.00029199989512562752,0.054833000060170889,1.8328340000000001,22.180669000000002,0.19687499999999999,2.7337920000000002,0.023625,24.837461000000001,32.908075999934226,1274348.590906,1274348.5911979999
1452,4325,8193,1,1274365.048,1274373.0357840001,1274397.664411,0.42699999999999999,0.33774999994784594,0,0.056000000098720193,1.817375,22.088211000000001,0.19716700000000001,2.6789589999999999,0.023042,24.675585000000002,32.616411000024527,1274373.4161169999,1274373.4161169999
1453,4328,8193,1,1274390.0109999999,1274397.792161,1274422.4473309999,0.44800000000000001,0.32316699996590614,0.00029099988751113415,0.051916999975219369,1.827,22.170169000000001,0.19716700000000001,2.7160000000000002,0.023917000000000001,24.738586000000002,32.436330999946222,1274398.156745,1274398.1570359999
1454,4331,8193,1,1274415.0449999999,1274422.5307469999,1274447.555166,0.38529200000000002,0.30158400000073016,0.00029199989512562752,0.01195800001733005,1.7984169999999999,22.591044,0.198042,2.6675840000000002,0.013125,25.067003,32.510166000109166,1274422.873164,1274422.8734559999
1455,4334,8193,1,1274440.0109999999,1274447.6767909999,1274472.320294,0.43020900000000001,0.30070900009013712,0.00029099988751113415,0.05220900010317564,1.8217509999999999,22.142168999999999,0.19658400000000001,2.6600000000000001,0.022749999999999999,24.731877999999998,32.309294000035152,1274448.018625,1274448.0189159999
1456,4335,8193,1,1274448.3810000001,1274472.3742519999,1274499.0509629999,0.34737499999999999,0.29399999999441206,0.00029200012795627117,2.7046250000130385,1.8182499999999999,21.577501999999999,0.199208,2.6623329999999998,0.024791000000000001,26.686043999999999,50.669962999876589,1274472.712294,1274472.7125860001
1457,4340,8193,1,1274490.0160000001,1274499.215172,1274523.742882,0.44187500000000002,0.27824999997392297,0.00029199989512562752,0.011667000129818916,1.8147500000000001,22.105710999999999,0.19716600000000001,2.678375,0.015458,24.651959999999999,33.726881999988109,1274499.533088,1274499.5333799999
1458,4343,8193,1,1274515.048,1274523.782841,1274548.3691769999,0.38529200000000002,0.33599999989382923,0.00029099988751113415,0.051916999975219369,1.801917,22.113002000000002,0.19629199999999999,2.751001,0.030917,24.591878000000001,33.321176999947056,1274524.1625910001,1274524.162882
1459,4346,8193,1,1274540.031,1274548.542718,1274573.196429,0.416792,0.28962499997578561,0.00029199989512562752,0.055124999955296516,1.8331249999999999,22.183294,0.198042,2.7005409999999999,0.029749999999999999,24.739460999999999,33.165429000044242,1274548.8737600001,1274548.874052
1460,4349,8193,1,1274565.0120000001,1274573.2885960001,1274600.4071820001,0.411833,0.32054099999368191,0.00029200012795627117,2.6305419998243451,1.808041,22.038627999999999,0.19658400000000001,2.5471249999999999,0.013417,27.167586,35.39518200000748,1274573.6511369999,1274573.6514290001
1461,4352,8193,1,1274590.0460000001,1274600.5247229999,1274625.0818930001,0.41416700000000001,0.28962500020861626,0.00029199989512562752,0.05133299995213747,1.7753749999999999,22.115335999999999,0.19425000000000001,2.8250829999999998,0.024500000000000001,24.641169999999999,35.035892999963835,1274600.8548900001,1274600.855182
1462,4355,8193,1,1274615.0449999999,1274625.175518,1274649.7846029999,0.40337499999999998,0.30975000001490116,0,0.053667000029236078,1.803666,22.114169,0.19425000000000001,2.5794999999999999,0.024209000000000001,24.661294000000002,34.739602999994531,1274625.5266839999,1274625.5266839999
1463,4358,8193,1,1274640.0460000001,1274649.918478,1274674.6579390001,0.45120900000000003,0.31762499990873039,0.00029099988751113415,0.053084000013768673,1.7882089999999999,22.247751999999998,0.199791,2.7731669999999999,0.022457999999999999,24.830461,34.611938999965787,1274650.278687,1274650.2789779999
1464,4361,8193,1,1274665.047,1274674.746606,1274699.0926079999,0.42320799999999997,0.33454199996776879,0,0.053374999901279807,1.837791,21.845251999999999,0.19425000000000001,2.6993749999999999,0.023917000000000001,24.392959999999999,34.045607999898493,1274675.1231480001,1274675.1231480001
1465,4364,8193,1,1274690.0549999999,1274699.2142330001,1274724.1884860001,0.43575000000000003,0.31354200001806021,0.00029200012795627117,0.01195800001733005,1.8025,22.530377000000001,0.19279199999999999,2.695875,0.013125,25.056211000000001,34.133486000122502,1274699.5680249999,1274699.5683170001
1466,4367,8193,1,1274715.0460000001,1274724.272778,1274749.0274050001,0.39958399999999999,0.30683299992233515,0.00029099988751113415,0.052499999990686774,1.7905420000000001,22.281877000000001,0.19629199999999999,2.8224589999999998,0.023625,24.805961,33.981404999969527,1274724.621028,1274724.6213189999
1467,4370,8193,1,1274740.0460000001,1274749.1639050001,1274774.162949,0.433417,0.30158299999311566,0.00029200012795627117,0.014582999981939793,1.803375,22.591044,0.19804099999999999,2.7171669999999999,0.033542000000000002,25.089461,34.116948999930173,1274749.506905,1274749.5071970001
1468,4373,8193,1,1274765.048,1274774.2411160001,1274796.294035,0.42554199999999998,0.34008299978449941,0,0.050750000169500709,1.8328329999999999,19.512794,0.19687499999999999,2.7396259999999999,0.012833000000000001,22.096668999999999,31.246035000076517,1274774.6229079999,1274774.6229079999
1469,4375,8193,1,1274781.6769999999,1274796.422951,1274821.2659539999,0.39345799999999997,0.30333400005474687,0.00029199989512562752,0.051915999967604876,1.820584,22.334377,0.19891600000000001,2.7652920000000001,0.023333,24.891418999999999,39.588954000035301,1274796.7679930001,1274796.768285
1470,4378,8193,1,1274806.713,1274821.399829,1274845.4518309999,0.44450000000000001,0.30975000001490116,0.00029199989512562752,0.054250000044703484,1.8147500000000001,21.583627,0.19745799999999999,2.7845420000000001,0.030041999999999999,24.144753000000001,38.738830999936908,1274821.751287,1274821.7515789999
1471,4381,8193,1,1274831.7150000001,1274845.5886230001,1274869.953,0.38529099999999999,0.29049999988637865,0.00029199989512562752,0.05629199999384582,1.816792,21.920501999999999,0.20125000000000001,2.6976249999999999,0.012541999999999999,24.415710000000001,38.237999999895692,1274845.922581,1274845.9228729999
1472,4384,8193,1,1274856.686,1274870.097667,1274894.124878,0.45674999999999999,0.32229200005531311,0.00029199989512562752,0.05308300000615418,1.8194170000000001,21.561169,0.19716700000000001,2.6923750000000002,0.013708,24.117626999999999,37.438878000015393,1274870.463709,1274870.4640009999
1473,4387,8193,1,1274881.7150000001,1274894.231045,1274917.942672,0.44624999999999998,0.35058299987576902,0.00058300001546740532,0.054250000044703484,1.8144579999999999,21.214669000000001,0.199208,2.762375,0.019540999999999999,23.764710000000001,36.227671999949962,1274894.6239199999,1274894.6245029999
1474,4390,8193,1,1274906.6950000001,1274918.073047,1274942.321341,0.45733400000000002,0.32987500005401671,0,0.054834000067785382,1.805126,21.787793000000001,0.19687499999999999,2.7944589999999998,0.015166000000000001,24.333461,35.626340999966487,1274918.445505,1274918.445505
1475,4393,8193,1,1274931.716,1274942.419341,1274966.7078849999,0.39316699999999999,0.30391700007021427,0.00029099988751113415,0.011084000114351511,1.796667,21.850501999999999,0.202125,2.7200839999999999,0.013708,24.336669000000001,34.991884999908507,1274942.7643830001,1274942.764674
1476,4396,8193,1,1274956.6799999999,1274966.8257190001,1274991.4021379999,0.441,0.31645799987018108,0.00029200012795627117,0.055124999955296516,1.812125,22.065753000000001,0.19425000000000001,2.7075420000000001,0.023042,24.659835999999999,34.722137999953702,1274967.1833019999,1274967.1835940001
1477,4399,8193,1,1274981.7139999999,1274991.494888,1275016.1442239999,0.41708299999999998,0.32229100004769862,0.00029199989512562752,0.054542000172659755,1.825834,22.115043,0.19833300000000001,2.6317080000000002,0.023042,24.701253000000001,34.430224000010639,1274991.860054,1274991.8603459999
1478,4402,8193,1,1275006.7139999999,1275016.2731399999,1275040.988684,0.46112500000000001,0.33366700005717576,0.0002910001203417778,0.055708999978378415,1.8188329999999999,22.178626999999999,0.19687499999999999,2.744583,0.022457999999999999,24.799835000000002,34.274684000061825,1275016.6499739999,1275016.6502650001
1479,4405,8193,1,1275031.7139999999,1275041.0788090001,1275065.8031029999,0.41854200000000003,0.33191700000315905,0,0.054250000044703484,1.836042,22.176002,0.19833400000000001,2.74925,0.023916,24.769501999999999,34.089103000005707,1275041.452143,1275041.452143
1480,4408,8193,1,1275056.71,1275065.935812,1275093.0091899999,0.43195899999999998,0.30012500006705523,0.0002910001203417778,2.5526669998653233,1.8135840000000001,22.129919000000001,0.19629099999999999,2.518834,0.024208,27.163502999999999,36.299189999932423,1275066.2773539999,1275066.277645
1481,4411,8193,1,1275081.7139999999,1275093.0920229999,1275118.666525,0.39841700000000002,0.31091700005345047,0.00058300001546740532,2.6605839999392629,1.7960830000000001,20.542376999999998,0.19454199999999999,2.5800839999999998,0.012541,25.618544,36.952525000087917,1275093.446398,1275093.446981
1482,4414,8193,1,1275106.7139999999,1275118.7875669999,1275143.268903,0.40891699999999997,0.28291700012050569,0.00029199989512562752,0.049875000026077032,1.8281670000000001,22.001586,0.19716700000000001,2.7160000000000002,0.014874999999999999,24.565335999999999,36.554903000127524,1275119.112192,1275119.1124839999
1483,4417,8193,1,1275131.7139999999,1275143.3534860001,1275167.9908640001,0.37683299999999997,0.28437499981373549,0.00029199989512562752,0.055416000075638294,1.810667,22.158501999999999,0.19570799999999999,2.692958,0.022749999999999999,24.689294,36.276864000130445,1275143.6784030001,1275143.678695
1484,4420,8193,1,1275156.7150000001,1275168.1183219999,1275192.889866,0.45674999999999999,0.33016700018197298,0,0.054250000044703484,1.8200000000000001,22.241043999999999,0.19512499999999999,2.6086670000000001,0.023333,24.855836,36.174865999957547,1275168.491072,1275168.491072
1485,4423,8193,1,1275181.716,1275192.9794079999,1275217.665785,0.423792,0.33395800017751753,0.00029199989512562752,0.055416000075638294,1.8001670000000001,22.164626999999999,0.19716700000000001,2.5873759999999999,0.023916,24.733044,35.949784999946132,1275193.356533,1275193.3568249999
1486,4426,8193,1,1275206.7139999999,1275217.795869,1275242.242788,0.45120900000000003,0.32083299988880754,0.00029099988751113415,0.055417000083252788,1.820875,21.920210999999998,0.198625,2.705209,0.023333,24.535878,35.528788000112399,1275218.158119,1275218.1584099999
1487,4429,8193,1,1275231.7139999999,1275242.3329129999,1275269.597332,0.40862500000000002,0.31733300001360476,0.0002910001203417778,2.6553340000100434,1.8138749999999999,22.143919,0.19775000000000001,2.5608330000000001,0.023625,27.311377,37.883332000114024,1275242.6945799999,1275242.694871
1488,4432,8193,1,1275256.7150000001,1275269.7300410001,1275294.2988760001,0.42466700000000002,0.2942909998819232,0,0.055124999955296516,1.7987089999999999,22.092002000000001,0.19745799999999999,2.6483340000000002,0.023916,24.658377000000002,37.58387600001879,1275270.0654569999,1275270.0654569999
1489,4435,8193,1,1275281.716,1275294.3930850001,1275317.7258369999,0.40425,0.3123749999795109,0,0.053375000134110451,1.8340000000000001,20.846294,0.19950000000000001,2.6789589999999999,0.032083,23.384086,36.009836999932304,1275294.7462929999,1275294.7462929999
1490,4438,8193,1,1275306.7180000001,1275317.8955870001,1275341.90209,0.40483400000000003,0.27883399999700487,0.00029099988751113415,0.055417000083252788,1.8013330000000001,21.599378000000002,0.19570899999999999,2.557334,0.012541999999999999,24.091377999999999,35.184089999878779,1275318.2155460001,1275318.2158369999
1491,4441,8193,1,1275331.7150000001,1275341.996298,1275368.3889260001,0.41562500000000002,0.32958299992606044,0.00029099988751113415,2.5558760000858456,1.8042499999999999,21.382377000000002,0.19833300000000001,2.4765419999999998,0.013125,26.436378000000001,36.673926000017673,1275342.3684650001,1275342.368756
1492,4444,8193,1,1275356.716,1275368.5047170001,1275390.7148440001,0.42583399999999999,0.30275000003166497,0,0.051041999831795692,1.8150409999999999,19.713751999999999,0.19570899999999999,2.6194579999999998,0.022749999999999999,22.292376999999998,33.99884400004521,1275368.8485920001,1275368.8485920001
1493,4447,8193,1,1275381.6740000001,1275390.8087609999,1275415.696097,0.39695900000000001,0.30245900014415383,0.00029199989512562752,0.05308300000615418,1.807458,22.395627000000001,0.19950000000000001,2.6407500000000002,0.024208,24.939253000000001,34.022096999920905,1275391.153803,1275391.1540949999
1494,4450,8193,1,1275406.726,1275415.826472,1275443.1503910001,0.42962499999999998,0.30012500006705523,0,2.6098329999949783,1.8092079999999999,22.316293999999999,0.20008400000000001,2.5754169999999998,0.032083,27.412293999999999,36.424391000065953,1275416.1680139999,1275416.1680139999
1495,4453,8193,1,1275431.7150000001,1275443.2842659999,1275467.8166439999,0.38033299999999998,0.28962499997578561,0.00029199989512562752,0.056875000009313226,1.8074589999999999,22.103960000000001,0.19512499999999999,2.7451669999999999,0.014583,24.580794000000001,36.101643999805674,1275443.615891,1275443.6161829999
1496,4456,8193,1,1275456.7150000001,1275467.959269,1275492.6056880001,0.46929100000000001,0.33716699993237853,0.00058400002308189869,0.052499999990686774,1.840125,22.141003000000001,0.19745799999999999,2.7854169999999998,0.016917000000000001,24.735377,35.890688000014052,1275468.3396020001,1275468.3401860001
1497,4459,8193,1,1275481.7150000001,1275492.784771,1275516.506024,0.42204199999999997,0.3292920000385493,0.00029099988751113415,0.015167000005021691,1.8340000000000001,21.27271,0.19950000000000001,2.615958,0.012541999999999999,23.771711,34.791023999918252,1275493.1563550001,1275493.156646
1498,4462,8193,1,1275506.7150000001,1275516.631149,1275541.3219010001,0.45674999999999999,0.32199999992735684,0.00058300001546740532,0.009917000075802207,1.8080419999999999,22.220336,0.19716600000000001,2.5803750000000001,0.023040999999999999,24.783794,34.606901000021026,1275516.994857,1275516.99544
1499,4465,8193,1,1275531.716,1275541.416985,1275566.1608200001,0.442166,0.34766600001603365,0.00058400002308189869,0.051624999847263098,1.8287500000000001,22.190584999999999,0.19337499999999999,2.6982089999999999,0.023625,24.79721,34.444820000091568,1275541.805776,1275541.80636
1500,4468,8193,1,1275556.689,1275566.28682,1275590.9985730001,0.50633300000000003,0.38149999990127981,0.00029200012795627117,0.05308300000615418,1.825542,22.124376999999999,0.19775000000000001,2.653292,0.022749999999999999,24.794294000000001,34.30957300006412,1275566.710612,1275566.7109040001
1501,4471,8193,1,1275581.7209999999,1275591.0875309999,1275615.830784,0.44916699999999998,0.36341700004413724,0.00029200012795627117,0.054540999932214618,1.815626,22.225002,0.19804099999999999,2.8230420000000001,0.025375000000000002,24.787877999999999,34.109784000087529,1275591.4920729999,1275591.4923650001
1502,4474,8193,1,1275606.7169999999,1275615.9527,1275643.3209530001,0.45645799999999997,0.33512499998323619,0.00058400002308189869,2.6984999999403954,1.812125,22.229960999999999,0.20766699999999999,2.672542,0.012833000000000001,27.449335999999999,36.603953000158072,1275616.3280750001,1275616.3286590001
1503,4477,8193,1,1275631.7169999999,1275643.4125369999,1275667.150997,0.37041600000000002,0.27620800002478063,0.00029199989512562752,0.05629199999384582,1.806,21.315294000000002,0.19716700000000001,2.7448760000000001,0.015459000000000001,23.791834999999999,35.433997000101954,1275643.729578,1275643.7298699999
1504,4480,8193,1,1275656.716,1275667.276414,1275691.9651250001,0.462584,0.32754199998453259,0.00029099988751113415,0.05804200004786253,1.817083,22.156168999999998,0.19833400000000001,2.7816260000000002,0.022749999999999999,24.781752999999998,35.249125000089407,1275667.6459560001,1275667.646247
1505,4483,8193,1,1275681.716,1275692.060791,1275716.3513770001,0.40862500000000002,0.31208399985916913,0.00029200012795627117,0.053957999916747212,1.834875,21.76446,0.19687499999999999,2.7343760000000001,0.024500000000000001,24.345419,34.63537700008601,1275692.4145829999,1275692.414875
1506,4486,8193,1,1275706.7169999999,1275716.482627,1275743.6849219999,0.43720799999999999,0.30683399992994964,0.00029200012795627117,2.5631669999565929,1.8200000000000001,22.183294,0.19395799999999999,2.5284580000000001,0.023625,27.290378,36.967921999981627,1275716.8317519999,1275716.832044
1507,4489,8193,1,1275731.719,1275743.7794220001,1275768.3847159999,0.39345799999999997,0.30187499988824129,0.00029200012795627117,0.055124999955296516,1.7998749999999999,22.122627000000001,0.19425000000000001,2.6535839999999999,0.023917000000000001,24.656336,36.665715999901295,1275744.1218379999,1275744.12213
1508,4492,8193,1,1275756.7169999999,1275768.5200489999,1275793.114843,0.45908300000000002,0.32404200010932982,0.00029200012795627117,0.053667000029236078,1.8249580000000001,22.066336,0.19745799999999999,2.7311670000000001,0.023625,24.688127999999999,36.397843000013381,1275768.8855069999,1275768.885799
1509,4495,8193,1,1275781.716,1275793.203802,1275817.325221,0.42204199999999997,0.33133299998007715,0.00029199989512562752,0.055707999970763922,1.8129999999999999,21.588877,0.198625,2.6699169999999999,0.023917000000000001,24.167211000000002,35.609220999991521,1275793.5797600001,1275793.580052
1510,4498,8193,1,1275806.716,1275817.4538459999,1275842.417015,0.45354100000000003,0.32900000014342368,0.00029199989512562752,0.056875000009313226,1.81125,22.442294,0.196876,2.688876,0.023917000000000001,25.047169,35.701014999998733,1275817.823387,1275817.8236789999
1511,4501,8193,1,1275831.716,1275842.51064,1275869.7333509999,0.39958300000000002,0.30683299992233515,0.00029199989512562752,2.6387080000713468,1.8042499999999999,22.142168999999999,0.19570799999999999,2.604876,0.023625,27.274044,38.017350999871269,1275842.85889,1275842.8591819999
1512,4504,8193,1,1275856.682,1275869.860226,1275894.123103,0.44595800000000002,0.31879199994727969,0.00029199989512562752,0.052499999990686774,1.806,21.754543999999999,0.19658300000000001,2.7518750000000001,0.023040999999999999,24.34571,37.441102999961004,1275870.2233510001,1275870.223643
1513,4507,8193,1,1275881.7180000001,1275894.214103,1275917.361356,0.43225000000000002,0.34358399990014732,0.00029200012795627117,0.054833000060170889,1.8220419999999999,20.598085000000001,0.19891700000000001,2.7145419999999998,0.022457999999999999,23.194210999999999,35.643355999840423,1275894.5993949999,1275894.599687
1514,4510,8193,1,1275906.716,1275917.490272,1275941.7446920001,0.462584,0.33658400014974177,0.00029099988751113415,0.053667000029236078,1.810667,21.722752,0.199792,2.6894580000000001,0.023917000000000001,24.338128000000001,35.0286920000799,1275917.868856,1275917.8691469999
1515,4513,8193,1,1275931.7180000001,1275941.8342329999,1275966.4389440001,0.41708299999999998,0.32958400016650558,0.00029200012795627117,0.053374999901279807,1.8334159999999999,22.103086000000001,0.19658400000000001,2.7084169999999999,0.031792000000000001,24.650794000000001,34.720943999942392,1275942.205233,1275942.2055250001
1516,4516,8193,1,1275956.7169999999,1275966.616861,1275991.290113,0.41912500000000003,0.28612500010058284,0.00029099988751113415,0.05629199999384582,1.8182499999999999,22.239585999999999,0.19687499999999999,2.7031670000000001,0.013125,24.765127,34.573113000020385,1275966.944111,1275966.9444019999
1517,4519,8193,1,1275981.7169999999,1275991.392488,1276017.2749910001,0.43050100000000002,0.33804200007580221,0.0002910001203417778,2.7221249998547137,1.7995840000000001,20.701919,0.198625,2.6430829999999998,0.013709000000000001,25.933544999999999,35.557991000125185,1275991.7719469999,1275991.7722380001
1518,4522,8193,1,1276006.7080000001,1276017.3910739999,1276042.1661179999,0.41825000000000001,0.29575000004842877,0.00029199989512562752,0.055124999955296516,1.8077510000000001,22.288585000000001,0.19833400000000001,2.7822089999999999,0.022459,24.857294,35.45811799983494,1276017.7270740001,1276017.7273659999
1519,4525,8193,1,1276031.683,1276042.2553679999,1276069.549538,0.41649999999999998,0.3292920000385493,0.00029099988751113415,2.728251000167802,1.816791,22.128169,0.19658400000000001,2.6874169999999999,0.023042,27.339960999999999,37.866538000060245,1276042.6260770001,1276042.6263679999
1520,4528,8193,1,1276056.719,1276069.678454,1276093.8617070001,0.43283300000000002,0.3047919999808073,0.00029199989512562752,0.052499999990686774,1.7794589999999999,21.716042999999999,0.198042,2.851334,0.022457999999999999,24.269293999999999,37.142707000020891,1276070.024954,1276070.0252459999
1521,4531,8193,1,1276081.726,1276093.954748,1276118.4483340001,0.410084,0.31616699998266995,0.00029200012795627117,0.053666000021621585,1.82175,21.972711,0.20125000000000001,2.7404999999999999,0.022749999999999999,24.546085999999999,36.722334000049159,1276094.3123319999,1276094.312624
1522,4534,8193,1,1276106.7,1276118.5757929999,1276142.7660449999,0.44245899999999999,0.31791600002907217,0,0.055124999955296516,1.834292,21.660336000000001,0.19775000000000001,2.7629589999999999,0.023917000000000001,24.273961,36.066044999985024,1276118.934834,1276118.934834
1523,4537,8193,1,1276131.7169999999,1276142.869003,1276170.021131,0.40191700000000002,0.30012500006705523,0.00029199989512562752,2.6159580000676215,1.8089170000000001,22.124376999999999,0.20416699999999999,2.5827089999999999,0.031791,27.202877999999998,38.304131000069901,1276143.2201700001,1276143.220462
1524,4540,8193,1,1276156.7169999999,1276170.1433389999,1276194.6410089999,0.43020900000000001,0.303624999942258,0.00029200012795627117,0.051041999831795692,1.7812079999999999,22.045044000000001,0.193083,2.7719999999999998,0.013417,24.581378000000001,37.924008999951184,1276170.4898389999,1276170.4901310001
1525,4543,8193,1,1276181.709,1276194.7751750001,1276219.3116359999,0.38966699999999999,0.295458999928087,0.0002910001203417778,0.054541999939829111,1.8237920000000001,22.040376999999999,0.19775000000000001,2.6970420000000002,0.023917000000000001,24.589544,37.602635999908671,1276195.111759,1276195.1120500001
1526,4546,8193,1,1276206.7169999999,1276219.443469,1276244.229305,0.43604100000000001,0.30508399987593293,0.00029200012795627117,0.012832999927923083,1.792875,22.343419000000001,0.19658300000000001,2.5754169999999998,0.022749999999999999,24.874502,37.512305000098422,1276219.7908439999,1276219.7911360001
1527,4549,8193,1,1276231.727,1276244.3226389999,1276269.0390580001,0.38470900000000002,0.29341600020416081,0.0002910001203417778,0.055417000083252788,1.817083,22.226461,0.19716600000000001,2.7189169999999998,0.023917000000000001,24.766003000000001,37.312058000126854,1276244.6577639999,1276244.658055
1528,4552,8193,1,1276256.7039999999,1276269.1825580001,1276296.3594770001,0.42349999999999999,0.29283299995586276,0,2.7104579999577254,1.8127089999999999,22.068085,0.19512499999999999,2.6751670000000001,0.024792000000000002,27.266461,39.655477000167593,1276269.5168079999,1276269.5168079999
1529,4555,8193,1,1276281.6880000001,1276296.450769,1276320.763521,0.40104200000000001,0.30945800011977553,0.0002910001203417778,0.055124999955296516,1.8080419999999999,21.806169000000001,0.19833300000000001,2.724459,0.023916,24.360876999999999,39.075520999962464,1276296.8036859999,1276296.8039770001
1530,4558,8193,1,1276306.696,1276320.8921459999,1276344.9701070001,0.45529199999999997,0.32841700012795627,0.00029200012795627117,0.055124999955296516,1.8147500000000001,21.549793999999999,0.19891700000000001,2.74925,0.023333,24.162835999999999,38.274107000092044,1276321.262563,1276321.2628550001
1531,4561,8193,1,1276331.7279999999,1276345.060232,1276369.7597350001,0.41358400000000001,0.32550000003539026,0,0.051624999847263098,1.816209,22.17746,0.197459,2.6474579999999999,0.023625,24.747045,38.03173500020057,1276345.4265650001,1276345.4265650001
1532,4564,8193,1,1276356.7180000001,1276369.8994430001,1276394.5948620001,0.45004100000000002,0.30975000001490116,0.00029199989512562752,0.055124999955296516,1.815042,22.189710000000002,0.19570899999999999,2.642792,0.022457999999999999,24.794001999999999,37.876861999975517,1276370.2509010001,1276370.251193
1533,4567,8193,1,1276381.72,1276394.68732,1276419.3451139999,0.420292,0.33074999996460974,0.0002910001203417778,0.054541999939829111,1.8325419999999999,22.114460000000001,0.19833300000000001,2.6416249999999999,0.022749999999999999,24.704751999999999,37.62511399993673,1276395.0606539999,1276395.060945
1534,4570,8193,1,1276406.696,1276419.4792810001,1276445.302867,0.433417,0.30099999997764826,0.00029200012795627117,2.6760409998241812,1.813876,20.702501999999999,0.19775000000000001,2.6413329999999999,0.023040999999999999,25.914586,38.606866999994963,1276419.821698,1276419.8219900001
1535,4573,8193,1,1276431.6780000001,1276445.3979499999,1276469.384911,0.403667,0.31179200019687414,0.00087499991059303284,0.055707999970763922,1.7911250000000001,21.506335,0.19541700000000001,2.5888339999999999,0.023625,24.038294,37.706910999957472,1276445.7502840001,1276445.751159
1536,4576,8193,1,1276456.7180000001,1276469.5173279999,1276494.601247,0.453542,0.31470800004899502,0.0002910001203417778,0.067958999890834093,1.786459,22.577627,0.19425000000000001,2.7734589999999999,0.023917000000000001,25.173461,37.883246999932453,1276469.8816199999,1276469.881911
1537,4579,8193,1,1276481.686,1276494.690497,1276519.216458,0.39287499999999997,0.30508300010114908,0.00029199989512562752,0.053375000134110451,1.8278749999999999,22.014419,0.19775000000000001,2.7028750000000001,0.023625,24.571753000000001,37.530458000022918,1276495.03758,1276495.0378719999
1538,4582,8193,1,1276506.7279999999,1276519.350625,1276542.79421,0.42612499999999998,0.29516600002534688,0.00029199989512562752,0.014292000094428658,1.798125,21.000294,0.19891600000000001,2.7055009999999999,0.023625,23.531669000000001,36.066210000077263,1276519.688666,1276519.6889579999
1539,4585,8193,1,1276531.72,1276542.883169,1276567.5570040001,0.39287499999999997,0.29866599990054965,0,0.051915999967604876,1.8103750000000001,22.176584999999999,0.19658300000000001,2.6366670000000001,0.024208,24.720502,35.8370040000882,1276543.229669,1276543.229669
1540,4588,8193,1,1276556.723,1276567.6888379999,1276592.3842569999,0.43108400000000002,0.29925000015646219,0.00029099988751113415,0.05512500018812716,1.806583,22.208669,0.19775000000000001,2.5768759999999999,0.023917000000000001,24.785253000000001,35.661256999941543,1276568.030088,1276568.0303789999
1541,4591,8193,1,1276581.719,1276592.473215,1276617.101551,0.39783400000000002,0.30916699999943376,0.00029200012795627117,0.0096249999478459358,1.806583,22.174835999999999,0.19541700000000001,2.7192090000000002,0.023625,24.674710999999999,35.38255099998787,1276592.8249649999,1276592.825257
1542,4594,8193,1,1276606.7220000001,1276617.2345509999,1276641.867845,0.426709,0.29633300006389618,0.00029099988751113415,0.055124999955296516,1.805709,22.157043000000002,0.19250100000000001,2.7034590000000001,0.023334000000000001,24.722836000000001,35.145844999933615,1276617.5717180001,1276617.572009
1543,4597,8193,1,1276631.719,1276641.964679,1276666.609348,0.40104200000000001,0.30391600006259978,0.00029200012795627117,0.055124999955296516,1.8205830000000001,22.170752,0.201542,2.6302500000000002,0.0315,24.700085999999999,34.890347999986261,1276642.3100119999,1276642.310304
1544,4600,8193,1,1276656.72,1276666.7837640001,1276691.3059330001,0.41329199999999999,0.28466699994169176,0.00029099988751113415,0.056000000098720193,1.815042,22.094044,0.19570799999999999,2.722709,0.013125,24.609376999999999,34.58593300008215,1276667.1098480001,1276667.110139
1545,4603,8193,1,1276681.72,1276691.4094750001,1276718.348395,0.43020900000000001,0.33804199984297156,0.00029099988751113415,2.796792000066489,1.8007500000000001,21.683378000000001,0.19716700000000001,2.7174580000000002,0.013417,26.98967,36.628395000007004,1276691.7889340001,1276691.789225
1546,4606,8193,1,1276706.727,1276718.465936,1276741.720522,0.41883300000000001,0.2948749999050051,0,0.054834000067785382,1.791417,20.787669000000001,0.19454199999999999,2.8163339999999999,0.022457999999999999,23.338001999999999,34.993522000033408,1276718.801061,1276718.801061
1547,4609,8193,1,1276731.7209999999,1276741.8150220001,1276766.417108,0.40250000000000002,0.30683299992233515,0.00029099988751113415,0.055417000083252788,1.794333,22.114169,0.19833300000000001,2.7930000000000001,0.023625,24.656044000000001,34.696108000120148,1276742.163564,1276742.1638549999
1548,4612,8193,1,1276756.719,1276766.555066,1276790.150318,0.46579100000000001,0.33220800012350082,0.00029200012795627117,0.056582999881356955,1.7861670000000001,21.085460999999999,0.202709,2.7894999999999999,0.023625,23.685960000000001,33.431317999958992,1276766.9301489999,1276766.930441
1549,4615,8193,1,1276781.72,1276790.240735,1276814.6500289999,0.42466599999999999,0.33599999989382923,0,0.055124999955296516,1.814751,21.877334999999999,0.19600000000000001,2.6632090000000002,0.023625,24.455376999999999,32.930028999922797,1276790.619318,1276790.619318
1550,4618,8193,1,1276806.719,1276814.778071,1276838.1959899999,0.44537500000000002,0.31966700009070337,0.00029199989512562752,0.053667000029236078,1.8144579999999999,20.902877,0.19716700000000001,2.795042,0.024208,23.503086,31.476989999879152,1276815.1382790001,1276815.138571
1551,4619,8193,1,1276815.057,1276838.248198,1276862.5869090001,0.38674999999999998,0.33950000000186265,0,0.05133299995213747,1.826417,21.79421,0.198625,2.6553339999999999,0.022749999999999999,24.342794000000001,47.529909000033513,1276838.630865,1276838.630865
1552,4623,8193,1,1276848.3859999999,1276862.7213669999,1276889.751287,0.43254199999999998,0.29954200005158782,0,2.6462919998448342,1.8138749999999999,21.938002000000001,0.19833300000000001,2.6124589999999999,0.023042,27.121794999999999,41.365287000080571,1276863.0623260001,1276863.0623260001
1553,4627,8193,1,1276881.719,1276889.9350370001,1276914.160289,0.43633300000000003,0.30070799984969199,0.00029199989512562752,0.055417000083252788,1.8095000000000001,21.735002000000001,0.19629199999999999,2.6926670000000001,0.023625,24.320043999999999,32.441288999980316,1276890.276578,1276890.2768699999
1554,4630,8193,1,1276906.719,1276914.2562480001,1276938.4465000001,0.38616699999999998,0.29370799986645579,0.0002910001203417778,0.053374999901279807,1.8132919999999999,21.703209999999999,0.19687499999999999,2.7504170000000001,0.023333,24.241876999999999,31.727500000037253,1276914.5904979999,1276914.590789
1555,4632,8193,1,1276923.3870000001,1276938.535167,1276963.1177109999,0.41941699999999998,0.33045800006948411,0.0002910001203417778,0.015750000020489097,1.801917,22.103085,0.198625,2.7690839999999999,0.023917000000000001,24.629211000000002,39.730710999807343,1276938.9079169999,1276938.908208
1556,4635,8193,1,1276948.3870000001,1276963.2530439999,1276987.9960050001,0.462584,0.32987500005401671,0.00029199989512562752,0.056583000114187598,1.8147500000000001,22.209835000000002,0.202125,2.624708,0.022457999999999999,24.834253,39.609004999976605,1276963.6243360001,1276963.624628
1557,4638,8193,1,1276973.389,1276988.0870050001,1277012.811882,0.420875,0.33250000001862645,0,0.053666999796405435,1.8083340000000001,22.203419,0.19716600000000001,2.791833,0.023334000000000001,24.771836,39.422881999984384,1276988.4606300001,1276988.4606300001
1558,4641,8193,1,1276998.3529999999,1277012.9416739999,1277037.682885,0.47570800000000002,0.344459000043571,0.00029199989512562752,0.055417000083252788,1.8144579999999999,22.194376999999999,0.198042,2.7320419999999999,0.023040999999999999,24.828419,39.329885000130162,1277013.330174,1277013.3304659999
1559,4644,8193,1,1277023.388,1277037.771552,1277062.4803869999,0.41358400000000001,0.3275409999769181,0,0.054250000044703484,1.8305,22.17221,0.19687499999999999,2.739042,0.022457999999999999,24.753169,39.092386999865994,1277038.140802,1277038.140802
1560,4647,8193,1,1277048.3540000001,1277062.6163039999,1277089.8393069999,0.42845800000000001,0.29487500013783574,0,2.6352090002037585,1.8135840000000001,22.150334999999998,0.19512499999999999,2.6004999999999998,0.023917000000000001,27.315753000000001,41.485306999878958,1277062.9520119999,1277062.9520119999
1561,4651,8193,1,1277081.7290000001,1277089.97639,1277114.480768,0.43020900000000001,0.30012500006705523,0.00029099988751113415,0.053084000013768673,1.8109580000000001,22.010044000000001,0.19833300000000001,2.634042,0.023334000000000001,24.592752999999998,32.751767999958247,1277090.318224,1277090.3185149999
1562,4654,8193,1,1277106.73,1277114.5703090001,1277138.4916449999,0.40804099999999999,0.31879199994727969,0.00029200012795627117,0.054541999939829111,1.8316669999999999,21.393167999999999,0.191917,2.7372920000000001,0.023916,23.968001999999998,31.7616449999623,1277114.931684,1277114.9319760001
1563,4656,8193,1,1277123.388,1277138.578853,1277162.9496480001,0.40775,0.3205420000012964,0.00029200012795627117,0.052207999862730503,1.834292,21.830378,0.198625,2.7308750000000002,0.023333,24.416295000000002,39.56164800003171,1277138.941103,1277138.9413950001
1564,4659,8193,1,1277148.3870000001,1277163.076814,1277187.4411919999,0.45383299999999999,0.328125,0,0.056582999881356955,1.8147500000000001,21.833586,0.19833300000000001,2.6987920000000001,0.023042,24.448086,39.054191999835894,1277163.4472310001,1277163.4472310001
1565,4662,8193,1,1277173.3899999999,1277187.5429829999,1277212.387444,0.38704100000000002,0.29370900010690093,0,0.055124999955296516,1.787917,22.386293999999999,0.19600000000000001,2.7982499999999999,0.022749999999999999,24.895502,38.997444000095129,1277187.879275,1277187.879275
1566,4665,8193,1,1277198.392,1277212.5181110001,1277236.6689879999,0.48358400000000001,0.35174999991431832,0.0002910001203417778,0.011083999881520867,1.802208,21.643711,0.203875,2.5975830000000002,0.024791000000000001,24.239543999999999,38.276987999910489,1277212.9130279999,1277212.913319
1567,4668,8193,1,1277223.3970000001,1277236.7588219999,1277260.9869909999,0.40337499999999998,0.31529100006446242,0.00029200012795627117,0.052499999990686774,1.7896669999999999,21.739961000000001,0.19804099999999999,2.772875,0.022749999999999999,24.273961,37.589990999782458,1277237.116405,1277237.1166970001
1568,4671,8193,1,1277248.389,1277261.1272819999,1277285.862368,0.43575000000000003,0.30099999997764826,0,0.052791999885812402,1.8176669999999999,22.238419,0.19629099999999999,2.64425,0.023042,24.82667,37.473368000006303,1277261.4714490001,1277261.4714490001
1569,4674,8193,1,1277273.388,1277285.965327,1277313.012746,0.39433299999999999,0.30158299999311566,0.00029199989512562752,2.6681670001707971,1.803083,21.980003,0.19658300000000001,2.6357919999999999,0.024792000000000002,27.098461,39.624745999928564,1277286.308618,1277286.3089099999
1570,4677,8193,1,1277298.3899999999,1277313.1483710001,1277337.4934980001,0.45587499999999997,0.32141699991188943,0.00029199989512562752,0.05308300000615418,1.798125,21.841752,0.19687499999999999,2.628501,0.023334000000000001,24.437003000000001,39.103498000185937,1277313.512079,1277313.5123709999
1571,4680,8193,1,1277323.388,1277337.589748,1277361.3378339999,0.40570899999999999,0.30829199985601008,0.0002910001203417778,0.053958999924361706,1.803958,21.256961,0.1925,2.6926670000000001,0.023042,23.803211000000001,37.949833999853581,1277337.9403319999,1277337.940623
1572,4683,8193,1,1277348.398,1277361.469084,1277386.2727119999,0.45966699999999999,0.32987500005401671,0.00029200012795627117,0.054540999932214618,1.8340000000000001,22.256211,0.19629199999999999,2.711042,0.023334000000000001,24.890253000000001,37.874711999902502,1277361.842126,1277361.8424180001
1573,4686,8193,1,1277373.3899999999,1277386.3651699999,1277411.1445889999,0.433417,0.34270800021477044,0,0.055124999955296516,1.7887919999999999,22.261752000000001,0.19687499999999999,2.8224589999999998,0.023333,24.826961000000001,37.754589000018314,1277386.7513369999,1277386.7513369999
1574,4689,8193,1,1277398.3929999999,1277411.2735059999,1277435.985842,0.45995900000000001,0.33425000007264316,0.0002910001203417778,0.054833999834954739,1.829917,22.168419,0.19833400000000001,2.667583,0.023625,24.797502999999999,37.592842000070959,1277411.648298,1277411.6485890001
1575,4692,8193,1,1277423.3970000001,1277436.081217,1277463.048428,0.40220800000000001,0.30887499987147748,0.00029199989512562752,2.5806670000310987,1.812708,21.937711,0.19716700000000001,2.5477089999999998,0.023917000000000001,27.018836,39.651427999837324,1277436.431508,1277436.4317999999
1576,4695,8193,1,1277448.3910000001,1277463.187261,1277485.8415969999,0.457625,0.32316699996590614,0.00029200012795627117,0.010499999858438969,1.806584,20.232627000000001,0.19629199999999999,2.6801249999999999,0.024792000000000002,22.745919000000001,37.450596999842674,1277463.5530109999,1277463.5533030001
1577,4698,8193,1,1277473.388,1277485.934347,1277510.735349,0.43924999999999997,0.34620800008997321,0.00029199989512562752,0.026542000006884336,1.8194170000000001,22.291502000000001,0.19600000000000001,2.6935419999999999,0.013417,24.852336000000001,37.347348999930546,1277486.3222630001,1277486.322555
1578,4701,8193,1,1277498.389,1277510.8593069999,1277535.590018,0.49204199999999998,0.35904200002551079,0.00029199989512562752,0.05629199999384582,1.8211660000000001,22.229960999999999,0.19687499999999999,2.7912499999999998,0.011083000000000001,24.820836,37.201018000021577,1277511.261224,1277511.2615159999
1579,4704,8193,1,1277523.3899999999,1277535.7419769999,1277559.0245620001,0.37216700000000003,0.28087500017136335,0.0002910001203417778,0.014291999861598015,1.8369169999999999,20.867584999999998,0.19716700000000001,2.7028759999999998,0.024500000000000001,23.331586000000001,35.634562000166625,1277536.064852,1277536.0651430001
1580,4707,8193,1,1277548.388,1277559.1514369999,1277586.433648,0.45645799999999997,0.328125,0.00029199989512562752,2.8131250001024455,1.810667,22.011209999999998,0.19600000000000001,2.7731669999999999,0.013125,27.369126999999999,38.045647999970242,1277559.520979,1277559.5212709999
1581,4710,8193,1,1277573.389,1277586.569565,1277611.2646929999,0.41941699999999998,0.32112500001676381,0.00029199989512562752,0.054542000172659755,1.7841260000000001,22.205169000000001,0.19775000000000001,2.8014589999999999,0.023625,24.752002999999998,37.875692999921739,1277586.932398,1277586.9326899999
1582,4713,8193,1,1277598.3910000001,1277611.393901,1277636.148237,0.46229199999999998,0.33308300003409386,0.0002910001203417778,0.054250000044703484,1.8369169999999999,22.203126999999999,0.19687499999999999,2.7466249999999999,0.022749999999999999,24.839794000000001,37.757236999925226,1277611.7704429999,1277611.770734
1583,4716,8193,1,1277623.3899999999,1277636.236028,1277660.9781140001,0.420875,0.33220899989828467,0.0002910001203417778,0.053374999901279807,1.8223339999999999,22.202836000000001,0.19687499999999999,2.7728760000000001,0.024208,24.787877000000002,37.588114000158384,1277636.611112,1277636.6114030001
1584,4719,8193,1,1277648.3700000001,1277661.1108230001,1277685.8572829999,0.458791,0.32666599983349442,0.00029199989512562752,0.055416000075638294,1.822333,22.218001999999998,0.19716700000000001,2.6742919999999999,0.023040999999999999,24.83746,37.487282999791205,1277661.478906,1277661.4791979999
1585,4722,8193,1,1277673.389,1277685.952367,1277713.0129110001,0.39083299999999999,0.29808299988508224,0,2.6188750001601875,1.815917,22.043586000000001,0.19570899999999999,2.5865,0.031792000000000001,27.112169000000002,39.62391100008972,1277686.2915749999,1277686.2915749999
1586,4725,8193,1,1277698.389,1277713.1858689999,1277737.428914,0.43516700000000003,0.30508400010876358,0.00058300001546740532,0.055417000083252788,1.7995829999999999,21.811126999999999,0.19395799999999999,2.6098340000000002,0.012541999999999999,24.331128,39.039914000080898,1277713.5329529999,1277713.5335359999
1587,4728,8193,1,1277723.389,1277737.530705,1277763.2901250001,0.42583300000000002,0.33220899989828467,0,2.7195000001229346,1.798125,20.581168999999999,0.19833300000000001,2.639875,0.013417,25.810461,39.90112500009127,1277737.905789,1277737.905789
1588,4731,8193,1,1277748.389,1277763.4099999999,1277788.0012940001,0.41591699999999998,0.28904100018553436,0.0002910001203417778,0.051916999975219369,1.7762500000000001,22.147127000000001,0.198625,2.8128340000000001,0.022459,24.677336,39.612294000107795,1277763.739875,1277763.7401660001
1589,4734,8193,1,1277773.3570000001,1277788.090544,1277812.740463,0.42320799999999997,0.33483299985527992,0.00029200012795627117,0.053666999796405435,1.8322499999999999,22.108335,0.197459,2.6649579999999999,0.023042,24.697461000000001,39.383462999947369,1277788.46621,1277788.4665020001
1590,4737,8193,1,1277798.3759999999,1277812.880755,1277836.414757,0.44887500000000002,0.30420799995772541,0.00029200012795627117,0.011082999873906374,1.806583,21.111711,0.19950000000000001,2.6637919999999999,0.031791,23.627336,38.038757000118494,1277813.236296,1277813.2365880001
1591,4740,8193,1,1277823.355,1277836.508382,1277860.7899259999,0.43049999999999999,0.33599999989382923,0.00029199989512562752,0.050458000041544437,1.816791,21.798586,0.19425000000000001,2.6465839999999998,0.013125,24.334043999999999,37.434925999958068,1277836.8863820001,1277836.886674
1592,4743,8193,1,1277848.389,1277860.9121340001,1277885.6699699999,0.42787500000000001,0.29779199999757111,0.00029099988751113415,0.055708999978378415,1.8141670000000001,22.265543999999998,0.199208,2.6789589999999999,0.023625,24.847377000000002,37.280969999963418,1277861.2504680001,1277861.250759
1593,4746,8193,1,1277873.358,1277885.76272,1277910.6144729999,0.39200000000000002,0.29924999992363155,0.00029199989512562752,0.013416000176221132,1.801334,22.405835,0.19833300000000001,2.6500840000000001,0.022749999999999999,24.903085999999998,37.256472999928519,1277886.103387,1277886.1036789999
1594,4749,8193,1,1277898.3899999999,1277910.743389,1277934.51685,0.43166700000000002,0.30391700007021427,0,0.052791000111028552,1.7882089999999999,21.299544000000001,0.19833300000000001,2.580667,0.022749999999999999,23.858044,36.126850000116974,1277911.090473,1277911.090473
1595,4752,8193,1,1277923.3910000001,1277934.6063920001,1277958.215936,0.41912500000000003,0.32929099979810417,0.0002910001203417778,0.05629199999384582,1.8074589999999999,21.093043000000002,0.19541700000000001,2.5902919999999998,0.023625,23.655919000000001,34.824935999931768,1277934.979142,1277934.9794330001
1596,4755,8193,1,1277948.3899999999,1277958.352436,1277983.1196049999,0.43487500000000001,0.30391600006259978,0.00029200012795627117,0.011082999873906374,1.8319589999999999,22.293251999999999,0.19716700000000001,2.6646670000000001,0.023917000000000001,24.856711000000001,34.729605000000447,1277958.697769,1277958.6980610001
1597,4758,8193,1,1277973.389,1277983.2234380001,1278007.977191,0.43487500000000001,0.33541699987836182,0.00029199989512562752,0.056290999986231327,1.807167,22.224710000000002,0.19629199999999999,2.6290830000000001,0.023333,24.810918999999998,34.588191000046209,1277983.6008550001,1277983.601147
1598,4761,8193,1,1277998.3899999999,1278008.106107,1278032.9100269999,0.45120900000000003,0.32608400005847216,0.0002910001203417778,0.054541999939829111,1.8316669999999999,22.265252,0.19716600000000001,2.6535839999999999,0.023042,24.888503,34.520026999991387,1278008.4724409999,1278008.4727320001
1599,4764,8193,1,1278023.3899999999,1278033.004527,1278057.655612,0.423792,0.33512499998323619,0.00029200012795627117,0.056290999986231327,1.7896669999999999,22.135169000000001,0.20008400000000001,2.8597920000000001,0.024500000000000001,24.697168999999999,34.265612000133842,1278033.3822349999,1278033.382527
1600,4767,8193,1,1278048.4010000001,1278057.7830709999,1278082.13374,0.45966699999999999,0.3357079999987036,0.00029099988751113415,0.054250000044703484,1.8316669999999999,21.803836,0.19687499999999999,2.7136670000000001,0.022457999999999999,24.434086000000001,33.732739999890327,1278058.1593210001,1278058.159612
1601,4770,8193,1,1278073.392,1278082.2250320001,1278109.6268259999,0.41649999999999998,0.32870799978263676,0.00029099988751113415,2.7393340000417084,1.8109580000000001,22.193211000000002,0.19804099999999999,2.6445419999999999,0.022166000000000002,27.448169,36.234825999941677,1278082.595157,1278082.5954479999
1602,4773,8193,1,1278098.3910000001,1278109.758659,1278134.403037,0.42262499999999997,0.29283399996347725,0.0002910001203417778,0.055708999978378415,1.8036669999999999,22.165794000000002,0.19483300000000001,2.7075420000000001,0.023625,24.732752000000001,36.012036999920383,1278110.092618,1278110.0929090001
1603,4776,8193,1,1278123.3899999999,1278134.497828,1278158.5827889999,0.41037600000000002,0.31879199994727969,0.00029099988751113415,0.053375000134110451,1.830792,21.562919000000001,0.19425000000000001,2.7323339999999998,0.023040999999999999,24.135711000000001,35.192788999993354,1278134.857454,1278134.8577449999
1604,4779,8193,1,1278148.3899999999,1278158.7154979999,1278185.846625,0.43195800000000001,0.30187500012107193,0.00029200012795627117,2.6328749998938292,1.8290420000000001,22.090252,0.19775000000000001,2.599917,0.023040999999999999,27.220376999999999,37.456625000108033,1278159.0582059999,1278159.058498
1605,4782,8193,1,1278173.361,1278185.9297499999,1278212.577878,0.3745,0.28845900017768145,0.0002910001203417778,2.6690419998485595,1.8103750000000001,21.567001999999999,0.19541700000000001,2.5713330000000001,0.013417,26.692169,39.216877999948338,1278186.260209,1278186.2605000001
1606,4785,8193,1,1278198.3970000001,1278212.7047530001,1278237.4608390001,0.41562500000000002,0.28320800000801682,0.00029200012795627117,0.010790999978780746,1.803083,22.374336,0.19512499999999999,2.6355,0.030917,24.846793999999999,39.063838999951258,1278213.0293779999,1278213.0296700001
1607,4788,8193,1,1278223.3910000001,1278237.545131,1278261.7260499999,0.424958,0.33395799994468689,0.00029200012795627117,0.050165999913588166,1.806292,21.670544,0.19687499999999999,2.6299579999999998,0.013417,24.228460999999999,38.33504999987781,1278237.9228389999,1278237.923131
1608,4791,8193,1,1278248.395,1278261.849133,1278286.6466349999,0.436334,0.3047919999808073,0.00029199989512562752,0.054542000172659755,1.8130010000000001,22.292086000000001,0.20300000000000001,2.600209,0.022749999999999999,24.887043999999999,38.251634999876842,1278262.196216,1278262.1965079999
1609,4794,8193,1,1278273.358,1278286.7863439999,1278311.3300960001,0.422041,0.33016600017435849,0.00029199989512562752,0.056583000114187598,1.7934589999999999,22.034544,0.19629099999999999,2.5856249999999998,0.023040999999999999,24.591877,37.972096000099555,1278287.16026,1278287.1605519999
1610,4797,8193,1,1278298.3689999999,1278311.4572630001,1278336.1413070001,0.45616699999999999,0.32899999991059303,0.00029200012795627117,0.055124999955296516,1.8170839999999999,22.157919,0.19337499999999999,2.6171250000000001,0.023625,24.769210999999999,37.772307000122964,1278311.8282629999,1278311.828555
1611,4800,8193,1,1278323.392,1278336.2355150001,1278360.302101,0.41912500000000003,0.32462499989196658,0.00029199989512562752,0.053374999901279807,1.825542,21.576626999999998,0.19833400000000001,2.7087089999999998,0.032083,24.119085999999999,36.910100999986753,1278336.6021400001,1278336.602432
1612,4803,8193,1,1278348.3629999999,1278360.4327680001,1278384.77352,0.44858399999999998,0.32404199987649918,0.00029099988751113415,0.049584000138565898,1.836916,21.799461000000001,0.20125000000000001,2.744875,0.022749999999999999,24.423293999999999,36.410520000150427,1278360.7988100001,1278360.799101
1613,4806,8193,1,1278373.392,1278384.8624789999,1278408.9824389999,0.37770799999999999,0.28962500020861626,0,0.05308300000615418,1.824667,21.629127,0.19658300000000001,2.7162920000000002,0.023917000000000001,24.166043999999999,35.590438999934122,1278385.1938120001,1278385.1938120001
1614,4809,8193,1,1278398.3500000001,1278409.1171889999,1278433.5932750001,0.43720900000000001,0.30770900007337332,0.0002910001203417778,0.0099169998429715633,1.806875,22.063127000000001,0.19279199999999999,2.767042,0.024791000000000001,24.564461000000001,35.243275000015274,1278409.466023,1278409.4663140001
1615,4812,8193,1,1278423.3910000001,1278433.6834,1278458.218111,0.37216700000000003,0.28437500004656613,0.00029199989512562752,0.056000000098720193,1.803958,22.060794000000001,0.19687499999999999,2.6597089999999999,0.023625,24.581961,34.827110999962315,1278434.008317,1278434.0086089999
1616,4815,8193,1,1278448.3740000001,1278458.352278,1278483.098155,0.43312499999999998,0.29983299993909895,0.00029200012795627117,0.05133299995213747,1.81125,22.295293999999998,0.19687499999999999,2.5237919999999998,0.029458000000000002,24.837461000000001,34.724154999945313,1278458.6938189999,1278458.694111
1617,4818,8193,1,1278473.3910000001,1278483.239905,1278507.7900739999,0.38674999999999998,0.2878749999217689,0.00029099988751113415,0.055708999978378415,1.7966660000000001,22.130210999999999,0.198625,2.5383749999999998,0.014874999999999999,24.606169000000001,34.399073999840766,1278483.570364,1278483.5706549999
1618,4821,8193,1,1278498.3910000001,1278507.9303659999,1278532.5438270001,0.44974999999999998,0.31733300001360476,0.00029099988751113415,0.053084000013768673,1.8208759999999999,22.110085000000002,0.198042,2.5730840000000001,0.011084,24.702418999999999,34.152827000012621,1278508.291158,1278508.2914489999
1619,4824,8193,1,1278523.392,1278532.6289929999,1278559.699455,0.43137500000000001,0.33775100018829107,0.00029199989512562752,2.6944160000421107,1.816209,21.953168999999999,0.198042,2.6617500000000001,0.013417,27.122378000000001,36.307455000001937,1278533.0084520001,1278533.008744
1620,4827,8193,1,1278548.3940000001,1278559.8146629999,1278586.6339990001,0.46229199999999998,0.33395799994468689,0.00087500014342367649,2.7658750000409782,1.8045420000000001,21.595002000000001,0.19891600000000001,2.6844999999999999,0.010791,26.905961000000001,38.239998999983072,1278560.1903299999,1278560.191205
1621,4830,8193,1,1278573.358,1278586.7174160001,1278611.3171679999,0.36779200000000001,0.27708299993537366,0.0002910001203417778,0.051916999975219369,1.798416,22.147127999999999,0.19658300000000001,2.6690420000000001,0.019833,24.649919000000001,37.959167999913916,1278587.035041,1278587.0353320001
1622,4833,8193,1,1278598.3570000001,1278611.449001,1278636.1522959999,0.44391700000000001,0.31150000006891787,0.00029099988751113415,0.054541999939829111,1.8100830000000001,22.199919000000001,0.19891700000000001,2.7755000000000001,0.020709000000000002,24.794003,37.795295999851078,1278611.8022100001,1278611.802501
1623,4836,8193,1,1278623.3929999999,1278636.241837,1278660.9185899999,0.424958,0.33279199991375208,0.00029200012795627117,0.057458000024780631,1.797542,22.157919,0.19775000000000001,2.5477080000000001,0.020417000000000001,24.722543999999999,37.525589999975637,1278636.6207119999,1278636.6210040001
1624,4839,8193,1,1278648.375,1278661.0469229999,1278685.867176,0.46608300000000003,0.34095800016075373,0.00029199989512562752,0.052499999990686774,1.831083,22.285378000000001,0.188416,2.7428340000000002,0.019542,24.904836,37.492176000028849,1278661.428423,1278661.4287149999
1625,4842,8193,1,1278673.392,1278685.9631340001,1278713.080845,0.40104200000000001,0.30770799983292818,0.00029199989512562752,2.7647080000024289,1.8074589999999999,21.907959999999999,0.19716700000000001,2.7320419999999999,0.019833,27.169336000000001,39.688844999996945,1278686.312259,1278686.3125509999
1626,4845,8193,1,1278698.392,1278713.2182199999,1278737.242514,0.450042,0.31441700016148388,0.00058300001546740532,0.054833999834954739,1.802208,21.525293999999999,0.19483300000000001,2.6821670000000002,0.021583000000000001,24.117919000000001,38.850514000048861,1278713.5743450001,1278713.5749280001
1627,4848,8193,1,1278723.392,1278737.335556,1278761.773725,0.42729200000000001,0.33395799994468689,0,0.054250000044703484,1.8109580000000001,21.912336,0.19775000000000001,2.6675840000000002,0.020125000000000001,24.487753000000001,38.381724999984726,1278737.713556,1278737.713556
1628,4851,8193,1,1278748.392,1278761.8991419999,1278786.0065609999,0.46929199999999999,0.34183300007134676,0.00029199989512562752,0.054250000044703484,1.8226249999999999,21.569336,0.19483300000000001,2.7302919999999999,0.020125000000000001,24.192003,37.614560999907553,1278762.28385,1278762.2841419999
1629,4854,8193,1,1278773.3529999999,1278786.106894,1278810.9991880001,0.39783299999999999,0.3047919999808073,0,0.01370800007134676,1.805417,22.440252000000001,0.19570799999999999,2.701416,0.019833,24.943626999999999,37.64618800021708,1278786.453394,1278786.453394
1630,4857,8193,1,1278798.3940000001,1278811.126646,1278835.287732,0.42583399999999999,0.30041699996218085,0,0.051042000064626336,1.837791,21.643419000000002,0.19950000000000001,2.7606250000000001,0.021291000000000001,24.245668999999999,36.893731999909505,1278811.4681879999,1278811.4681879999
1631,4860,8193,1,1278823.392,1278835.3816490001,1278859.3732759999,0.39200000000000002,0.29954199981875718,0.00029200012795627117,0.055124999955296516,1.840708,21.51596,0.19395799999999999,2.744583,0.020416,24.042376999999998,35.98127599991858,1278835.7228989999,1278835.7231910001
1632,4863,8193,1,1278848.3929999999,1278859.49636,1278886.9112790001,0.39987499999999998,0.27824999997392297,0.00029200012795627117,2.8207079998683184,1.790834,22.201377000000001,0.19454099999999999,2.7801670000000001,0.021000000000000001,27.496586000000001,38.51827900018543,1278859.8145679999,1278859.81486
1633,4866,8193,1,1278873.3670000001,1278887.006946,1278911.3564480001,0.35758299999999998,0.26979100005701184,0.00029200012795627117,0.055416999850422144,1.792583,21.943543999999999,0.19833300000000001,2.600209,0.020709000000000002,24.397044000000001,37.989447999978438,1278887.3169869999,1278887.3172790001
1634,4869,8193,1,1278898.402,1278911.4833229999,1278936.1522009999,0.40629199999999999,0.27912500011734664,0,0.054833000060170889,1.820875,22.185918999999998,0.19804099999999999,2.6582499999999998,0.020417000000000001,24.753753,37.750200999900699,1278911.8047400001,1278911.8047400001
1635,4872,8193,1,1278923.3940000001,1278936.246117,1278960.8697869999,0.408333,0.31412500003352761,0.00029200012795627117,0.055707999970763922,1.816209,22.11271,0.19658300000000001,2.6993749999999999,0.020125000000000001,24.675878000000001,37.475786999799311,1278936.6022419999,1278936.6025340001
1636,4875,8193,1,1278948.361,1278961.043912,1278984.3148310001,0.45820899999999998,0.32929100003093481,0.0002910001203417778,0.055417000083252788,1.815917,20.785336000000001,0.19716600000000001,2.7679170000000002,0.029458999999999999,23.356377999999999,35.953831000020728,1278961.4166619999,1278961.416953
1637,4878,8193,1,1278973.3929999999,1278984.4574559999,1279009.030083,0.38500000000000001,0.29429100011475384,0.00029199989512562752,0.056000000098720193,1.8392500000000001,22.075669000000001,0.19454199999999999,2.7620840000000002,0.011375,24.622211,35.637083000037819,1278984.792872,1278984.7931639999
1638,4881,8193,1,1278998.3940000001,1279009.1505410001,1279036.399211,0.46375,0.33424999983981252,0.0002910001203417778,2.6092509999871254,1.8200000000000001,22.166084999999999,0.19425000000000001,2.576292,0.013417,27.336461,38.005210999865085,1279009.5264999999,1279009.526791
1639,4884,8193,1,1279023.3929999999,1279036.483794,1279060.579255,0.41445799999999999,0.32229200005531311,0.00058300001546740532,0.051333999959751964,1.8080419999999999,21.588585999999999,0.19629199999999999,2.7069589999999999,0.020125000000000001,24.146502000000002,37.186255000066012,1279036.8469189999,1279036.8475019999
1640,4887,8193,1,1279048.395,1279060.712547,1279085.3070489999,0.454125,0.32229100004769862,0.00029200012795627117,0.052499999990686774,1.806583,22.08821,0.19833400000000001,2.6413340000000001,0.019833,24.684335999999998,36.912048999918625,1279061.076838,1279061.0771300001
1641,4890,8193,1,1279073.3929999999,1279085.3983410001,1279109.7478430001,0.41883300000000001,0.32929100003093481,0.00029200012795627117,0.052499999990686774,1.831375,21.863334999999999,0.189,2.7326250000000001,0.027417,24.396169,36.354843000182882,1279085.7705069999,1279085.770799
1642,4893,8193,1,1279098.3929999999,1279109.9272179999,1279134.4275120001,0.423792,0.2884589999448508,0.00029200012795627117,0.055707999970763922,1.7949170000000001,22.08821,0.19570799999999999,2.799417,0.013416000000000001,24.593919,36.034512000158429,1279110.2573849999,1279110.257677
1643,4896,8193,1,1279123.3970000001,1279134.532804,1279159.1678480001,0.423792,0.32958299992606044,0.00029200012795627117,0.054540999932214618,1.841,22.099292999999999,0.19629199999999999,2.756834,0.011667,24.686961,35.770847999956459,1279134.9046789999,1279134.904971
1644,4899,8193,1,1279148.3940000001,1279159.298806,1279185.0631840001,0.483875,0.35204200004227459,0.00029199989512562752,2.6623340002261102,1.8135829999999999,20.612669,0.19716600000000001,2.628209,0.014,25.853919000000001,36.669183999998495,1279159.693431,1279159.6937229999
1645,4902,8193,1,1279173.3940000001,1279185.149517,1279209.818978,0.40687499999999999,0.3129590000025928,0.00029199989512562752,0.054833000060170889,1.8130010000000001,22.161128000000001,0.19745799999999999,2.666417,0.019833,24.721961,36.424977999879047,1279185.5038920001,1279185.504184
1646,4905,8193,1,1279198.3940000001,1279209.9537279999,1279234.649731,0.45558300000000002,0.32025000010617077,0,0.05629199999384582,1.810959,22.185334999999998,0.19366700000000001,2.6649579999999999,0.021000000000000001,24.790210999999999,36.2557309998665,1279210.3153949999,1279210.3153949999
1647,4908,8193,1,1279223.395,1279234.7398560001,1279259.5437749999,0.41445799999999999,0.32462499989196658,0.00029199989512562752,0.054833000060170889,1.829917,22.269335000000002,0.19512499999999999,2.7361260000000001,0.019833,24.850586,36.148774999892339,1279235.107939,1279235.1082309999
1648,4911,8193,1,1279248.3959999999,1279259.6729830001,1279283.640986,0.46579199999999998,0.33891699998639524,0.00029200012795627117,0.055707999970763922,1.8042499999999999,21.442169,0.19745799999999999,2.7498339999999999,0.021291999999999998,24.052878,35.244986000005156,1279260.0538999999,1279260.0541920001
1649,4914,8193,1,1279273.3999999999,1279283.7296519999,1279308.4338209999,0.416792,0.33016700018197298,0.0002910001203417778,0.055124999955296516,1.816792,22.177168999999999,0.19804099999999999,2.7372920000000001,0.020417000000000001,24.749085999999998,35.033821000019088,1279284.101236,1279284.1015270001
1650,4917,8193,1,1279298.3589999999,1279308.5627379999,1279333.162491,0.44770900000000002,0.32170800003223121,0,0.053958999924361706,1.827,22.071877000000001,0.19687499999999999,2.7250420000000002,0.021000000000000001,24.684045000000001,34.803491000086069,1279308.9264460001,1279308.9264460001
1651,4920,8193,1,1279323.3940000001,1279333.260491,1279357.9252849999,0.420292,0.33191599999554455,0,0.053375000134110451,1.817083,22.135752,0.19745799999999999,2.641626,0.020709000000000002,24.712336000000001,34.531284999800846,1279333.6332409999,1279333.6332409999
1652,4923,8193,1,1279348.395,1279358.0530350001,1279381.6255369999,0.45324999999999999,0.328125,0.00029200012795627117,0.052207999862730503,1.826125,21.048418999999999,0.19570799999999999,2.7262089999999999,0.020416,23.656794000000001,33.230536999879405,1279358.421993,1279358.4222850001
1653,4926,8193,1,1279373.4029999999,1279381.7209119999,1279407.9143310001,0.407167,0.32112500001676381,0.00029199989512562752,0.013999999966472387,4.3904589999999999,21.195126999999999,0.19600000000000001,2.5480010000000002,0.021583000000000001,26.239211000000001,34.511331000132486,1279382.082287,1279382.0825789999
1654,4929,8193,1,1279398.3940000001,1279408.0362480001,1279434.216542,0.43895899999999999,0.31762499990873039,0.00029199989512562752,1.5026670000515878,1.7797499999999999,22.260002,0.198625,4.549709,0.011084,26.260795000000002,35.822541999863461,1279408.3947060001,1279408.394998
1655,4932,8193,1,1279423.3940000001,1279434.299959,1279461.4952529999,0.39024999999999999,0.29866700014099479,0,2.7521669999696314,1.7990010000000001,22.063127000000001,0.19629099999999999,2.6171250000000001,0.029166999999999998,27.245460999999999,38.101252999855205,1279434.6397510001,1279434.6397510001
1656,4935,8193,1,1279448.361,1279461.6154199999,1279486.2723389999,0.394042,0.27124999999068677,0.00029200012795627117,0.048707999987527728,1.816208,22.205461,0.19541700000000001,2.7696670000000001,0.011667,24.738878,37.911338999867439,1279461.9272119999,1279461.927504
1657,4938,8193,1,1279473.3959999999,1279486.3540060001,1279510.8642170001,0.39200000000000002,0.30158299999311566,0,0.054540999932214618,1.8132919999999999,22.011502,0.19716700000000001,2.7235839999999998,0.021000000000000001,24.558627000000001,37.468217000132427,1279486.6972980001,1279486.6972980001
1658,4941,8193,1,1279498.4040000001,1279510.995175,1279535.7518440001,0.433417,0.30187499988824129,0,0.055124999955296516,1.8296250000000001,22.247751999999998,0.19658400000000001,2.7463340000000001,0.021000000000000001,24.845336,37.34784399997443,1279511.339925,1279511.339925
1659,4944,8193,1,1279523.395,1279535.8457609999,1279562.94043,0.38850000000000001,0.2960419999435544,0,2.6276250001974404,1.812416,22.087627999999999,0.19454099999999999,2.5935009999999998,0.020708000000000001,27.145710999999999,39.545429999940097,1279536.1835109999,1279536.1835109999
1660,4947,8193,1,1279548.395,1279563.062347,1279589.1793500001,0.43866699999999997,0.31354200001806021,0.00029200012795627117,2.712792000034824,1.7992919999999999,21.011960999999999,0.19629099999999999,2.6293760000000002,0.011084,26.199545000000001,40.784350000089034,1279563.4184719999,1279563.4187640001
1661,4951,8193,1,1279581.7309999999,1279589.304766,1279614.083019,0.39433299999999999,0.26162500004284084,0.00029199989512562752,0.054541000165045261,1.8188340000000001,22.369377,0.198042,2.705209,0.013417,24.870418999999998,32.352019000099972,1279589.606933,1279589.6072249999
1662,4954,8193,1,1279606.7279999999,1279614.1813099999,1279640.8758129999,0.42583300000000002,0.33570900000631809,0.00029200012795627117,2.6057499998714775,1.7957920000000001,21.638168,0.19687499999999999,2.526125,0.014874999999999999,26.743794000000001,34.147813000017777,1279614.5581439999,1279614.558436
1663,4957,8193,1,1279631.7309999999,1279640.9933549999,1279665.646191,0.42670799999999998,0.30245800013653934,0.00029199989512562752,0.055416000075638294,1.802792,22.169878000000001,0.197459,2.7078329999999999,0.022166999999999999,24.736836,33.915191000094637,1279641.336355,1279641.3366469999
1664,4960,8193,1,1279656.7279999999,1279665.740982,1279690.612277,0.39900000000000002,0.3047919999808073,0.0002910001203417778,0.011666999896988273,1.7952090000000001,22.469709999999999,0.19629199999999999,2.772583,0.022457999999999999,24.924961,33.88427700009197,1279666.086316,1279666.0866070001
1665,4963,8193,1,1279681.7279999999,1279690.7919429999,1279715.654779,0.42729200000000001,0.29837500001303852,0,0.053374999901279807,1.8237920000000001,22.366461000000001,0.19687499999999999,2.781917,0.021291000000000001,24.950043999999998,33.926779000088573,1279691.1323180001,1279691.1323180001
1666,4966,8193,1,1279706.737,1279715.7498620001,1279740.426032,0.38383400000000001,0.28962499997578561,0.0002910001203417778,0.009333999827504158,1.8278749999999999,22.226459999999999,0.197459,2.7212499999999999,0.021000000000000001,24.729253,33.689032000023872,1279716.080321,1279716.0806120001
1667,4969,8193,1,1279731.7309999999,1279740.5552399999,1279765.2107009999,0.457042,0.33250000001862645,0.0002910001203417778,0.054250000044703484,1.8165,22.127586000000001,0.19716600000000001,2.752167,0.021000000000000001,24.739460999999999,33.479701000032946,1279740.9282819999,1279740.928573
1668,4972,8193,1,1279756.7290000001,1279765.3005339999,1279788.9415780001,0.41766700000000001,0.32900000014342368,0.00058300001546740532,0.055999999865889549,1.824084,21.112877000000001,0.19454099999999999,2.6390009999999999,0.021291999999999998,23.686544000000001,32.212578000035137,1279765.672701,1279765.673284
1669,4974,8193,1,1279773.3959999999,1279789.0369529999,1279814.198747,0.38908300000000001,0.29575000004842877,0.00029199989512562752,0.52587500005029142,1.77275,22.238710999999999,0.19745799999999999,4.6200010000000002,0.021000000000000001,25.214293999999999,40.802747000008821,1279789.373536,1279789.3738279999
1670,4978,8193,1,1279806.7290000001,1279814.3311640001,1279838.880166,0.46200000000000002,0.33074999996460974,0.00029199989512562752,0.055124999955296516,1.8025,22.038335,0.19600000000000001,2.9289170000000002,0.020709000000000002,24.638252999999999,32.151165999937803,1279814.7036220001,1279814.703914
1671,4979,8193,1,1279815.064,1279838.927416,1279866.1022940001,0.36312499999999998,0.31354200001806021,0.00029200012795627117,2.7874590000137687,1.8179590000000001,21.925167999999999,0.19629199999999999,2.6885829999999999,0.019833,27.178961000000001,51.038294000085443,1279839.2861659999,1279839.2864580001
1672,4984,8193,1,1279856.7290000001,1279866.2691269999,1279890.9645469999,0.45675100000000002,0.29225100018084049,0.00058300001546740532,0.055416999850422144,1.7989999999999999,22.222669,0.198042,2.6276250000000001,0.020709000000000002,24.818795000000001,34.235546999843791,1279866.6025030001,1279866.6030860001
1673,4987,8193,1,1279881.7290000001,1279891.0240470001,1279915.7497990001,0.35116700000000001,0.29837500001303852,0.00029099988751113415,0.053667000029236078,1.8086249999999999,22.239877,0.200375,2.8014589999999999,0.020708000000000001,24.734794000000001,34.02079900004901,1279891.3661720001,1279891.366463
1674,4990,8193,1,1279906.7290000001,1279915.890382,1279940.852093,0.47162500000000002,0.33979199989698827,0.00029199989512562752,0.011082999873906374,1.798125,22.528335999999999,0.19833400000000001,2.6941259999999998,0.030332999999999999,25.053001999999999,34.123092999914661,1279916.2707160001,1279916.271008
1675,4993,8193,1,1279931.72,1279940.9871350001,1279965.6411369999,0.38908399999999999,0.29954200005158782,0.00029099988751113415,0.05629199999384582,1.8380829999999999,22.143336000000001,0.19833300000000001,2.7454580000000002,0.011084,24.702418999999999,33.921136999968439,1279941.3278020001,1279941.328093
1676,4996,8193,1,1279956.7290000001,1279965.759846,1279992.1480980001,0.48737599999999998,0.35758300009183586,0.00058300001546740532,2.6462920000776649,1.8132919999999999,21.300711,0.199209,2.6051669999999998,0.014291,26.475460999999999,35.41909800004214,1279966.160013,1279966.160596
1677,4999,8193,1,1279981.7339999999,1279992.228015,1280018.4739339999,0.37420799999999999,0.28991700010374188,0.00029200012795627117,0.010207999963313341,4.5295839999999998,21.096834999999999,0.19775000000000001,2.6926670000000001,0.013417,26.289961000000002,36.739933999953791,1279992.5581819999,1279992.5584740001
1678,5002,8193,1,1280006.692,1280018.5923510001,1280042.713187,0.41766599999999998,0.29108299990184605,0.00029200012795627117,0.05016699992120266,1.8138749999999999,21.646919,0.19687499999999999,2.6220840000000001,0.019833,24.206294,36.021186999976635,1280018.9245589999,1280018.9248510001
1679,5005,8193,1,1280031.73,1280042.80477,1280066.4525230001,0.38674999999999998,0.29458400001749396,0.00029199989512562752,0.0096249999478459358,1.831375,21.224294,0.19570799999999999,2.6220829999999999,0.021291999999999998,23.698211000000001,34.722523000091314,1280043.1410620001,1280043.141354
1680,5008,8193,1,1280056.73,1280066.5875639999,1280091.150567,0.420292,0.28729200013913214,0.00029199989512562752,0.056290999986231327,1.806584,22.084126999999999,0.200375,2.6381260000000002,0.020709000000000002,24.654878,34.42056700005196,1280066.9159810001,1280066.916273
1681,5011,8193,1,1280081.73,1280091.2427330001,1280115.9457360001,0.39724999999999999,0.3042089999653399,0,0.055707999970763922,1.8200000000000001,22.201377000000001,0.198042,2.6608749999999999,0.021874999999999999,24.754044,34.215736000100151,1280091.5889419999,1280091.5889419999
1682,5014,8193,1,1280106.7290000001,1280116.079903,1280143.3594889999,0.44887500000000002,0.31704099988564849,0.00029199989512562752,2.7063750000670552,1.8092079999999999,22.110961,0.203875,2.6719590000000002,0.021000000000000001,27.370003000000001,36.630488999886438,1280116.438361,1280116.4386529999
1683,5017,8193,1,1280131.7309999999,1280143.452239,1280167.646283,0.38266600000000001,0.29195800004526973,0.00029199989512562752,0.051915999967604876,1.777709,21.745792999999999,0.19775000000000001,2.7813330000000001,0.019834000000000001,24.243919000000002,35.915283000096679,1280143.785322,1280143.7856139999
1684,5020,8193,1,1280156.73,1280167.7743240001,1280191.9672020001,0.45850000000000002,0.33016699994914234,0.00029199989512562752,0.054833000060170889,1.830209,21.655669,0.197459,2.7116250000000002,0.021000000000000001,24.278335999999999,35.237202000105754,1280168.1473660001,1280168.147658
1685,5023,8193,1,1280181.7290000001,1280192.0605349999,1280217.1044960001,0.39491700000000002,0.30187500012107193,0.00029199989512562752,0.013999999966472387,1.8022089999999999,22.593959999999999,0.198042,2.8137080000000001,0.020416,25.094418999999998,35.375496000051498,1280192.4047020001,1280192.404994
1686,5026,8193,1,1280206.7120000001,1280217.236913,1280241.8926649999,0.42845899999999998,0.29895800002850592,0,0.054250000044703484,1.8185420000000001,22.158501999999999,0.19512499999999999,2.7413750000000001,0.021291000000000001,24.743836000000002,35.180664999876171,1280217.577579,1280217.577579
1687,5029,8193,1,1280231.73,1280241.9868739999,1280266.6090840001,0.39929100000000001,0.30537499999627471,0.00029199989512562752,0.053667000029236078,1.8185420000000001,22.117961000000001,0.19833300000000001,2.6801249999999999,0.019833,24.674710000000001,34.879084000131115,1280242.333665,1280242.3339569999
1688,5032,8193,1,1280256.7309999999,1280266.742084,1280290.8859619999,0.43662499999999999,0.3030419999267906,0.0002910001203417778,0.055708999978378415,1.8013330000000001,21.657419000000001,0.19716600000000001,2.7475000000000001,0.020417000000000001,24.235168999999999,34.15496199997142,1280267.087418,1280267.0877090001
1689,5035,8193,1,1280281.6969999999,1280290.984837,1280315.7076729999,0.39870899999999998,0.30187499988824129,0.00029099988751113415,0.054542000172659755,1.817375,22.227336000000001,0.19775000000000001,2.7617919999999998,0.020417000000000001,24.778252999999999,34.010673000011593,1280291.328129,1280291.3284199999
1690,5038,8193,1,1280306.733,1280315.8336730001,1280340.7396750001,0.43954199999999999,0.31499999994412065,0.00029199989512562752,0.012833000160753727,1.796667,22.450752000000001,0.19745799999999999,2.6215000000000002,0.020708000000000001,24.988835999999999,34.006675000069663,1280316.1903810001,1280316.1906729999
1691,5041,8193,1,1280331.7320000001,1280340.835342,1280365.6398440001,0.40512500000000001,0.31033300003036857,0.00029199989512562752,0.052499999990686774,1.810084,22.309585999999999,0.19687499999999999,2.7795830000000001,0.020708000000000001,24.857002000000001,33.907844000030309,1280341.1879670001,1280341.188259
1692,5044,8193,1,1280356.74,1280365.8250529999,1280389.974472,0.42466599999999999,0.29370800009928644,0.00029199989512562752,0.010208000196143985,1.8430420000000001,21.708752,0.20300000000000001,2.7297090000000002,0.021000000000000001,24.238669000000002,33.234472000040114,1280366.160469,1280366.1607609999
1693,5047,8193,1,1280381.723,1280390.064888,1280414.159183,0.37420900000000001,0.28583399998024106,0.00029200012795627117,0.055124999955296516,1.7861670000000001,21.678419000000002,0.19395799999999999,2.7932920000000001,0.030041999999999999,24.142128,32.43618299998343,1280390.391263,1280390.3915550001
1694,5050,8193,1,1280406.73,1280414.3295160001,1280439.0686850001,0.40191700000000002,0.27358299982734025,0.0002910001203417778,0.055416999850422144,1.817083,22.278376999999999,0.19425000000000001,2.718626,0.020125000000000001,24.825793999999998,32.338685000082478,1280414.644808,1280414.6450990001
1695,5053,8193,1,1280431.7309999999,1280439.168143,1280463.1545210001,0.41533399999999998,0.32316699996590614,0.00029099988751113415,0.011084000114351511,1.831083,21.529961,0.199209,2.7282500000000001,0.021291999999999998,24.037127999999999,31.423521000193432,1280439.5327270001,1280439.533018
1696,5055,8193,1,1280448.398,1280463.2507710001,1280487.3675230001,0.38558300000000001,0.28962499997578561,0.00029200012795627117,0.055416999850422144,1.7890839999999999,21.654209999999999,0.19687499999999999,2.786,0.022749999999999999,24.170127000000001,38.969523000065237,1280463.5829789999,1280463.5832710001
1697,5058,8193,1,1280473.365,1280487.498773,1280511.7555259999,0.44595800000000002,0.31150000006891787,0,0.055416000075638294,1.8179590000000001,21.744918999999999,0.19804099999999999,2.7101670000000002,0.020708000000000001,24.346876999999999,38.390525999944657,1280487.854607,1280487.854607
1698,5061,8193,1,1280498.3970000001,1280511.8453589999,1280536.408361,0.40775,0.31937500019557774,0.00029199989512562752,0.053667000029236078,1.797542,22.063711000000001,0.19775000000000001,2.5832920000000001,0.021291999999999998,24.608502999999999,38.01136099989526,1280512.207317,1280512.2076089999
1699,5064,8193,1,1280523.3999999999,1280536.5381529999,1280560.8083220001,0.46433400000000002,0.33425000007264316,0.00058300001546740532,0.055999999865889549,1.7885,21.760960000000001,0.19775000000000001,2.7752080000000001,0.020417000000000001,24.355336000000001,37.408322000177577,1280536.91732,1280536.917903
1700,5067,8193,1,1280548.3999999999,1280560.897572,1280585.4909079999,0.40775,0.32170900003984571,0.0002910001203417778,0.054541999939829111,1.8138749999999999,22.116209999999999,0.197459,2.7617919999999998,0.029166999999999998,24.639126999999998,37.09090800001286,1280561.2595309999,1280561.2598220001
1701,5070,8193,1,1280573.399,1280585.6656160001,1280608.8119940001,0.41649999999999998,0.2878749999217689,0.00029199989512562752,0.015750000020489097,1.834875,20.727001999999999,0.19600000000000001,2.711042,0.027708,23.233585999999999,35.412994000129402,1280585.9949080001,1280585.9952
1702,5073,8193,1,1280598.3740000001,1280608.9029939999,1280633.3595380001,0.451208,0.35816600010730326,0.00029200012795627117,0.050749999936670065,1.8097920000000001,21.968627000000001,0.20300000000000001,2.7935829999999999,0.0055409999999999999,24.507586,34.985538000008091,1280609.3031599999,1280609.303452
1703,5076,8193,1,1280623.3870000001,1280633.501871,1280657.4692899999,0.41475000000000001,0.28816700004972517,0.00029200012795627117,0.054250000044703484,1.8188329999999999,21.482710000000001,0.19658300000000001,2.7235839999999998,0.020125000000000001,24.053751999999999,34.082289999816567,1280633.8302879999,1280633.8305800001
1704,5079,8193,1,1280648.4010000001,1280657.562624,1280682.151293,0.45820899999999998,0.36400000005960464,0.00029099988751113415,0.055124999955296516,1.804834,22.040376999999999,0.19775000000000001,2.7854169999999998,0.020417000000000001,24.640003,33.75029299990274,1280657.9694990001,1280657.96979
1705,5082,8193,1,1280673.3829999999,1280682.280793,1280709.249754,0.44566699999999998,0.32024999987334013,0.00029199989512562752,2.6468750000931323,1.810959,21.862752,0.19891700000000001,2.549166,0.020708000000000001,27.05442,35.866754000075161,1280682.6410010001,1280682.641293
1706,5085,8193,1,1280698.398,1280709.336962,1280734.153715,0.37770900000000002,0.29049999988637865,0,0.054540999932214618,1.811542,22.334961,0.19716600000000001,2.728542,0.020417000000000001,24.863128,35.755714999977499,1280709.668296,1280709.668296
1707,5088,8193,1,1280723.398,1280734.2823399999,1280758.5017589999,0.45004100000000002,0.32258300017565489,0.00029199989512562752,0.055708000203594565,1.8083340000000001,21.708461,0.19425000000000001,2.6500840000000001,0.020125000000000001,24.304002000000001,35.103758999845013,1280734.647506,1280734.6477979999
1708,5091,8193,1,1280748.399,1280758.5933419999,1280782.585553,0.41708400000000001,0.32987500005401671,0.00029099988751113415,0.054834000067785382,1.82175,21.463751999999999,0.19775000000000001,2.6401669999999999,0.020708000000000001,24.038585999999999,34.186553000006825,1280758.9640510001,1280758.964342
1709,5094,8193,1,1280773.399,1280782.718845,1280808.760889,0.44391700000000001,0.31383299990557134,0,2.6366670001298189,1.8150409999999999,20.948377000000001,0.196876,2.6025420000000001,0.021291000000000001,26.131003,35.361889000050724,1280783.0738029999,1280783.0738029999
1710,5097,8193,1,1280798.379,1280808.855097,1280833.604183,0.39054100000000003,0.29866699990816414,0.00029199989512562752,0.052792000118643045,1.8115410000000001,22.259419000000001,0.19687499999999999,2.7466249999999999,0.021000000000000001,24.799835000000002,35.225183000089601,1280809.194597,1280809.1948889999
1711,5100,8193,1,1280823.399,1280833.7354329999,1280858.3973109999,0.44070799999999999,0.31004200014285743,0.00029199989512562752,0.055417000083252788,1.8165,22.156752000000001,0.19541700000000001,2.7822089999999999,0.020125000000000001,24.752002999999998,34.998310999944806,1280834.086016,1280834.0863079999
1712,5103,8193,1,1280848.3999999999,1280858.4877269999,1280882.3411050001,0.42845899999999998,0.33920900011435151,0.00029200012795627117,0.053957999916747212,1.8188329999999999,21.318211000000002,0.19716700000000001,2.68275,0.020708000000000001,23.899753,33.941105000209063,1280858.870102,1280858.8703940001
1713,5106,8193,1,1280873.399,1280882.473521,1280909.560024,0.44245899999999999,0.31062499992549419,0,2.6197499998379499,1.815917,22.009460000000001,0.19891700000000001,2.5847500000000001,0.020708000000000001,27.175753,36.161024000030011,1280882.8267300001,1280882.8267300001
1714,5109,8193,1,1280898.3999999999,1280909.6577320001,1280934.3271929999,0.41212500000000002,0.31558399996720254,0.00029199989512562752,0.056000000098720193,1.8077510000000001,22.166377000000001,0.19600000000000001,2.7606259999999998,0.019833,24.724294,35.927192999981344,1280910.0150240001,1280910.015316
1715,5112,8193,1,1280923.399,1280934.4593179999,1280959.040696,0.44625100000000001,0.31645900011062622,0,0.051333999959751964,1.826125,22.108626999999998,0.19483300000000001,2.712208,0.021291999999999998,24.668295000000001,35.64169600000605,1280934.8189429999,1280934.8189429999
1716,5115,8193,1,1280948.399,1280959.1261539999,1280983.768198,0.41708299999999998,0.33045800006948411,0.00058400002308189869,0.012541000032797456,1.8188329999999999,22.157627000000002,0.19454199999999999,2.743125,0.020417000000000001,24.686668999999998,35.369198000058532,1280959.4986119999,1280959.4991959999
1717,5118,8193,1,1280973.375,1280983.8962399999,1281007.833909,0.46054200000000001,0.33512499998323619,0.0002910001203417778,0.054834000067785382,1.8086249999999999,21.420584999999999,0.19570899999999999,2.681,0.020708000000000001,24.021961000000001,34.458909000037238,1280984.2724899999,1280984.272781
1718,5121,8193,1,1280998.4080000001,1281007.928117,1281034.2309119999,0.40104099999999998,0.30887499987147748,0.00029200012795627117,1.6237079999409616,1.7876259999999999,22.25271,0.19833300000000001,4.5482500000000003,0.020125000000000001,26.353836000000001,35.822911999886855,1281008.2781169999,1281008.278409
1719,5124,8193,1,1281023.399,1281034.4225369999,1281059.087331,0.47249999999999998,0.33950000000186265,0.00029199989512562752,0.055707999970763922,1.830792,22.118251999999998,0.19833400000000001,2.7822089999999999,0.020125000000000001,24.756668999999999,35.688331000041217,1281034.803453,1281034.8037449999
1720,5127,8193,1,1281048.399,1281059.1812469999,1281084.162792,0.39579199999999998,0.30275000003166497,0.0002910001203417778,0.01370899984613061,1.802792,22.532126999999999,0.19775000000000001,2.5946669999999998,0.021000000000000001,25.032878,35.763792000012472,1281059.5257059999,1281059.525997
1721,5130,8193,1,1281073.399,1281084.290542,1281108.646461,0.421458,0.29487500013783574,0.00029200012795627117,0.051916999975219369,1.811542,21.866251999999999,0.199792,2.7679170000000002,0.020708000000000001,24.440211000000001,35.247460999991745,1281084.6277079999,1281084.628
1722,5133,8193,1,1281098.365,1281108.7409610001,1281133.237463,0.39987499999999998,0.30449999985285103,0.00029200012795627117,0.053957999916747212,1.826417,21.977959999999999,0.19512499999999999,2.7711250000000001,0.021000000000000001,24.550169,34.872463000006974,1281109.0871689999,1281109.0874610001
1723,5136,8193,1,1281123.402,1281133.3655050001,1281158.0501319999,0.45733299999999999,0.32958299992606044,0.00029199989512562752,0.056583000114187598,1.8124169999999999,22.160253000000001,0.19570899999999999,2.6515420000000001,0.020125000000000001,24.769501999999999,34.648131999885663,1281133.7379630001,1281133.738255
1724,5139,8193,1,1281148.3999999999,1281158.1411319999,1281182.5702599999,0.417375,0.33016700018197298,0.00029200012795627117,0.053957999916747212,1.809501,21.909127000000002,0.198625,2.5724999999999998,0.020417000000000001,24.475211000000002,34.170260000042617,1281158.5121319999,1281158.5124240001
1725,5142,8193,1,1281173.409,1281182.697718,1281209.0783869999,0.44595800000000002,0.32083299988880754,0.00029199989512562752,2.5762920000124723,1.8124169999999999,21.393460999999999,0.200958,2.5369169999999999,0.021291000000000001,26.464376999999999,35.669386999914423,1281183.059968,1281183.0602599999
1726,5145,8193,1,1281198.4099999999,1281209.171721,1281233.6069730001,0.36720900000000001,0.28145799995400012,0.00058300001546740532,0.010207999963313341,1.7777080000000001,22.082086,0.19600000000000001,2.6174170000000001,0.030917,24.480460999999998,35.196973000187427,1281209.4937209999,1281209.4943039999
1727,5148,8193,1,1281223.3999999999,1281233.73064,1281258.3630590001,0.47512500000000002,0.35204200004227459,0,0.05133299995213747,1.8097909999999999,22.103377999999999,0.19891600000000001,2.7810419999999998,0.011083000000000001,24.715544000000001,34.963059000205249,1281234.1229320001,1281234.1229320001
1728,5151,8193,1,1281248.4010000001,1281258.4453090001,1281282.6075609999,0.390542,0.29924999992363155,0.00029199989512562752,0.053958000149577856,1.8287500000000001,21.660627000000002,0.19629199999999999,2.6564999999999999,0.020708000000000001,24.212419000000001,34.206560999853536,1281258.785684,1281258.7859759999
1729,5154,8193,1,1281273.3999999999,1281282.744645,1281307.591147,0.43545899999999998,0.303624999942258,0.00029200012795627117,0.012832999927923083,1.805709,22.395627999999999,0.198042,2.6734170000000002,0.019834000000000001,24.937211000000001,34.191147000063211,1281283.0893949999,1281283.089687
1730,5157,8193,1,1281298.3999999999,1281307.682147,1281330.817733,0.39783400000000002,0.30858399998396635,0.0002910001203417778,0.054541999939829111,1.8305,20.618501999999999,0.19658300000000001,2.748084,0.020125000000000001,23.183419000000001,32.417733000125736,1281308.031856,1281308.0321470001
1731,5160,8193,1,1281323.4069999999,1281330.956275,1281355.7330690001,0.42816599999999999,0.29312500008381903,0.00029200012795627117,0.055416999850422144,1.810376,22.299085000000002,0.19600000000000001,2.6705000000000001,0.020417000000000001,24.870418999999998,32.326069000177085,1281331.290816,1281331.2911080001
1732,5163,8193,1,1281348.3999999999,1281355.828152,1281383.0943219999,0.39083299999999999,0.29779199999757111,0.00029199989512562752,2.7439999999478459,1.7995840000000001,22.101918999999999,0.191917,2.71075,0.020709000000000002,27.318377999999999,34.69432200002484,1281356.1667770001,1281356.167069
1733,5166,8193,1,1281373.3999999999,1281383.2296549999,1281407.1416569999,0.42291600000000001,0.29050000011920929,0.00029200012795627117,0.052207999862730503,1.806,21.437503,0.198625,2.7440000000000002,0.020417000000000001,24.003585000000001,33.741657000035048,1281383.5609879999,1281383.56128
1734,5169,8193,1,1281398.3659999999,1281407.2422819999,1281431.4692850001,0.420875,0.32374999998137355,0.00029199989512562752,0.053374999901279807,1.8132919999999999,21.712544000000001,0.197459,2.7302919999999999,0.020417000000000001,24.283003000000001,33.103285000193864,1281407.6071570001,1281407.607449
1735,5172,8193,1,1281423.402,1281431.601118,1281456.260371,0.46083299999999999,0.33366700005717576,0.00029200012795627117,0.055415999842807651,1.8220419999999999,22.122627000000001,0.19483400000000001,2.6763340000000002,0.021000000000000001,24.743836000000002,32.85837100003846,1281431.977368,1281431.9776600001
1736,5175,8193,1,1281448.3799999999,1281456.3481620001,1281480.9890399999,0.41562500000000002,0.32666699984110892,0.00029199989512562752,0.055124999955296516,1.8095000000000001,22.122043999999999,0.19775000000000001,2.6311249999999999,0.021000000000000001,24.686086,32.609040000010282,1281456.7185790001,1281456.718871
1737,5178,8193,1,1281473.402,1281481.1167899999,1281505.796751,0.44887500000000002,0.32316600019112229,0.00029200012795627117,0.053374999901279807,1.829626,22.153835000000001,0.19658300000000001,2.6229589999999998,0.020709000000000002,24.764253,32.394750999985263,1281481.481373,1281481.4816650001
1738,5181,8193,1,1281498.3740000001,1281505.890959,1281533.1536280001,0.38062499999999999,0.28991700010374188,0,2.5920420000329614,1.8103750000000001,22.242502000000002,0.19687499999999999,2.5579170000000002,0.020708000000000001,27.312836000000001,34.779627999989316,1281506.2217089999,1281506.2217089999
1739,5184,8193,1,1281523.4010000001,1281533.29217,1281558.002172,0.44216699999999998,0.30508299986831844,0.0002910001203417778,0.052791999885812402,1.8025,22.226461,0.19600000000000001,2.7084169999999999,0.020125000000000001,24.805377,34.601171999936923,1281533.6389619999,1281533.639253
1740,5187,8193,1,1281548.402,1281558.0922970001,1281582.5619669999,0.42554199999999998,0.33600099990144372,0.00029199989512562752,0.051625000080093741,1.8086249999999999,21.952586,0.19745799999999999,2.7924169999999999,0.021000000000000001,24.516919999999999,34.159966999897733,1281558.470589,1281558.4708809999
1741,5190,8193,1,1281573.4010000001,1281582.697592,1281609.6251360001,0.44945800000000002,0.31908300006762147,0.00029199989512562752,2.7180420001968741,1.806292,21.805002000000002,0.19950000000000001,2.671084,0.022166999999999999,27.015336000000001,36.224136000033468,1281583.059258,1281583.0595499999
1742,5193,8193,1,1281598.402,1281609.7135109999,1281633.586722,0.38791599999999998,0.29808300011791289,0.00029199989512562752,0.011667000129818916,1.7753749999999999,21.523251999999999,0.19512499999999999,2.732917,0.011958,23.921627000000001,35.184722000034526,1281610.052719,1281610.0530109999
1743,5196,8193,1,1281623.3740000001,1281633.705138,1281658.348641,0.46404200000000001,0.33774999994784594,0.00058300001546740532,0.050750000169500709,1.831958,22.146836,0.19366700000000001,2.7460420000000001,0.011083000000000001,24.728086000000001,34.974640999920666,1281634.0845969999,1281634.0851799999
1744,5199,8193,1,1281648.4029999999,1281658.4381830001,1281683.1330180001,0.38529200000000002,0.28904099995270371,0.0002910001203417778,0.054833999834954739,1.835459,22.230252,0.19745799999999999,2.6538750000000002,0.013709000000000001,24.748501999999998,34.730018000118434,1281658.769808,1281658.7700990001
1745,5202,8193,1,1281673.4010000001,1281683.2619350001,1281707.9914790001,0.47337499999999999,0.33454199996776879,0.00029199989512562752,0.058041000040248036,1.8185420000000001,22.191752999999999,0.19600000000000001,2.7486670000000002,0.020708000000000001,24.826668999999999,34.590479000005871,1281683.638185,1281683.6384769999
1746,5205,8193,1,1281698.402,1281708.1329379999,1281732.7417319999,0.40016600000000002,0.30450000008568168,0.00029199989512562752,0.053667000029236078,1.836333,22.140128000000001,0.19833300000000001,2.7381669999999998,0.020417000000000001,24.663043999999999,34.33973199990578,1281708.4788540001,1281708.479146
1747,5208,8193,1,1281723.3689999999,1281732.8618979999,1281757.6206090001,0.42058299999999998,0.29779199999757111,0.00029199989512562752,0.018374999985098839,1.787917,22.338169000000001,0.19570799999999999,2.6139169999999998,0.011083000000000001,24.840377,34.251609000144526,1281733.2008150001,1281733.201107
1748,5211,8193,1,1281748.4010000001,1281757.7014009999,1281782.390987,0.40454200000000001,0.31616699998266995,0.00029200012795627117,0.051040999824181199,1.8392500000000001,22.162293999999999,0.19512499999999999,2.7647089999999999,0.023625,24.737127999999998,33.989986999891698,1281758.058401,1281758.0586930001
1749,5214,8193,1,1281773.4010000001,1281782.524862,1281806.9980309999,0.43195800000000001,0.303624999942258,0.00029199989512562752,0.010207999963313341,1.8127089999999999,22.053792999999999,0.19775000000000001,2.7708330000000001,0.023917000000000001,24.560669000000001,33.597030999837443,1281782.8693200001,1281782.869612
1750,5217,8193,1,1281798.392,1281807.0878639999,1281830.3815329999,0.371,0.28204200020991266,0.00029199989512562752,0.055417000083252788,1.8179590000000001,20.813918000000001,0.19366700000000001,2.7851249999999999,0.022166000000000002,23.340919,31.989532999927178,1281807.4116140001,1281807.411906
1751,5219,8193,1,1281815.0330000001,1281830.4713669999,1281855.018619,0.41591699999999998,0.32637500017881393,0.00029200012795627117,0.053666000021621585,1.8147500000000001,22.033377000000002,0.189,2.7148340000000002,0.019540999999999999,24.593336000000001,39.985618999926373,1281830.8411999999,1281830.841492
1752,5222,8193,1,1281840.0700000001,1281855.1504520001,1281879.711996,0.45908300000000002,0.33191700000315905,0,0.055999999865889549,1.825834,22.023752000000002,0.19483400000000001,2.744583,0.021874999999999999,24.647002000000001,39.641995999962091,1281855.5240770001,1281855.5240770001
1753,5225,8193,1,1281865.0830000001,1281879.802996,1281903.899916,0.433417,0.34183399984613061,0,0.052790999878197908,1.8144579999999999,21.559418999999998,0.19658400000000001,2.5990419999999999,0.020708000000000001,24.145336,38.816915999865159,1281880.1879970001,1281880.1879970001
1754,5228,8193,1,1281890.078,1281904.033207,1281928.2858760001,0.44245800000000002,0.30829200008884072,0.00029199989512562752,0.054250000044703484,1.7989999999999999,21.760086000000001,0.202125,2.7664589999999998,0.020708000000000001,24.344252000000001,38.207876000087708,1281904.384082,1281904.3843739999
1755,5231,8193,1,1281915.0689999999,1281928.3768760001,1281953.1070040001,0.41533300000000001,0.32374999998137355,0.00029199989512562752,0.056290999986231327,1.821167,22.199335000000001,0.19687499999999999,2.647167,0.021000000000000001,24.777086000000001,38.038004000205547,1281928.7455430001,1281928.745835
1756,5234,8193,1,1281940.068,1281953.245254,1281977.122548,0.47337499999999999,0.33716700016520917,0.00029200012795627117,0.055999999865889549,1.812708,21.345044000000001,0.197459,2.6684580000000002,0.021000000000000001,23.971502000000001,37.054547999985516,1281953.6247119999,1281953.625004
1757,5237,8193,1,1281965.071,1281977.2138400001,1282001.760217,0.43866699999999997,0.3482499998062849,0.0002910001203417778,0.055124999955296516,1.787042,22.025501999999999,0.19950000000000001,2.799417,0.020708000000000001,24.593919,36.689217000035569,1281977.6049649999,1281977.6052560001
1758,5240,8193,1,1281990.0290000001,1282001.8897170001,1282025.2749689999,0.45441700000000002,0.3292920000385493,0.00029200012795627117,0.05424999981187284,1.828751,20.892668,0.198625,2.7364169999999999,0.021291000000000001,23.469543999999999,35.245968999806792,1282002.259842,1282002.2601340001
1759,5243,8193,1,1282015.0789999999,1282025.4114689999,1282049.81843,0.37304100000000001,0.28116700006648898,0.00029199989512562752,0.015750000020489097,1.8509169999999999,21.974169,0.19950000000000001,2.7078329999999999,0.027417,24.456835999999999,34.739430000074208,1282025.734344,1282025.7346359999
1760,5246,8193,1,1282040.0700000001,1282049.9590139999,1282074.6185580001,0.462584,0.33075000019744039,0.00029099988751113415,0.050167000154033303,1.822333,22.163751999999999,0.19716700000000001,2.7183329999999999,0.022166999999999999,24.749378,34.548558000009507,1282050.331764,1282050.3320549999
1761,5249,8193,1,1282065.0689999999,1282074.713058,1282099.2746019999,0.388208,0.29399999999441206,0.00029199989512562752,0.054833000060170889,1.82525,22.066918999999999,0.19716700000000001,2.6635,0.021583000000000001,24.614919,34.205602000001818,1282075.0478910001,1282075.0481829999
1762,5252,8193,1,1282090.078,1282099.4049770001,1282126.460855,0.43895899999999999,0.30887499987147748,0.00029099988751113415,2.6567919999361038,1.8080419999999999,21.987877000000001,0.19891700000000001,2.611583,0.021874999999999999,27.144545000000001,36.38285499997437,1282099.7552690001,1282099.75556
1763,5255,8193,1,1282115.0700000001,1282126.5603130001,1282151.1483990001,0.36925000000000002,0.27183299977332354,0.0002910001203417778,0.055124999955296516,1.8074589999999999,22.126418999999999,0.19658300000000001,2.759458,0.020417000000000001,24.644669,36.078398999990895,1282126.87298,1282126.8732710001
1764,5258,8193,1,1282140.0689999999,1282151.2752739999,1282175.9537760001,0.457625,0.33191599999554455,0.00029200012795627117,0.055999999865889549,1.824667,22.144794000000001,0.19716700000000001,2.7314590000000001,0.020416,24.761918999999999,35.884776000166312,1282151.6494819999,1282151.649774
1765,5261,8193,1,1282165.0700000001,1282176.048276,1282200.443862,0.403667,0.31062500015832484,0.00029200012795627117,0.013415999943390489,1.802208,21.941210999999999,0.19687499999999999,2.6538750000000002,0.021291999999999998,24.446335999999999,35.37386199994944,1282176.4011929999,1282176.401485
1766,5264,8193,1,1282190.037,1282200.57482,1282224.868031,0.46958299999999997,0.34095899993553758,0.00029200012795627117,0.053667000029236078,1.810376,21.764752000000001,0.198625,2.6419169999999998,0.021291999999999998,24.379543999999999,34.831031000008807,1282200.9580699999,1282200.9583620001
1767,5267,8193,1,1282215.0789999999,1282224.9631139999,1282252.3987420001,0.39083400000000001,0.29808400012552738,0.0002910001203417778,2.603417000034824,1.7957920000000001,22.413419000000001,0.19745799999999999,2.5698750000000001,0.021583999999999999,27.486961000000001,37.319742000196129,1282225.3026149999,1282225.3029060001
1768,5270,8193,1,1282240.0449999999,1282252.533201,1282277.2843279999,0.45237500000000003,0.32170800003223121,0.00058300001546740532,0.009917000075802207,1.818541,22.271668999999999,0.198042,2.7361249999999999,0.020416,24.839502,37.239327999996021,1282252.897201,1282252.897784
1769,5273,8193,1,1282265.0700000001,1282277.38087,1282301.059539,0.45324999999999999,0.35670799994841218,0.00029199989512562752,0.055124999955296516,1.815042,21.163043999999999,0.19804099999999999,2.6949999999999998,0.029458999999999999,23.733211000000001,35.989538999972865,1282277.7795780001,1282277.77987
1770,5276,8193,1,1282290.0700000001,1282301.1826220001,1282325.438208,0.45208399999999999,0.32666699984110892,0.0002910001203417778,0.049583999905735254,1.83575,21.783128000000001,0.19541700000000001,2.7192080000000001,0.011083000000000001,24.340752999999999,35.368207999970764,1282301.5498309999,1282301.550122
1771,5279,8193,1,1282315.0700000001,1282325.5709160001,1282350.0677100001,0.39637499999999998,0.30537499999627471,0.00029099988751113415,0.049292000010609627,1.8477079999999999,22.030169000000001,0.20183300000000001,2.7967919999999999,0.0067080000000000004,24.546085000000001,34.997710000025108,1282325.9180000001,1282325.918291
1772,5282,8193,1,1282340.0490000001,1282350.2225850001,1282374.7018800001,0.44450000000000001,0.31645899987779558,0.0002910001203417778,0.056875000009313226,1.819709,22.015294000000001,0.19658300000000001,2.6705009999999998,0.010500000000000001,24.566210999999999,34.652879999950528,1282350.580169,1282350.5804600001
1773,5285,8193,1,1282365.0700000001,1282374.846255,1282401.763299,0.43895800000000001,0.34474999993108213,0.00029200012795627117,2.6979169999249279,1.8001670000000001,21.789543999999999,0.19687499999999999,2.6177090000000001,0.014583,26.967794000000001,36.693298999918625,1282375.234463,1282375.2347550001
1774,5288,8193,1,1282390.03,1282401.8837570001,1282426.0530099999,0.416792,0.29020899999886751,0.00029199989512562752,0.051915999967604876,1.815625,21.692419000000001,0.199792,2.7130830000000001,0.020417000000000001,24.255877999999999,36.023009999888018,1282402.213924,1282402.2142159999
1775,5291,8193,1,1282415.0700000001,1282426.1580099999,1282451.1643459999,0.39520899999999998,0.30275000003166497,0.0002910001203417778,0.014583999989554286,1.798708,22.559836000000001,0.19804099999999999,2.7807499999999998,0.020417000000000001,25.057378,36.094345999881625,1282426.5018849999,1282426.502176
1776,5294,8193,1,1282440.071,1282451.290637,1282476.140931,0.41766700000000001,0.29399999999441206,0.00029200012795627117,0.053957999916747212,1.831958,22.344002,0.19833400000000001,2.7836669999999999,0.021583999999999999,24.933128,36.069931000005454,1282451.625179,1282451.6254710001
1777,5297,8193,1,1282465.0700000001,1282476.2304730001,1282501.0116419999,0.419709,0.32899999991059303,0.00029099988751113415,0.056000000098720193,1.815625,22.248626999999999,0.19745799999999999,2.6880009999999999,0.021291000000000001,24.827836000000001,35.941641999874264,1282476.6035150001,1282476.603806
1778,5300,8193,1,1282490.071,1282501.1420169999,1282525.310395,0.44595800000000002,0.31587500008754432,0.00029200012795627117,0.053957999916747212,1.82525,21.65071,0.19454199999999999,2.6273339999999998,0.020709000000000002,24.257919000000001,35.239395000040531,1282501.498434,1282501.4987260001
1779,5303,8193,1,1282515.071,1282525.4016859999,1282550.389064,0.41445799999999999,0.32404200010932982,0.00029199989512562752,0.053958000149577856,1.8275840000000001,22.453377,0.198042,2.6465830000000001,0.020417000000000001,25.034044000000002,35.318063999991864,1282525.769478,1282525.7697699999
1780,5306,8193,1,1282540.071,1282550.5176889999,1282575.1714000001,0.44245800000000002,0.316750000230968,0.00029199989512562752,0.055707999970763922,1.8135829999999999,22.142461000000001,0.19658300000000001,2.7002510000000002,0.021000000000000001,24.738294,35.100400000112131,1282550.8755640001,1282550.875856
1781,5309,8193,1,1282565.071,1282575.262108,1282599.3989850001,0.41708299999999998,0.32958299992606044,0.00029199989512562752,0.054250000044703484,1.8214589999999999,21.605502000000001,0.19570899999999999,2.6745830000000002,0.021291000000000001,24.182960000000001,34.327985000098124,1282575.633108,1282575.6333999999
1782,5312,8193,1,1282590.071,1282599.525569,1282624.1399050001,0.45208399999999999,0.31850000005215406,0.0002910001203417778,0.055999999865889549,1.8121259999999999,22.094335999999998,0.19600000000000001,2.6331669999999998,0.021000000000000001,24.696294999999999,34.068905000109226,1282599.8956939999,1282599.8959850001
1783,5315,8193,1,1282615.0800000001,1282624.2422799999,1282648.092157,0.38266699999999998,0.2916660001501441,0.00029200012795627117,0.052499999990686774,1.8095000000000001,21.370711,0.19775000000000001,2.6349170000000002,0.020708000000000001,23.899460999999999,33.0121569999028,1282624.5753629999,1282624.5756550001
1784,5318,8193,1,1282640.0800000001,1282648.2309900001,1282672.932243,0.44712499999999999,0.31587499985471368,0.00029200012795627117,0.053666999796405435,1.837208,22.204001999999999,0.19629199999999999,2.671084,0.028583999999999998,24.789628,32.852242999942973,1282648.58974,1282648.5900320001
1785,5321,8193,1,1282665.074,1282673.0229509999,1282700.2687039999,0.43283300000000002,0.33862500009126961,0.00029199989512562752,2.6693329999689013,1.8077510000000001,22.109210999999998,0.19891700000000001,2.5844580000000001,0.011375,27.297086,35.194703999906778,1282673.404451,1282673.4047429999
1786,5324,8193,1,1282690.0800000001,1282700.3839120001,1282725.1006229999,0.41358299999999998,0.29137499979697168,0.00029199989512562752,0.054833000060170889,1.804541,22.241627000000001,0.19716700000000001,2.7017090000000001,0.021291000000000001,24.798376999999999,35.020622999873012,1282700.7158290001,1282700.716121
1787,5327,8193,1,1282715.0660000001,1282725.188998,1282748.6366669999,0.41825000000000001,0.33191700000315905,0.0002910001203417778,0.051041999831795692,1.830792,20.949543999999999,0.19395799999999999,2.708126,0.031208,23.492877,33.570666999788955,1282725.56204,1282725.5623310001
1788,5330,8193,1,1282740.071,1282748.8093340001,1282773.2203780001,0.42670799999999998,0.29808299988508224,0.00029200012795627117,0.05716599989682436,1.8316669999999999,21.945585999999999,0.19658300000000001,2.6844999999999999,0.017791000000000001,24.497377,33.149378000060096,1282749.1494169999,1282749.149709
1789,5333,8193,1,1282765.074,1282773.3125450001,1282797.3765050001,0.42554199999999998,0.33512499998323619,0,0.054540999932214618,1.806584,21.603169000000001,0.19512499999999999,2.7498339999999999,0.010500000000000001,24.110918999999999,32.302505000028759,1282773.69142,1282773.69142
1790,5336,8193,1,1282790.071,1282797.515047,1282822.047424,0.43429200000000001,0.31033300003036857,0.0002910001203417778,0.054541999939829111,1.8200000000000001,22.081793999999999,0.19658300000000001,2.7384580000000001,0.012833000000000001,24.615794000000001,31.976423999993131,1282797.8662139999,1282797.866505
1791,5337,8193,1,1282798.406,1282822.104299,1282845.31076,0.37187500000000001,0.32229200005531311,0.00058300001546740532,0.060083999997004867,1.850042,20.70571,0.19483300000000001,2.7422499999999999,0.012833000000000001,23.212001999999998,46.904760000063106,1282822.4706329999,1282822.4712159999
1792,5341,8193,1,1282831.7379999999,1282845.4463849999,1282869.526971,0.44595800000000002,0.32083400012925267,0.00029200012795627117,0.055416999850422144,1.7984169999999999,21.637001999999999,0.19775000000000001,2.7868750000000002,0.014,24.164294000000002,37.788971000118181,1282845.8086349999,1282845.808927
1793,5344,8193,1,1282856.7220000001,1282869.624971,1282894.1360569999,0.41591600000000001,0.32520799990743399,0.00029199989512562752,0.054250000044703484,1.7955000000000001,22.066627,0.19570799999999999,2.7871670000000002,0.015459000000000001,24.558043999999999,37.414056999841705,1282869.9939290001,1282869.994221
1794,5347,8193,1,1282881.7409999999,1282894.2693479999,1282917.9407259999,0.44654199999999999,0.32374999998137355,0.00029099988751113415,0.054542000172659755,1.8188329999999999,21.207084999999999,0.19716700000000001,2.7787090000000001,0.013709000000000001,23.753336000000001,36.199725999962538,1282894.633932,1282894.6342229999
1795,5350,8193,1,1282906.7390000001,1282918.0369760001,1282942.5571030001,0.40016699999999999,0.31383299990557134,0,0.05308300000615418,1.8430420000000001,22.042711000000001,0.198625,2.7221250000000001,0.013708,24.565919000000001,35.818103000055999,1282918.3913509999,1282918.3913509999
1796,5353,8193,1,1282931.7390000001,1282942.691562,1282967.694689,0.40862500000000002,0.28262499999254942,0.0002910001203417778,0.011375000001862645,1.796084,22.592502,0.19570799999999999,2.6973340000000001,0.011665999999999999,25.088001999999999,35.955688999965787,1282943.0153119999,1282943.0156030001
1797,5356,8193,1,1282956.7390000001,1282967.7748970001,1282995.0661500001,0.38674999999999998,0.29866699990816414,0.00029200012795627117,2.666709000011906,1.7946260000000001,22.201377000000001,0.19891700000000001,2.5319590000000001,0.020708000000000001,27.337627999999999,38.32715000002645,1282968.115272,1282968.1155640001
1798,5359,8193,1,1282981.716,1282995.1918589999,1283022.350695,0.39608300000000002,0.26979100005701184,0.00029199989512562752,2.7664580000564456,1.805709,22.033085,0.19454199999999999,2.6874169999999999,0.021874999999999999,27.243711000000001,40.634695000015199,1282995.5030670001,1282995.503359
1799,5363,8193,1,1283015.0759999999,1283022.477278,1283046.8043219999,0.37508399999999997,0.2514170000795275,0.0002910001203417778,2.7206669999286532,1.8045420000000001,19.270126999999999,0.19716700000000001,2.6786669999999999,0.028875000000000001,24.410169,31.728322000009939,1283022.7689449999,1283022.769236
1800,5364,8193,1,1283023.405,1283046.9472389999,1283071.3124909999,0.31295800000000001,0.26075000013224781,0.00029200012795627117,0.053667000029236078,1.806292,21.978543999999999,0.19716600000000001,2.758292,0.0081659999999999996,24.374293999999999,47.90749099990353,1283047.2511549999,1283047.2514470001
1801,5368,8193,1,1283056.7080000001,1283071.458325,1283096.0099520001,0.48270800000000003,0.35029099998064339,0.00029200012795627117,0.052790999878197908,1.834292,22.060210999999999,0.19541700000000001,2.7186249999999998,0.0055420000000000001,24.643502000000002,39.301952000008896,1283071.849158,1283071.8494500001
1802,5371,8193,1,1283081.7050000001,1283096.0863689999,1283120.866955,0.371,0.28437500004656613,0.0002910001203417778,0.0096249999478459358,1.8042499999999999,22.359169000000001,0.19775000000000001,2.567542,0.021000000000000001,24.826086,39.161954999901354,1283096.4118689999,1283096.4121600001
1803,5374,8193,1,1283106.72,1283120.994705,1283145.7452489999,0.45500000000000002,0.32666600006632507,0.00058300001546740532,0.055707999970763922,1.817083,22.229085999999999,0.19570799999999999,2.692958,0.020709000000000002,24.835419000000002,39.025248999940231,1283121.3648300001,1283121.3654130001
1804,5377,8193,1,1283131.7390000001,1283145.8464569999,1283170.8673759999,0.407167,0.31150000006891787,0.00029199989512562752,0.015165999997407198,1.7940419999999999,22.571211000000002,0.19600100000000001,2.7078340000000001,0.021000000000000001,25.074586,39.128375999862328,1283146.1999570001,1283146.200249
1805,5380,8193,1,1283156.74,1283170.994835,1283195.440004,0.42233300000000001,0.29516600002534688,0.00029199989512562752,0.051915999967604876,1.8007500000000001,21.970669000000001,0.19425000000000001,2.6649590000000001,0.021583999999999999,24.530044,38.700003999983892,1283171.3322930001,1283171.332585
1806,5383,8193,1,1283181.7409999999,1283195.5318789999,1283219.7285480001,0.43312499999999998,0.33950000000186265,0.00029099988751113415,0.054834000067785382,1.7957920000000001,21.690961000000001,0.189,2.7839589999999999,0.020417000000000001,24.245668999999999,37.987548000179231,1283195.916004,1283195.9162949999
1807,5386,8193,1,1283206.7390000001,1283219.8638810001,1283243.982384,0.46054200000000001,0.32404199987649918,0,0.050459000049158931,1.786751,21.668210999999999,0.19833300000000001,2.795334,0.021291999999999998,24.211252999999999,37.243383999913931,1283220.231964,1283220.231964
1808,5389,8193,1,1283231.74,1283244.06755,1283269.0692189999,0.37974999999999998,0.29516700003296137,0.00029199989512562752,0.01195800001733005,1.792,22.578502,0.19950000000000001,2.6880009999999999,0.020125000000000001,25.045127000000001,37.329218999948353,1283244.4038420001,1283244.404134
1809,5392,8193,1,1283256.733,1283269.215053,1283294.1300969999,0.44566699999999998,0.31354100001044571,0.0002910001203417778,0.009917000075802207,1.824667,22.440836000000001,0.19775000000000001,2.6687500000000002,0.019833,25.006043999999999,37.397096999920905,1283269.5694279999,1283269.569719
1810,5395,8193,1,1283281.74,1283294.222264,1283318.419516,0.43166700000000002,0.33774999994784594,0.00029199989512562752,0.052499999990686774,1.8118339999999999,21.668209999999998,0.19833300000000001,2.7180420000000001,0.019833,24.248586,36.679515999974683,1283294.6025970001,1283294.602889
1811,5398,8193,1,1283306.7409999999,1283318.553391,1283343.155185,0.45674999999999999,0.32783299987204373,0.00029199989512562752,0.054540999932214618,1.815625,22.072461000000001,0.199792,2.6419169999999998,0.021291000000000001,24.687836000000001,36.414185000117868,1283318.9243910001,1283318.924683
1812,5401,8193,1,1283331.74,1283343.2523099999,1283367.5388130001,0.42699999999999999,0.33075000019744039,0.00029200012795627117,0.055124999955296516,1.8132919999999999,21.762127,0.19687499999999999,2.6807080000000001,0.021000000000000001,24.340461000000001,35.798813000088558,1283343.6253519999,1283343.625644
1813,5404,8193,1,1283356.7,1283367.667438,1283391.155357,0.450625,0.32404100010171533,0.00029199989512562752,0.053375000134110451,1.8132919999999999,21.016335000000002,0.19658400000000001,2.9055840000000002,0.029166999999999998,23.573378000000002,34.455356999998912,1283368.0326040001,1283368.032896
1814,5407,8193,1,1283381.74,1283391.291857,1283415.8554420001,0.37362499999999998,0.28320800000801682,0.00029199989512562752,0.053957999916747212,1.8270010000000001,22.126418999999999,0.19891700000000001,2.6559170000000001,0.011083000000000001,24.613168999999999,34.115442000096664,1283391.6158980001,1283391.61619
1815,5410,8193,1,1283406.7490000001,1283415.995442,1283442.659029,0.464333,0.33454199996776879,0.00029199989512562752,2.6486249999143183,1.8103750000000001,21.595877000000002,0.19570899999999999,2.5701670000000001,0.011667,26.751377999999999,35.910028999904171,1283416.3719840001,1283416.372276
1816,5413,8193,1,1283431.743,1283442.75557,1283466.1901140001,0.36575000000000002,0.27533399988897145,0.00029099988751113415,0.010500000091269612,1.7785839999999999,21.042293999999998,0.197459,2.7148340000000002,0.020416,23.48471,34.447114000096917,1283443.071154,1283443.0714449999
1817,5416,8193,1,1283456.74,1283466.3234059999,1283490.975075,0.43837500000000001,0.31150000006891787,0.00029199989512562752,0.052208000095561147,1.8191250000000001,22.141002,0.198042,2.7040419999999998,0.020417000000000001,24.736836,34.235074999975041,1283466.676614,1283466.6769059999
1818,5419,8193,1,1283481.74,1283491.0686999999,1283515.7413689999,0.39579199999999998,0.30275000003166497,0,0.053957999916747212,1.834292,22.158211000000001,0.19775100000000001,2.681292,0.021874999999999999,24.724585999999999,34.001368999946862,1283491.4128670001,1283491.4128670001
1819,5422,8193,1,1283506.74,1283515.8723279999,1283543.176122,0.423209,0.29429100011475384,0.0002910001203417778,2.6416249999310821,1.816792,22.221211,0.198042,2.6069170000000002,0.021291999999999998,27.391877999999998,36.436121999984607,1283516.2074529999,1283516.207744
1820,5425,8193,1,1283531.74,1283543.27908,1283567.7819990001,0.39345799999999997,0.29866699990816414,0.00029199989512562752,0.054542000172659755,1.801625,22.022293999999999,0.19891700000000001,2.647751,0.021291000000000001,24.556877,36.041999000124633,1283543.61858,1283543.6188719999
1821,5428,8193,1,1283556.74,1283567.9120829999,1283592.8075850001,0.47599999999999998,0.34591599996201694,0.00029199989512562752,0.055124999955296516,1.8281670000000001,22.337294,0.19483400000000001,2.7562509999999998,0.020709000000000002,24.981545000000001,36.067585000069812,1283568.3017490001,1283568.302041
1822,5431,8193,1,1283581.7409999999,1283592.90121,1283617.6450459999,0.42233300000000001,0.32666700007393956,0.00029199989512562752,0.05308300000615418,1.78325,22.253294,0.19833400000000001,2.5453760000000001,0.01925,24.796918999999999,35.904045999981463,1283593.27046,1283593.2707519999
1823,5434,8193,1,1283606.7409999999,1283617.7727959999,1283642.2964240001,0.44800000000000001,0.31995800021104515,0.00058400002308189869,0.053666000021621585,1.825834,22.003336000000001,0.19658300000000001,2.5917500000000002,0.021000000000000001,24.60792,35.555424000136554,1283618.1365040001,1283618.1370880001
1824,5437,8193,1,1283631.7409999999,1283642.3909239999,1283665.244468,0.39812500000000001,0.30537499999627471,0.00029099988751113415,0.021292000077664852,1.8284590000000001,20.376711,0.19425000000000001,2.7265000000000001,0.021874999999999999,22.906044000000001,33.5034680000972,1283642.736549,1283642.7368399999
1825,5440,8193,1,1283656.74,1283665.3780509999,1283690.3240120001,0.48825000000000002,0.35670799994841218,0.00029200012795627117,0.05133299995213747,1.827,22.384544000000002,0.198042,2.6836250000000001,0.021291999999999998,25.034918999999999,33.584012000123039,1283665.7770509999,1283665.7773430001
1826,5443,8193,1,1283681.7409999999,1283690.4199699999,1283714.8555139999,0.40279100000000001,0.30799999996088445,0,0.054834000067785382,1.8141670000000001,21.933627000000001,0.19687499999999999,2.7104590000000002,0.021000000000000001,24.489502000000002,33.114514000015333,1283690.768803,1283690.768803
1827,5446,8193,1,1283706.7239999999,1283715.029931,1283739.7635580001,0.44741599999999998,0.31908300006762147,0.00029199989512562752,0.061250000027939677,1.8351660000000001,22.190586,0.19687499999999999,2.6775000000000002,0.020125000000000001,24.818794,33.039558000164106,1283715.3918890001,1283715.392181
1828,5449,8193,1,1283731.7220000001,1283739.853683,1283764.4627690001,0.43254199999999998,0.34183400007896125,0.0002910001203417778,0.055708999978378415,1.822333,22.059626999999999,0.19687499999999999,2.7425419999999998,0.021000000000000001,24.654878,32.740769000025466,1283740.2401419999,1283740.240433
1829,5452,8193,1,1283756.74,1283764.590228,1283789.1485629999,0.44304199999999999,0.31704100011847913,0.00029199989512562752,0.052499999990686774,1.8234999999999999,22.042127000000001,0.19891700000000001,2.6375419999999998,0.021583000000000001,24.642043999999999,32.408562999917194,1283764.9495610001,1283764.949853
1830,5455,8193,1,1283781.7439999999,1283789.243063,1283816.430774,0.387042,0.29516700003296137,0.00029099988751113415,2.5757089999970049,1.8109580000000001,22.180085999999999,0.19454199999999999,2.5418759999999998,0.021291999999999998,27.239044,34.686774000059813,1283789.578772,1283789.5790629999
1831,5458,8193,1,1283806.7409999999,1283816.569316,1283841.1317350001,0.441,0.30595800001174212,0.00029099988751113415,0.054834000067785382,1.802792,22.071586,0.19891700000000001,2.7037499999999999,0.020416,24.656627,34.390735000139102,1283816.9161080001,1283816.916399
1832,5461,8193,1,1283831.747,1283841.2218599999,1283864.153863,0.42204199999999997,0.33337500016205013,0.00029200012795627117,0.056000000098720193,1.8129999999999999,20.402377000000001,0.19891700000000001,2.5716260000000002,0.021291999999999998,22.978377999999999,32.406863000011072,1283841.5975269999,1283841.597819
1833,5464,8193,1,1283856.7050000001,1283864.2810289999,1283889.0858229999,0.44683299999999998,0.32170900003984571,0.00058400002308189869,0.055416000075638294,1.8185420000000001,22.290334999999999,0.197459,2.68275,0.020416,24.889377,32.380822999868542,1283864.643279,1283864.643863
1834,5467,8193,1,1283881.7409999999,1283889.1841150001,1283913.7415759999,0.387625,0.29574999981559813,0.00029099988751113415,0.010500000091269612,1.828751,22.099585000000001,0.19658300000000001,2.7104590000000002,0.021291000000000001,24.607627000000001,32.000575999962166,1283889.521282,1283889.5215729999
1835,5469,8193,1,1283898.4080000001,1283913.8308260001,1283938.052287,0.394042,0.30741699994541705,0.00029099988751113415,0.051916999975219369,1.8290420000000001,21.755127999999999,0.19483400000000001,2.7559580000000001,0.028583999999999998,24.267835999999999,39.644286999944597,1283914.1784930001,1283914.178784
1836,5472,8193,1,1283923.4180000001,1283938.222912,1283962.931164,0.40600000000000003,0.27883299998939037,0.00029199989512562752,0.054833000060170889,1.824667,22.279834999999999,0.19512499999999999,2.623834,0.011083000000000001,24.794585999999999,39.513163999887183,1283938.5425780001,1283938.54287
1837,5475,8193,1,1283948.388,1283963.028289,1283990.3755419999,0.4375,0.34708300000056624,0.00029200012795627117,2.7104579999577254,1.8147500000000001,22.204294000000001,0.19745799999999999,2.6290840000000002,0.011958,27.392752999999999,41.987541999900714,1283963.4205809999,1283963.4208730001
1838,5479,8193,1,1283981.743,1283990.5756250001,1284015.212419,0.44595800000000002,0.28204199997708201,0.00029199989512562752,0.055707999970763922,1.7957909999999999,22.231711000000001,0.197459,2.7857090000000002,0.010791,24.760459999999998,33.469418999971822,1283990.8979170001,1283990.898209
1839,5482,8193,1,1284006.7420000001,1284015.2713359999,1284042.5348799999,0.39870800000000001,0.34912499994970858,0.00029199989512562752,2.6839169999584556,1.816792,22.098419,0.19833400000000001,2.6034169999999999,0.011375,27.268502999999999,35.792879999848083,1284015.6647940001,1284015.665086
1840,5485,8193,1,1284031.7420000001,1284042.65038,1284068.809383,0.40425,0.28233400010503829,0.00029200012795627117,2.6909169999416918,1.806001,21.109669,0.198625,2.6535839999999999,0.014291,26.240086000000002,37.067382999928668,1284042.973547,1284042.9738390001
1841,5488,8193,1,1284056.7420000001,1284068.937133,1284093.569844,0.36633300000000002,0.2753330001141876,0.00029199989512562752,0.014875000109896064,1.8296250000000001,22.245711,0.19570799999999999,2.7326260000000002,0.011083000000000001,24.682586000000001,36.827843999955803,1284069.2535910001,1284069.253883
1842,5491,8193,1,1284081.7450000001,1284093.7092609999,1284117.1338879999,0.48358400000000001,0.3514580000191927,0.00029199989512562752,0.054542000172659755,1.7969580000000001,20.951294000000001,0.20008300000000001,2.8245,0.010791,23.513293999999998,35.388887999812141,1284094.104177,1284094.1044689999
1843,5494,8193,1,1284106.7420000001,1284117.2345129999,1284141.6998070001,0.42349999999999999,0.33658300014212728,0.0002910001203417778,0.053958999924361706,1.7949170000000001,22.022002000000001,0.19512499999999999,2.8688340000000001,0.0093329999999999993,24.511377,34.957807000027969,1284117.6119299999,1284117.612221
1844,5497,8193,1,1284131.743,1284141.82464,1284166.5235599999,0.41912500000000003,0.28933400008827448,0.00029200012795627117,0.050165999913588166,1.8074589999999999,22.263210000000001,0.198625,2.785126,0.020708000000000001,24.787877999999999,34.780559999868274,1284142.154807,1284142.1550990001
1845,5500,8193,1,1284156.743,1284166.620685,1284191.3239790001,0.37945800000000002,0.28962499997578561,0.00029199989512562752,0.055416000075638294,1.82175,22.210419000000002,0.19833300000000001,2.7512919999999998,0.021291999999999998,24.752293999999999,34.580979000078514,1284166.951143,1284166.9514349999
1846,5503,8193,1,1284181.7420000001,1284191.4584369999,1284215.95319,0.44187500000000002,0.31091700005345047,0.0002910001203417778,0.054833999834954739,1.8229169999999999,21.985251999999999,0.19658300000000001,2.653,0.021291999999999998,24.584586000000002,34.211189999943599,1284191.810479,1284191.8107700001
1847,5506,8193,1,1284206.7420000001,1284216.0482729999,1284243.152859,0.39258399999999999,0.30012500006705523,0.0002910001203417778,2.6378339999355376,1.808333,22.082668999999999,0.19629199999999999,2.6037089999999998,0.021874999999999999,27.155628,36.410858999937773,1284216.3898149999,1284216.390106
1848,5509,8193,1,1284231.7420000001,1284243.282651,1284269.2086120001,0.43575000000000003,0.30304100015200675,0.00029200012795627117,2.7407919999677688,1.8007500000000001,20.799043999999999,0.19775000000000001,2.6617500000000001,0.011667,26.016378,37.466612000018358,1284243.6279839999,1284243.628276
1849,5512,8193,1,1284256.713,1284269.3016530001,1284293.8874059999,0.37683299999999997,0.27737499983049929,0.00029099988751113415,0.056584000121802092,1.789083,22.186502000000001,0.19658300000000001,2.580959,0.014291999999999999,24.642918999999999,37.174405999947339,1284269.621612,1284269.6219029999
1850,5515,8193,1,1284281.743,1284294.0259469999,1284319.981075,0.46987499999999999,0.33950000000186265,0.00029199989512562752,2.7962090000510216,1.8022089999999999,20.741876999999999,0.205625,2.7160000000000002,0.011667,26.043793999999998,38.238075000001118,1284294.407447,1284294.4077389999
1851,5518,8193,1,1284306.7320000001,1284320.1105750001,1284344.1412859999,0.38354199999999999,0.29108299990184605,0.00029200012795627117,0.055415999842807651,1.8080419999999999,21.603459999999998,0.198042,2.681,0.010208999999999999,24.080877999999998,37.409285999834538,1284320.44395,1284320.4442420001
1852,5521,8193,1,1284331.753,1284344.2792440001,1284371.3479549999,0.473667,0.34620799985714257,0.00058300001546740532,2.6529999999329448,1.798125,21.952293999999998,0.19629099999999999,2.5698750000000001,0.011375,27.152418999999998,39.594954999862239,1284344.668911,1284344.669494
1853,5524,8193,1,1284356.7520000001,1284371.4296220001,1284395.4807490001,0.38529200000000002,0.29633299983106554,0.00029099988751113415,0.051625000080093741,1.820584,21.558252,0.198625,2.7542080000000002,0.019833,24.099252,38.728749000001699,1284371.766789,1284371.7670799999
1854,5527,8193,1,1284381.7450000001,1284395.6090830001,1284422.618585,0.45441700000000002,0.32637499994598329,0.00029099988751113415,2.5902919999789447,1.806,21.997793999999999,0.19745799999999999,2.54975,0.021874999999999999,27.094669,40.873584999935701,1284395.9783330001,1284395.978624
1855,5531,8193,1,1284415.0460000001,1284422.7921269999,1284449.8529630001,0.39550000000000002,0.27416700008325279,0.00029200012795627117,2.6346249999478459,1.808333,22.023752000000002,0.19687499999999999,2.5943749999999999,0.021583000000000001,27.141919000000001,34.806962999980897,1284423.106835,1284423.1071270001
1856,5534,8193,1,1284440.0689999999,1284449.949796,1284473.1276740001,0.378,0.29166699992492795,0,0.053666000021621585,1.7998749999999999,20.708044000000001,0.19833400000000001,2.626458,0.021000000000000001,23.223960999999999,33.058674000203609,1284450.2820049999,1284450.2820049999
1857,5537,8193,1,1284465.048,1284473.2679649999,1284497.3071339999,0.44624999999999998,0.30887500010430813,0.00029200012795627117,0.05629199999384582,1.821458,21.562919000000001,0.19833300000000001,2.7495419999999999,0.021291000000000001,24.135418999999999,32.25913399993442,1284473.617965,1284473.6182570001
1858,5538,8193,1,1284473.415,1284497.3538009999,1284521.9392619999,0.33308399999999999,0.28729200013913214,0,0.053666000021621585,1.8118339999999999,22.107461000000001,0.19687499999999999,2.7731669999999999,0.021000000000000001,24.589835999999998,48.524261999875307,1284497.68251,1284497.68251
1859,5542,8193,1,1284506.7439999999,1284522.0734290001,1284546.9426810001,0.44070900000000002,0.30391599982976913,0.0002910001203417778,0.05424999981187284,1.8243750000000001,22.358877,0.19833400000000001,2.6909169999999998,0.021583000000000001,24.962586000000002,40.198681000154465,1284522.420804,1284522.4210950001
1860,5545,8193,1,1284531.7439999999,1284547.0363060001,1284571.369767,0.42408400000000002,0.33016699994914234,0.00029200012795627117,0.055416999850422144,1.8185420000000001,21.801210999999999,0.19658400000000001,2.741959,0.020708000000000001,24.382460999999999,39.62576700001955,1284547.4116809999,1284547.411973
1861,5548,8193,1,1284556.754,1284571.504225,1284596.3486860001,0.462584,0.33191700000315905,0.0002910001203417778,0.055124999955296516,1.8272919999999999,22.299377,0.198042,2.6322920000000001,0.024208,24.933419000000001,39.594686000142246,1284571.8775589999,1284571.87785
1862,5551,8193,1,1284581.7439999999,1284596.4423110001,1284620.8860220001,0.43895800000000001,0.34649999998509884,0.00029200012795627117,0.055124999955296516,1.8083340000000001,21.901834999999998,0.19833400000000001,2.6495009999999999,0.023625,24.492711,39.142022000160068,1284596.8322689999,1284596.832561
1863,5554,8193,1,1284606.753,1284621.01523,1284645.691691,0.45500000000000002,0.32841699989512563,0,0.055707999970763922,1.827583,22.142752999999999,0.198625,2.6970420000000002,0.022166000000000002,24.761627000000001,38.938690999988467,1284621.385064,1284621.385064
1864,5557,8193,1,1284631.743,1284645.788524,1284671.576235,0.41416700000000001,0.31908400007523596,0.00029199989512562752,2.5815419999416918,1.8191250000000001,20.739543999999999,0.19687499999999999,2.546834,0.021583000000000001,25.841086000000001,39.833235000027344,1284646.1493160001,1284646.1496079999
1865,5560,8193,1,1284656.7439999999,1284671.710985,1284699.0631959999,0.4375,0.30508399987593293,0.00058400002308189869,2.762667000060901,1.8097920000000001,22.198460000000001,0.19891700000000001,2.681584,0.022166000000000002,27.443211000000002,42.319195999996737,1284672.057485,1284672.058069
1866,5564,8193,1,1284690.078,1284699.196488,1284723.6594489999,0.39608300000000002,0.27183300000615418,0.00029199989512562752,0.0096249999478459358,1.786459,22.068960000000001,0.19950000000000001,2.7845420000000001,0.021000000000000001,24.547543999999998,33.581448999932036,1284699.5079880001,1284699.50828
1867,5567,8193,1,1284715.091,1284723.751616,1284748.4327430001,0.441583,0.34825000003911555,0.00058300001546740532,0.054541999939829111,1.8226249999999999,22.133127000000002,0.19395799999999999,2.701708,0.020708000000000001,24.732752000000001,33.341743000084534,1284724.141574,1284724.142157
1868,5570,8193,1,1284740.0460000001,1284748.561951,1284773.146829,0.45500000000000002,0.328125,0.00029200012795627117,0.054541999939829111,1.821458,22.054086000000002,0.198042,2.6267510000000001,0.020416,24.669460999999998,33.100828999886289,1284748.9320759999,1284748.932368
1869,5573,8193,1,1284765.078,1284773.2445370001,1284797.65879,0.42262499999999997,0.32579199993051589,0.00029099988751113415,0.054834000067785382,1.815334,21.890460000000001,0.198625,2.6949999999999998,0.020417000000000001,24.469086000000001,32.580790000036359,1284773.612621,1284773.6129119999
1870,5576,8193,1,1284790.0870000001,1284797.7868309999,1284822.4877919999,0.44508399999999998,0.31908400007523596,0.0002910001203417778,0.054541999939829111,1.8328329999999999,22.169877,0.19687499999999999,2.7180420000000001,0.025083000000000001,24.785836,32.40079199988395,1284798.14704,1284798.1473310001
1871,5579,8193,1,1284815.0619999999,1284822.5814169999,1284849.290212,0.38324999999999998,0.29108400014229119,0,2.6398749998770654,1.8129999999999999,21.642251999999999,0.19629199999999999,2.6069170000000002,0.023625,26.760128000000002,34.228212000103667,1284822.9136260001,1284822.9136260001
1872,5582,8193,1,1284840.0789999999,1284849.4214620001,1284873.245381,0.44770900000000002,0.31966599985025823,0.00058300001546740532,0.0099169998429715633,1.8092079999999999,21.361377000000001,0.19600000000000001,2.6710829999999999,0.027708,23.911128000000001,33.166381000075489,1284849.7819620001,1284849.7825450001
1873,5585,8193,1,1284865.05,1284873.3419220001,1284897.9632580001,0.45295800000000003,0.35495899990200996,0.00029199989512562752,0.056000000098720193,1.813291,22.068086000000001,0.19745799999999999,2.6684589999999999,0.023333,24.677043999999999,32.913258000044152,1284873.7394640001,1284873.739756
1874,5588,8193,1,1284890.078,1284898.0953830001,1284922.865761,0.450625,0.32229199982248247,0.00029200012795627117,0.055707999970763922,1.8080419999999999,22.258251999999999,0.19745799999999999,2.5593750000000002,0.021000000000000001,24.856711000000001,32.787760999985039,1284898.4593829999,1284898.459675
1875,5591,8193,1,1284915.0819999999,1284922.9544269999,1284947.5830550001,0.42058400000000001,0.33279200014658272,0.00029099988751113415,0.054541999939829111,1.7966660000000001,22.118252999999999,0.19570899999999999,2.7673329999999998,0.021583999999999999,24.674128,32.501055000117049,1284923.3295110001,1284923.329802
1876,5594,8193,1,1284940.0870000001,1284947.712846,1284972.2525160001,0.42233399999999999,0.29399999999441206,0.00029099988751113415,0.055124999955296516,1.826417,22.038627000000002,0.19687499999999999,2.7466249999999999,0.021291999999999998,24.62717,32.165516000008211,1284948.0476800001,1284948.047971
1877,5595,8193,1,1284948.4140000001,1284972.2997659999,1284999.7878930001,0.37187500000000001,0.32258300017565489,0.00029200012795627117,2.700834000017494,1.8097909999999999,22.359461,0.19658400000000001,2.6614580000000001,0.022457999999999999,27.492211000000001,51.373892999952659,1284972.6675569999,1284972.6678490001
1878,5600,8193,1,1284990.078,1284999.95881,1285024.6411039999,0.46579199999999998,0.29720799997448921,0.00029199989512562752,0.05629199999384582,1.806875,22.205459999999999,0.18812499999999999,2.6982089999999999,0.019833,24.810918999999998,34.563103999942541,1285000.296268,1285000.2965599999
1879,5603,8193,1,1285015.078,1285024.688937,1285049.2557320001,0.38441700000000001,0.3374590000603348,0,0.05133299995213747,1.8109580000000001,22.035128,0.199791,2.8490000000000002,0.021000000000000001,24.571169999999999,34.177732000127435,1285025.0692710001,1285025.0692710001
1880,5606,8193,1,1285040.0789999999,1285049.383773,1285075.562901,0.44508300000000001,0.31587500008754432,0.00029200012795627117,2.7364169999491423,1.803958,21.037044000000002,0.19629099999999999,2.6944170000000001,0.021874999999999999,26.266335999999999,35.48390100011602,1285049.741648,1285049.7419400001
1881,5609,8193,1,1285065.047,1285075.647776,1285100.843112,0.34825,0.26512499991804361,0.00029200012795627117,0.61045799986459315,1.771876,22.218294,0.198625,4.5727510000000002,0.021000000000000001,25.238211,35.796112000010908,1285075.953151,1285075.9534430001
1882,5612,8193,1,1285090.078,1285101.018987,1285125.7324890001,0.48300100000000001,0.35583300003781915,0.0002910001203417778,0.054541999939829111,1.8328329999999999,22.152961000000001,0.19483300000000001,2.7556669999999999,0.021874999999999999,24.799835999999999,35.654489000095055,1285101.4156539999,1285101.415945
1883,5615,8193,1,1285115.0789999999,1285125.8339889999,1285150.922575,0.40920800000000002,0.31441700016148388,0.00029199989512562752,0.013999999966472387,1.810667,22.62021,0.19745799999999999,2.7941669999999998,0.021291999999999998,25.142251999999999,35.843575000064448,1285126.1895310001,1285126.189823
1884,5618,8193,1,1285140.0789999999,1285151.054117,1285175.7407859999,0.42787500000000001,0.30129200010560453,0.00029199989512562752,0.055416000075638294,1.8132919999999999,22.193210000000001,0.19833300000000001,2.8312080000000002,0.021874999999999999,24.771543999999999,35.661786000011489,1285151.3971170001,1285151.397409
1885,5621,8193,1,1285165.0789999999,1285175.8419939999,1285200.9250390001,0.408916,0.31441700016148388,0.00029200012795627117,0.01487499987706542,1.806292,22.614084999999999,0.19950000000000001,2.8043749999999998,0.021583000000000001,25.136419,35.846039000200108,1285176.1972439999,1285176.1975360001
1886,5624,8193,1,1285190.0789999999,1285201.0522050001,1285225.671208,0.43575000000000003,0.31004199991002679,0,0.055416999850422144,1.8328340000000001,22.100169000000001,0.19541700000000001,2.7556669999999999,0.021874999999999999,24.703002999999999,35.592208000132814,1285201.4042470001,1285201.4042470001
1887,5627,8193,1,1285215.0789999999,1285225.767458,1285250.37946,0.39345799999999997,0.29983299993909895,0.00029200012795627117,0.010499999858438969,1.848875,22.163169,0.19687499999999999,2.6920839999999999,0.021874999999999999,24.664501999999999,35.300460000056773,1285226.1084159999,1285226.108708
1888,5630,8193,1,1285240.058,1285250.5069180001,1285274.171296,0.41241699999999998,0.28641699999570847,0.00029199989512562752,0.054250000044703484,1.815625,21.179376999999999,0.19891700000000001,2.7708339999999998,0.021583000000000001,23.749835999999998,34.113296000054106,1285250.833877,1285250.8341689999
1889,5633,8193,1,1285265.0819999999,1285274.260546,1285299.051923,0.41941699999999998,0.32987500005401671,0.0002910001203417778,0.053666999796405435,1.8124169999999999,22.270793999999999,0.19716700000000001,2.7084169999999999,0.021874999999999999,24.837751999999998,33.969923000084236,1285274.633588,1285274.6338790001
1890,5636,8193,1,1285290.0889999999,1285299.1881319999,1285323.897843,0.43808399999999997,0.30858299997635186,0.00029099988751113415,0.010500000091269612,1.8165,22.249210999999999,0.197459,2.5940840000000001,0.021583999999999999,24.798670000000001,33.808843000093475,1285299.5372570001,1285299.537548
1891,5639,8193,1,1285315.0819999999,1285323.992634,1285348.324637,0.41475000000000001,0.32199999992735684,0.00058300001546740532,0.055708999978378415,1.827291,21.799461000000001,0.19833300000000001,2.7693750000000001,0.021291999999999998,24.383336,33.24263700004667,1285324.3560510001,1285324.3566340001
1892,5642,8193,1,1285340.0630000001,1285348.453553,1285372.7814720001,0.46229100000000001,0.33454199996776879,0,0.053666999796405435,1.836042,21.826001999999999,0.19891600000000001,2.719792,0.022749999999999999,24.413959999999999,32.718471999978647,1285348.8300950001,1285348.8300950001
1893,5645,8193,1,1285365.094,1285372.863139,1285396.879558,0.41037499999999999,0.31354200001806021,0,0.049875000026077032,1.8322499999999999,21.549793999999999,0.19833300000000001,2.7160000000000002,0.0055420000000000001,24.060752000000001,31.785557999974117,1285373.2294719999,1285373.2294719999
1894,5647,8193,1,1285381.7139999999,1285396.9446,1285421.363811,0.41008299999999998,0.32550000003539026,0.00029200012795627117,0.053957999916747212,1.7992919999999999,21.927793999999999,0.19629099999999999,2.8399589999999999,0.011667,24.462961,39.649811000097543,1285397.3109329999,1285397.3112250001
1895,5650,8193,1,1285406.7109999999,1285421.4854359999,1285446.0627299999,0.45033299999999998,0.32200000016018748,0.00029200012795627117,0.05424999981187284,1.806583,22.131668999999999,0.19687499999999999,2.799417,0.012541999999999999,24.664501999999999,39.351729999994859,1285421.848269,1285421.8485610001
1896,5653,8193,1,1285431.7479999999,1285446.1455630001,1285470.7765240001,0.39229199999999997,0.30624999990686774,0,0.010500000091269612,1.789083,22.209835999999999,0.19425000000000001,2.610417,0.014,24.676461,39.028524000197649,1285446.4926469999,1285446.4926469999
1897,5656,8193,1,1285456.7479999999,1285470.8966910001,1285497.6247350001,0.48649999999999999,0.35845800000242889,0,2.7442920000758022,1.797542,21.544252,0.19775000000000001,2.6629170000000002,0.014583,26.814086,40.87673500017263,1285471.297149,1285471.297149
1898,5660,8193,1,1285490.0819999999,1285497.7472349999,1285525.045196,0.41620800000000002,0.28495800006203353,0.00029200012795627117,2.7054999999236315,1.801625,22.214794000000001,0.19716700000000001,2.6247090000000002,0.022749999999999999,27.388669,34.963196000084281,1285498.0727349999,1285498.0730270001
1899,5663,8193,1,1285515.081,1285525.1364879999,1285549.769782,0.37654100000000001,0.28758300002664328,0.00029199989512562752,0.054541999939829111,1.8141670000000001,22.150335999999999,0.198625,2.6363750000000001,0.021291999999999998,24.681419000000002,34.688781999982893,1285525.4649040001,1285525.4651959999
1900,5666,8193,1,1285540.0800000001,1285549.9027819999,1285573.7465339999,0.47337499999999999,0.33979200012981892,0.00029199989512562752,0.056875000009313226,1.8237909999999999,21.304794000000001,0.18725,2.6938339999999998,0.020125000000000001,23.933002999999999,33.666533999843523,1285550.2866150001,1285550.286907
1901,5669,8193,1,1285565.0700000001,1285573.841909,1285598.576412,0.41270899999999999,0.31791700003668666,0,0.052790999878197908,1.8208759999999999,22.216835,0.19891700000000001,2.744583,0.021000000000000001,24.787877999999999,33.506411999929696,1285574.2012430001,1285574.2012430001
1902,5672,8193,1,1285590.0800000001,1285598.704745,1285621.008497,0.45441700000000002,0.32725000008940697,0,0.054541000165045261,1.827583,19.765377000000001,0.198042,2.642792,0.021291000000000001,22.387751999999999,30.928496999898925,1285599.0754539999,1285599.0754539999
1903,5673,8193,1,1285598.415,1285621.055747,1285643.0094999999,0.38616699999999998,0.33862499985843897,0,0.05133299995213747,1.82175,19.413919,0.19687499999999999,2.6672920000000002,0.022166999999999999,21.957836,44.594499999890104,1285621.437831,1285621.437831
1904,5677,8193,1,1285631.706,1285643.135208,1285667.258377,0.479209,0.35466700000688434,0.00029200012795627117,0.05629199999384582,1.7861670000000001,21.596169,0.199208,2.5418759999999998,0.021291000000000001,24.204836,35.552376999985427,1285643.5330409999,1285643.533333
1905,5680,8193,1,1285656.747,1285667.3479190001,1285690.813963,0.41154200000000002,0.32579099992290139,0.00029200012795627117,0.05133299995213747,1.817375,20.944877000000002,0.19833300000000001,2.7291249999999998,0.020417000000000001,23.511253,34.06696299999021,1285667.714252,1285667.7145440001
1906,5683,8193,1,1285681.747,1285690.942296,1285715.7902569999,0.451208,0.32637499994598329,0.00029199989512562752,0.053666000021621585,1.8179590000000001,22.329127,0.19658300000000001,2.7454580000000002,0.021874999999999999,24.932544,34.043256999924779,1285691.308921,1285691.3092129999
1907,5686,8193,1,1285706.7150000001,1285715.884757,1285742.9199260001,0.40104200000000001,0.30887499987147748,0.00029199989512562752,2.5943750001024455,1.8165,21.988752999999999,0.19600000000000001,2.5608339999999998,0.019833,27.086210999999999,36.204925999976695,1285716.2347570001,1285716.235049
1908,5689,8193,1,1285731.7479999999,1285743.0520510001,1285767.5823870001,0.438666,0.30799999996088445,0.00029200012795627117,0.052791999885812402,1.8001670000000001,22.043002000000001,0.197459,2.6614580000000001,0.021583000000000001,24.619001999999998,35.834387000184506,1285743.4020509999,1285743.4023430001
1909,5692,8193,1,1285756.7479999999,1285767.6713449999,1285792.362681,0.416792,0.32841700012795627,0.00058300001546740532,0.053084000013768673,1.8243750000000001,22.154419000000001,0.19775000000000001,2.6885840000000001,0.021874999999999999,24.736543999999999,35.6146810001228,1285768.042929,1285768.043512
1910,5695,8193,1,1285781.747,1285792.539723,1285817.401975,0.45587499999999997,0.32958299992606044,0.00029199989512562752,0.056875000009313226,1.8188340000000001,22.335252000000001,0.19570799999999999,2.6404589999999999,0.021583999999999999,24.946836000000001,35.654975000070408,1285792.9107230001,1285792.911015
1911,5698,8193,1,1285806.747,1285817.4967670001,1285842.4252279999,0.403667,0.31091700005345047,0.00029200012795627117,0.055124999955296516,1.8147500000000001,22.427419,0.19629099999999999,2.7221250000000001,0.021291999999999998,24.980378000000002,35.678227999946102,1285817.848517,1285817.8488090001
1912,5701,8193,1,1285831.746,1285842.5561859999,1285869.5388559999,0.42787500000000001,0.29837500001303852,0.00029199989512562752,2.601083000190556,1.807167,21.999251999999998,0.19745799999999999,2.5684170000000002,0.022459,27.070753,37.792855999898165,1285842.895978,1285842.8962699999
1913,5704,8193,1,1285856.7509999999,1285869.6219810001,1285895.4350670001,0.40162500000000001,0.31499999994412065,0.00029200012795627117,2.689166999887675,1.811542,20.734293000000001,0.19716700000000001,2.6080830000000002,0.010208,25.856836000000001,38.684067000169307,1285869.9795639999,1285869.979856
1914,5707,8193,1,1285881.7490000001,1285895.5558170001,1285919.7764020001,0.418541,0.29254099982790649,0.00029200012795627117,0.049292000010609627,1.8240829999999999,21.737627,0.19600000000000001,2.722709,0.015458,24.30546,38.027402000036091,1285895.8894829999,1285895.889775
1915,5710,8193,1,1285906.7479999999,1285919.8592360001,1285944.2265300001,0.38179200000000002,0.29079100000672042,0.00029199989512562752,0.05512500018812716,1.8100830000000001,21.887836,0.19483300000000001,2.7244579999999998,0.023916,24.416585999999999,37.47853000019677,1285920.191444,1285920.1917359999
1916,5713,8193,1,1285931.7490000001,1285944.3542800001,1285969.0610740001,0.463167,0.33512499998323619,0.00058300001546740532,0.055124999955296516,1.8302080000000001,22.161127,0.198042,2.6389999999999998,0.023333,24.792543999999999,37.312074000015855,1285944.7316970001,1285944.7322800001
1917,5716,8193,1,1285956.7320000001,1285969.155574,1285993.711285,0.39491700000000002,0.30158299999311566,0.0002910001203417778,0.010499999858438969,1.8421670000000001,22.111836,0.19600000000000001,2.7160000000000002,0.021583000000000001,24.607336,36.979284999892116,1285969.498866,1285969.4991570001
1918,5719,8193,1,1285981.7479999999,1285993.8393270001,1286018.4542459999,0.41299999999999998,0.28612499986775219,0.00029199989512562752,0.055707999970763922,1.8194170000000001,22.124376999999999,0.19775000000000001,2.767042,0.021291999999999998,24.700378000000001,36.706246000016108,1285994.1668680001,1285994.16716
1919,5722,8193,1,1286006.75,1286018.5499120001,1286042.9265399999,0.39695799999999998,0.30012499983422458,0.00058300001546740532,0.054250000044703484,1.8243750000000001,21.872377,0.19600000000000001,2.6734170000000002,0.020709000000000002,24.431169000000001,36.176539999898523,1286018.8923289999,1286018.892912
1920,5725,8193,1,1286031.7479999999,1286043.0554559999,1286067.7021669999,0.46054200000000001,0.33075000019744039,0.00029099988751113415,0.063291999977082014,1.7934589999999999,22.127293999999999,0.200958,2.566084,0.020125000000000001,24.732168999999999,35.95416700001806,1286043.4305400001,1286043.430831
1921,5728,8193,1,1286056.75,1286067.791709,1286091.4018359999,0.40775,0.32258299994282424,0.00029199989512562752,0.054833000060170889,1.8261259999999999,21.08371,0.20008300000000001,2.7273749999999999,0.021583000000000001,23.655044,34.651835999917239,1286068.154542,1286068.1548339999
1922,5731,8193,1,1286081.7139999999,1286091.532503,1286117.5634639999,0.433417,0.30508300010114908,0.0002910001203417778,1.354209000011906,1.778875,22.260002,0.20008300000000001,4.4616249999999997,0.021291999999999998,26.118461,35.849463999969885,1286091.87842,1286091.8787110001
1923,5734,8193,1,1286106.7490000001,1286117.6570890001,1286142.3650499999,0.42845800000000001,0.33687499980442226,0.00029200012795627117,0.052499999990686774,1.8334170000000001,22.161127,0.193666,2.7136670000000001,0.021583999999999999,24.758419,35.616049999836832,1286118.0350889999,1286118.035381
1924,5737,8193,1,1286131.7490000001,1286142.501841,1286167.103052,0.45441700000000002,0.31850000005215406,0.0002910001203417778,0.05629199999384582,1.8226249999999999,22.078002000000001,0.19716700000000001,2.7034590000000001,0.021583000000000001,24.696294000000002,35.354051999980584,1286142.861175,1286142.8614660001
1925,5740,8193,1,1286156.713,1286167.193469,1286191.7964300001,0.42845800000000001,0.33716699993237853,0.00029199989512562752,0.056290999986231327,1.788208,22.091711,0.19687499999999999,2.8122500000000001,0.021000000000000001,24.648752000000002,35.083430000115186,1286167.5758440001,1286167.576136
1926,5743,8193,1,1286181.7490000001,1286191.9241800001,1286215.859224,0.45237500000000003,0.3269579999614507,0,0.052499999990686774,1.8293330000000001,21.452669,0.19600000000000001,2.7119170000000001,0.021874999999999999,24.019044000000001,34.110223999945447,1286192.2925549999,1286192.2925549999
1927,5746,8193,1,1286206.7490000001,1286215.951682,1286239.508435,0.40395799999999998,0.31820899993181229,0.00029199989512562752,0.010500000091269612,1.798708,21.103836000000001,0.19454199999999999,2.601667,0.021291999999999998,23.601960999999999,32.759434999898076,1286216.3104320001,1286216.310724
1928,5749,8193,1,1286231.736,1286239.64231,1286264.3514370001,0.45674999999999999,0.32404099986888468,0.00029199989512562752,0.052208000095561147,1.808333,22.195834999999999,0.19658300000000001,2.6436670000000002,0.023333,24.800419000000002,32.615437000058591,1286240.007768,1286240.0080599999
1929,5752,8193,1,1286256.723,1286264.4450620001,1286288.7327310001,0.40075,0.30537499999627471,0.00029200012795627117,0.054540999932214618,1.820875,21.815211000000001,0.20066600000000001,2.800875,0.029458000000000002,24.341044,32.00973100005649,1286264.792437,1286264.7927290001
1930,5754,8193,1,1286273.426,1286288.8698140001,1286313.0335250001,0.37187500000000001,0.2802919999230653,0.00029199989512562752,0.054541000165045261,1.8232090000000001,21.731794000000001,0.19775000000000001,2.6410420000000001,0.011083000000000001,24.213001999999999,39.607525000115857,1286289.192398,1286289.1926899999
1931,5757,8193,1,1286298.4180000001,1286313.1749839999,1286340.6599030001,0.47045799999999999,0.33920800010673702,0.00058400002308189869,2.7451669999863952,1.803666,22.274003,0.19950000000000001,2.663208,0.011958,27.573585999999999,42.241903000045568,1286313.5567749999,1286313.557359
1932,5761,8193,1,1286331.7490000001,1286340.7780279999,1286364.8787390001,0.41358400000000001,0.28845800017006695,0.00029099988751113415,0.051625000080093741,1.801625,21.638169000000001,0.19687499999999999,2.6579579999999998,0.019542,24.185586000000001,33.129738999996334,1286341.106445,1286341.1067359999
1933,5764,8193,1,1286356.7579999999,1286364.9665300001,1286389.635116,0.41358400000000001,0.32608399982564151,0.00029099988751113415,0.054542000172659755,1.805417,22.157043999999999,0.19775000000000001,2.8029169999999999,0.021291000000000001,24.714669000000001,32.877116000046954,1286365.334031,1286365.3343219999
1934,5767,8193,1,1286381.74,1286389.761408,1286414.5539520001,0.449459,0.32229200005531311,0.0002910001203417778,0.053084000013768673,1.8141670000000001,22.277501999999998,0.19687499999999999,2.7265000000000001,0.021583000000000001,24.876836000000001,32.813952000113204,1286390.1265749999,1286390.126866
1935,5770,8193,1,1286406.7590000001,1286414.641452,1286439.2511209999,0.39929199999999998,0.31441699992865324,0.0002910001203417778,0.054250000044703484,1.8316669999999999,22.089086000000002,0.19745799999999999,2.7381660000000001,0.021874999999999999,24.654001999999998,32.492120999842882,1286414.9964109999,1286414.996702
1936,5773,8193,1,1286431.7490000001,1286439.3864549999,1286465.977707,0.42641699999999999,0.29458300000987947,0.00029099988751113415,2.627917000092566,1.8042499999999999,21.567585999999999,0.19950000000000001,2.5803759999999998,0.022749999999999999,26.679919000000002,34.228706999914721,1286439.7242050001,1286439.724496
1937,5776,8193,1,1286456.7490000001,1286466.130541,1286490.585918,0.37537500000000001,0.28174999984912574,0.00029199989512562752,0.055416000075638294,1.8036669999999999,21.987877000000001,0.19570799999999999,2.768208,0.021291999999999998,24.508168999999999,33.836917999899015,1286466.453124,1286466.4534159999
1938,5779,8193,1,1286481.76,1286490.7162929999,1286514.841212,0.44391700000000001,0.31354200001806021,0.00029200012795627117,0.053666000021621585,1.820584,21.611919,0.19600000000000001,2.772875,0.021000000000000001,24.213585999999999,33.081211999990046,1286491.0715429999,1286491.0718350001
1939,5782,8193,1,1286506.7420000001,1286514.932212,1286539.5558809999,0.41854200000000003,0.32725000008940697,0.00058300001546740532,0.051041999831795692,1.82175,22.092586000000001,0.19833300000000001,2.7550840000000001,0.021000000000000001,24.670627,32.813880999805406,1286515.3037960001,1286515.3043790001
1940,5785,8193,1,1286531.75,1286539.6842149999,1286564.1527170001,0.44566699999999998,0.31937500019557774,0.0002910001203417778,0.053666999796405435,1.8188329999999999,21.948502000000001,0.19745799999999999,2.6987920000000001,0.022166000000000002,24.552502,32.40271700010635,1286540.04559,1286540.0458810001
1941,5788,8193,1,1286556.7490000001,1286564.2413840001,1286589.093136,0.40075,0.31412500003352761,0.00029200012795627117,0.055416999850422144,1.8141670000000001,22.346043999999999,0.197459,2.664666,0.021291999999999998,24.897252999999999,32.344135999912396,1286564.5963419999,1286564.5966340001
1942,5791,8193,1,1286581.7490000001,1286589.2261359999,1286615.225014,0.433417,0.30245900014415383,0.00029099988751113415,2.6343340000603348,1.816208,20.957711,0.19366700000000001,2.5996250000000001,0.021583000000000001,26.088711,33.476013999897987,1286589.56972,1286589.5700109999
1943,5794,8193,1,1286606.75,1286615.324764,1286639.8378910001,0.393459,0.29633300006389618,0,0.055416999850422144,1.8179590000000001,22.014710000000001,0.199208,2.7509999999999999,0.021583000000000001,24.569419,33.087891000090167,1286615.6622220001,1286615.6622220001
1944,5797,8193,1,1286631.7520000001,1286639.9811,1286664.6047690001,0.43691600000000003,0.30479099997319281,0.00029199989512562752,0.054833000060170889,1.797542,22.140711,0.19658400000000001,2.5964170000000002,0.020708000000000001,24.713794,32.852768999990076,1286640.3278910001,1286640.328183
1945,5800,8193,1,1286656.76,1286664.696061,1286689.28648,0.40862500000000002,0.31966600008308887,0.00029199989512562752,0.053374999901279807,1.8319589999999999,22.061668999999998,0.19687499999999999,2.7302919999999999,0.022166999999999999,24.636793999999998,32.526480000000447,1286665.0580190001,1286665.058311
1946,5803,8193,1,1286681.7490000001,1286689.416855,1286716.1066910001,0.41825000000000001,0.29020799999125302,0,2.6118759999517351,1.8135840000000001,21.698834999999999,0.19775000000000001,2.5765829999999998,0.022166999999999999,26.777335999999998,34.357690999982879,1286689.747896,1286689.747896
1947,5806,8193,1,1286706.7220000001,1286716.247857,1286743.4276930001,0.395208,0.29983399994671345,0.00058400002308189869,2.7224169999826699,1.815042,22.066334999999999,0.20649999999999999,2.63375,0.0099159999999999995,27.228543999999999,36.705692999996245,1286716.594357,1286716.594941
1948,5809,8193,1,1286731.754,1286743.548735,1286768.020154,0.44012499999999999,0.31325000012293458,0.00029099988751113415,0.050459000049158931,1.81125,22.012961000000001,0.19775000000000001,2.7702499999999999,0.014,24.556584999999998,36.266154000069946,1286743.9036940001,1286743.903985
1949,5812,8193,1,1286756.75,1286768.1053210001,1286792.8596570001,0.38995800000000003,0.29429199988953769,0.00029199989512562752,0.054833000060170889,1.815042,22.262917999999999,0.19629199999999999,2.790667,0.021291999999999998,24.808294,36.109657000051811,1286768.441321,1286768.4416129999
1950,5815,8193,1,1286781.753,1286792.988865,1286817.653951,0.44187500000000002,0.3117919999640435,0.00029199989512562752,0.052208000095561147,1.788791,22.184753000000001,0.19775000000000001,2.8163330000000002,0.021291999999999998,24.753169,35.900950999930501,1286793.3426570001,1286793.342949
1951,5818,8193,1,1286806.7520000001,1286817.7437839999,1286842.3963279999,0.41504200000000002,0.32695899996906519,0.00029199989512562752,0.056000000098720193,1.8316669999999999,22.111543999999999,0.20008300000000001,2.6503760000000001,0.021874999999999999,24.698043999999999,35.64432799979113,1286818.113326,1286818.1136179999
1952,5821,8193,1,1286831.7520000001,1286842.526995,1286869.2509560001,0.42495899999999998,0.2954579999204725,0.0002910001203417778,2.6127509998623282,1.8083340000000001,21.686876999999999,0.19512499999999999,2.5783339999999999,0.022166999999999999,26.812628,37.498955999966711,1286842.863287,1286842.8635780001
1953,5824,8193,1,1286856.7150000001,1286869.3480809999,1286893.5625420001,0.40075100000000002,0.30916699999943376,0.0002910001203417778,0.009917000075802207,1.8042499999999999,21.767669000000001,0.19687499999999999,2.7127919999999999,0.021000000000000001,24.265502999999999,36.847542000003159,1286869.6977899999,1286869.698081
1954,5827,8193,1,1286881.75,1286893.691167,1286917.0845860001,0.45791700000000002,0.33250000001862645,0.00029199989512562752,0.054250000044703484,1.8153330000000001,20.864377000000001,0.19745799999999999,2.732917,0.021291000000000001,23.477126999999999,35.334586000069976,1286894.065375,1286894.0656669999
1955,5830,8193,1,1286906.7509999999,1286917.1785029999,1286941.785255,0.41883300000000001,0.33045800006948411,0,0.055999999865889549,1.8077510000000001,22.089668,0.19512499999999999,2.667875,0.020708000000000001,24.653419,35.034255000064149,1286917.550669,1286917.550669
1956,5833,8193,1,1286931.76,1286941.9144629999,1286964.4387159999,0.45995799999999998,0.33366700005717576,0.00029200012795627117,0.054832999827340245,1.8089170000000001,20.001919000000001,0.19716600000000001,2.6025420000000001,0.020125000000000001,22.609418999999999,32.678715999936685,1286942.289255,1286942.2895470001
1957,5836,8193,1,1286956.7109999999,1286964.5279659999,1286988.654635,0.41912500000000003,0.33162500010803342,0.00029199989512562752,0.051041000057011843,1.8290420000000001,21.585667999999998,0.198042,2.7687919999999999,0.022166999999999999,24.172460999999998,31.943635000148788,1286964.901299,1286964.9015909999
1958,5838,8193,1,1286973.4180000001,1286988.7447599999,1287013.2896789999,0.40862500000000002,0.32025000010617077,0.00029200012795627117,0.055124999955296516,1.8045420000000001,22.032211,0.19775000000000001,2.5771660000000001,0.021000000000000001,24.591294000000001,39.871678999857977,1286989.1070099999,1286989.107302
1959,5841,8193,1,1286998.419,1287013.4238460001,1287038.0352650001,0.450042,0.31645799987018108,0.00029099988751113415,0.055709000211209059,1.8208759999999999,22.088501999999998,0.19745799999999999,2.7641260000000001,0.021583000000000001,24.702418999999999,39.616265000076964,1287013.782596,1287013.7828869999
1960,5844,8193,1,1287023.4210000001,1287038.134723,1287062.5641419999,0.40658300000000003,0.30799999996088445,0,0.053957999916747212,1.8232090000000001,21.921669000000001,0.19775000000000001,2.694709,0.021000000000000001,24.486294000000001,39.143141999840736,1287038.4847230001,1287038.4847230001
1961,5847,8193,1,1287048.4010000001,1287062.7000589999,1287089.3878530001,0.43341600000000002,0.29925000015646219,0.00029199989512562752,2.6632089999038726,1.816791,21.587710999999999,0.19658300000000001,2.6284999999999998,0.021583000000000001,26.780252000000001,40.986853000009432,1287063.0410170001,1287063.041309
1962,5851,8193,1,1287081.7509999999,1287089.5211449999,1287112.8559389999,0.424958,0.29575000004842877,0.00029199989512562752,0.010207999963313341,1.812125,20.891210000000001,0.19716700000000001,2.685667,0.022166999999999999,23.423169000000001,31.104938999982551,1287089.857728,1287089.8580199999
1963,5852,8193,1,1287090.0859999999,1287112.910772,1287137.5437749999,0.41358299999999998,0.35729199997149408,0.00058300001546740532,0.053958999924361706,1.806584,22.081793999999999,0.198625,2.6629170000000002,0.021583000000000001,24.642918999999999,47.457775000017136,1287113.3144390001,1287113.3150220001
1964,5856,8193,1,1287123.419,1287137.72315,1287161.9554020001,0.46112500000000001,0.33250000001862645,0,0.055999999865889549,1.815626,21.697669000000001,0.20066600000000001,2.6672920000000002,0.020709000000000002,24.318003000000001,38.536402000114322,1287138.098525,1287138.098525
1965,5859,8193,1,1287148.4180000001,1287162.046111,1287186.7321959999,0.426709,0.3368750000372529,0,0.061250000027939677,1.8135840000000001,22.140709999999999,0.202125,2.6145,0.020709000000000002,24.733044,38.314195999875665,1287162.426152,1287162.426152
1966,5862,8193,1,1287173.419,1287186.864905,1287211.3299070001,0.47745799999999999,0.3432909999974072,0.00058300001546740532,0.054541999939829111,1.806,21.973585,0.19658400000000001,2.657667,0.029166999999999998,24.556877,37.910907000070438,1287187.250488,1287187.251071
1967,5865,8193,1,1287198.4280000001,1287211.4687409999,1287236.214035,0.38412499999999999,0.2916660001501441,0.00029200012795627117,0.055416999850422144,1.8103750000000001,22.315127,0.19629099999999999,2.786292,0.011667,24.795753000000001,37.78603499988094,1287211.802407,1287211.8026990001
1968,5868,8193,1,1287223.4199999999,1287236.3540350001,1287263.6843709999,0.473084,0.34270799998193979,0.00058300001546740532,2.7428339999169111,1.8083340000000001,22.114751999999999,0.19950000000000001,2.6608749999999999,0.011667,27.417545,40.264370999997482,1287236.73991,1287236.740493
1969,5871,8193,1,1287248.426,1287263.764579,1287288.1426649999,0.39374999999999999,0.30508300010114908,0.00029200012795627117,0.052791999885812402,1.805417,21.884626999999998,0.19658300000000001,2.715125,0.023040999999999999,24.424752999999999,39.716664999956265,1287264.111662,1287264.1119540001
1970,5874,8193,1,1287273.4280000001,1287288.2756650001,1287311.8423339999,0.45587499999999997,0.32083299988880754,0.00029199989512562752,0.054833000060170889,1.815625,21.052793999999999,0.19512499999999999,2.6745839999999999,0.024792000000000002,23.658836000000001,38.414333999855444,1287288.639373,1287288.6396649999
1971,5877,8193,1,1287298.392,1287311.9359589999,1287337.5539200001,0.39812500000000001,0.30537499999627471,0,0.95141700003296137,1.76925,22.252127000000002,0.201542,4.5196670000000001,0.026249999999999999,25.669001999999999,39.161920000100508,1287312.2830419999,1287312.2830419999
1972,5880,8193,1,1287323.419,1287337.687503,1287362.375922,0.47454099999999999,0.34212499996647239,0.00058400002308189869,0.052499999990686774,1.816208,22.150044000000001,0.19745799999999999,2.6716669999999998,0.027125,24.778835000000001,38.956922000041232,1287338.0716279999,1287338.0722119999
1973,5883,8193,1,1287348.419,1287362.4745060001,1287389.27605,0.392291,0.29633299983106554,0.00029200012795627117,2.6818750000093132,1.817958,21.681919000000001,0.19570799999999999,2.6468759999999998,0.023916,26.855793999999999,40.857049999991432,1287362.8125469999,1287362.812839
1974,5887,8193,1,1287381.7620000001,1287389.45105,1287414.0604280001,0.45850000000000002,0.29020799999125302,0.00058399979025125504,0.0099160000681877136,1.7998749999999999,22.223544,0.19483300000000001,2.7399170000000002,0.032667000000000002,24.73742,32.298427999950945,1287389.7815080001,1287389.7820919999
1975,5890,8193,1,1287406.7560000001,1287414.1400530001,1287439.0705550001,0.412416,0.32520799990743399,0.00029199989512562752,0.050458000041544437,1.792,22.444918999999999,0.19716700000000001,2.8180839999999998,0.013708,24.971627000000002,32.314555000048131,1287414.511344,1287414.5116359999
1976,5893,8193,1,1287431.7520000001,1287439.1968469999,1287463.9083080001,0.42904199999999998,0.29895800002850592,0.00029200012795627117,0.010207999963313341,1.824959,22.246002000000001,0.200375,2.711042,0.024792000000000002,24.800419999999999,32.156307999975979,1287439.5369299999,1287439.5372220001
1977,5894,8193,1,1287440.094,1287463.957308,1287488.162727,0.36458400000000002,0.31704100011847913,0.0002910001203417778,0.055708999978378415,1.8147500000000001,21.681626999999999,0.20300000000000001,2.6821670000000002,0.024500000000000001,24.210377999999999,48.068726999917999,1287464.316933,1287464.3172240001
1978,5898,8193,1,1287473.402,1287488.2939770001,1287512.0922290001,0.45295800000000003,0.32316599995829165,0.00029199989512562752,0.056000000098720193,1.797542,21.298376999999999,0.19512499999999999,2.8046669999999998,0.025375000000000002,23.885752,38.690229000058025,1287488.659435,1287488.6597269999
1979,5901,8193,1,1287498.4180000001,1287512.1893539999,1287539.356648,0.39608300000000002,0.2998330001719296,0.00029200012795627117,2.6684589998330921,1.8377920000000001,22.080335999999999,0.197459,2.6334590000000002,0.025375000000000002,27.221544000000002,40.938647999893874,1287512.531187,1287512.5314790001
1980,5905,8193,1,1287531.753,1287539.5199820001,1287566.9249849999,0.44216699999999998,0.27737499983049929,0.0002910001203417778,2.7005419998895377,1.806584,22.334959999999999,0.19716700000000001,2.6597089999999999,0.014,27.527211000000001,35.171984999906272,1287539.839649,1287539.8399400001
1981,5908,8193,1,1287556.7620000001,1287566.9629009999,1287591.403987,0.34154200000000001,0.29399999999441206,0,0.054540999932214618,1.7800419999999999,21.992543999999999,0.19658400000000001,2.8554170000000001,0.016625000000000001,24.446044000000001,34.641986999893561,1287567.2994850001,1287567.2994850001
1982,5911,8193,1,1287581.753,1287591.520362,1287616.295406,0.43691600000000003,0.31325000012293458,0.00029200012795627117,0.05308300000615418,1.8275840000000001,22.251835,0.19658400000000001,2.7413750000000001,0.025375000000000002,24.857876999999998,34.542405999964103,1287591.874445,1287591.8747370001
1983,5914,8193,1,1287606.7620000001,1287616.390198,1287641.1783670001,0.42845800000000001,0.33891699998639524,0.00029099988751113415,0.057167000137269497,1.816208,22.241336,0.199208,2.6640830000000002,0.025957999999999998,24.834835000000002,34.416366999968886,1287616.77199,1287616.7722809999
1984,5917,8193,1,1287631.763,1287641.3058249999,1287665.9647860001,0.45150000000000001,0.32725000008940697,0,0.055416999850422144,1.8331249999999999,22.118544,0.19658400000000001,2.781625,0.025666999999999999,24.74267,34.201786000048742,1287641.6733250001,1287641.6733250001
1985,5920,8193,1,1287656.757,1287666.0589950001,1287692.6762059999,0.39929199999999998,0.30654100002720952,0.00029199989512562752,2.6290830001235008,1.8097920000000001,21.544836,0.19775000000000001,2.5952500000000001,0.024500000000000001,26.668545000000002,35.919205999933183,1287666.406953,1287666.4072449999
1986,5923,8193,1,1287681.754,1287692.8127059999,1287716.4365409999,0.434,0.30391600006259978,0.00029099988751113415,0.010208999970927835,1.806875,21.224001999999999,0.19541700000000001,2.709292,0.025375000000000002,23.713085,34.682540999958292,1287693.1574560001,1287693.157747
1987,5926,8193,1,1287706.754,1287716.5257910001,1287739.369127,0.44450000000000001,0.35262499982491136,0.00029099988751113415,0.025374999968335032,1.7978339999999999,20.353086000000001,0.19716600000000001,2.7145419999999998,0.013708,22.892334999999999,32.615127000026405,1287716.9210000001,1287716.921291
1988,5929,8193,1,1287731.713,1287739.4951269999,1287764.2500459999,0.47687499999999999,0.33600000012665987,0.00029099988751113415,0.009917000075802207,1.806,22.266127000000001,0.19629199999999999,2.7180420000000001,0.025083000000000001,24.843876999999999,32.537045999895781,1287739.883044,1287739.8833349999
1989,5932,8193,1,1287756.7350000001,1287764.3480460001,1287788.5712570001,0.41562500000000002,0.32054199976846576,0.00029199989512562752,0.055417000083252788,1.824667,21.693584999999999,0.19600000000000001,2.714251,0.025375000000000002,24.276878,31.836256999988109,1287764.710004,1287764.7102959999
1990,5934,8193,1,1287773.4210000001,1287788.6645899999,1287813.112093,0.41387499999999999,0.32462500012479722,0.00029199989512562752,0.053667000029236078,1.822041,21.913211,0.19950000000000001,2.6617500000000001,0.025083999999999999,24.493877999999999,39.691092999884859,1287789.0320900001,1287789.032382
1991,5937,8193,1,1287798.4199999999,1287813.2506339999,1287837.9317620001,0.46929100000000001,0.33104200009256601,0.00029200012795627117,0.055999999865889549,1.805709,22.159085000000001,0.19775000000000001,2.6392920000000002,0.025083000000000001,24.776502000000001,39.511762000154704,1287813.6242589999,1287813.6245510001
1992,5940,8193,1,1287823.3840000001,1287838.079345,1287862.712639,0.390542,0.30041699996218085,0.00029200012795627117,0.054250000044703484,1.817958,22.139835000000001,0.19570899999999999,2.6355,0.025083999999999999,24.682293999999999,39.328638999955729,1287838.4208869999,1287838.4211790001
1993,5943,8193,1,1287848.4210000001,1287862.8456389999,1287887.561183,0.39433400000000002,0.27037500008009374,0.0002910001203417778,0.012833999935537577,1.787625,22.310752000000001,0.198625,2.6492079999999998,0.025083000000000001,24.798669,39.140182999894023,1287863.1568479999,1287863.157139
1994,5946,8193,1,1287873.422,1287887.652767,1287914.482603,0.43604199999999999,0.34649999998509884,0.00029199989512562752,2.6177079998888075,1.806,21.769711000000001,0.19716600000000001,2.5363329999999999,0.025083999999999999,26.878544999999999,41.060602999990806,1287888.0401000001,1287888.040392
1995,5950,8193,1,1287906.754,1287914.647686,1287939.21098,0.424958,0.26308399997651577,0.00058400002308189869,0.012832999927923083,1.774208,22.234335999999999,0.19745799999999999,2.7836669999999999,0.025957999999999998,24.685502,32.456980000017211,1287914.950436,1287914.95102
1996,5953,8193,1,1287931.754,1287939.2591049999,1287962.1540659999,0.36020799999999997,0.30770900007337332,0.00029199989512562752,0.025957999983802438,1.8316669999999999,20.411709999999999,0.19687499999999999,2.7291249999999998,0.014583,22.904001999999998,30.400065999943763,1287939.6102720001,1287939.610564
1997,5955,8193,1,1287948.4269999999,1287962.2342739999,1287989.49636,0.41037499999999999,0.32083400012925267,0.00058300001546740532,2.7384589998982847,1.816791,22.056711,0.19541700000000001,2.6445419999999999,0.023917000000000001,27.308752999999999,41.06936000008136,1287962.597691,1287962.598274
1998,5959,8193,1,1287981.733,1287989.6611520001,1288014.1909050001,0.44508300000000001,0.28145799995400012,0.00029199989512562752,0.052208000095561147,1.777709,22.08821,0.19775000000000001,2.8090419999999998,0.024209000000000001,24.651378000000001,32.457905000075698,1287989.9849020001,1287989.9851939999
1999,5962,8193,1,1288006.74,1288014.23728,1288039.021074,0.369834,0.32433299999684095,0.00029199989512562752,0.054542000172659755,1.8135829999999999,22.267002000000002,0.19687499999999999,2.682458,0.024500000000000001,24.787877999999999,32.281074000056833,1288014.603321,1288014.6036129999
2000,5964,8193,1,1288023.4210000001,1288039.1170320001,1288064.2213679999,0.46462500000000001,0.37362500000745058,0.00029199989512562752,0.0078750001266598701,1.824667,22.570919,0.19658300000000001,2.690334,0.023917000000000001,25.153335999999999,40.800367999821901,1288039.532657,1288039.5329489999
2001,5968,8193,1,1288056.754,1288064.3523260001,1288088.9789120001,0.43954199999999999,0.31062499992549419,0.00029199989512562752,0.054540999932214618,1.836042,22.104544000000001,0.19629099999999999,2.700542,0.024208,24.713211000000001,32.224912000121549,1288064.7052430001,1288064.705535
2002,5969,8193,1,1288065.0900000001,1288089.026454,1288112.986581,0.31820799999999999,0.27037500008009374,0.00029199989512562752,0.01195800001733005,1.7905420000000001,21.595002000000001,0.19687499999999999,2.7066669999999999,0.025666000000000001,23.964794000000001,47.896580999949947,1288089.339995,1288089.3402869999
2003,5973,8193,1,1288098.4210000001,1288113.114914,1288136.888084,0.44537500000000002,0.31733400002121925,0.00029199989512562752,0.054833000060170889,1.825834,21.243835000000001,0.199209,2.7679170000000002,0.023917000000000001,23.859210999999998,38.467083999887109,1288113.4745390001,1288113.474831
2004,5976,8193,1,1288123.423,1288136.9825840001,1288160.2794610001,0.39783400000000002,0.3030409999191761,0.0002910001203417778,0.061834000051021576,1.804541,20.796126999999998,0.19775100000000001,2.6416249999999999,0.024500000000000001,23.349086,36.856461000163108,1288137.3282089999,1288137.3285000001
2005,5979,8193,1,1288148.4240000001,1288160.4104190001,1288185.0973799999,0.47395799999999999,0.34154199995100498,0.00058400002308189869,0.054540999932214618,1.820292,22.14246,0.19745799999999999,2.7501259999999998,0.024792000000000002,24.776793999999999,36.67337999981828,1288160.7945439999,1288160.795128
2006,5982,8193,1,1288173.4240000001,1288185.187505,1288209.8951739999,0.39024999999999999,0.30099999997764826,0.00029200012795627117,0.05308300000615418,1.7995840000000001,22.220044000000001,0.19483400000000001,2.5316670000000001,0.032958000000000001,24.754335999999999,36.47117399983108,1288185.5310879999,1288185.5313800001
2007,5985,8193,1,1288198.4210000001,1288210.0270080001,1288234.697343,0.42466700000000002,0.29808299988508224,0.00029099988751113415,0.055708999978378415,1.8159160000000001,22.172794,0.198625,2.7635420000000002,0.024209000000000001,24.755502,36.276342999888584,1288210.3665080001,1288210.366799
2008,5988,8193,1,1288223.425,1288234.78776,1288259.253054,0.39374999999999999,0.30595800001174212,0,0.05512500018812716,1.824084,21.999544,0.198042,2.7078340000000001,0.026542,24.511377,35.828053999925032,1288235.1357179999,1288235.1357179999
2009,5991,8193,1,1288248.422,1288259.375554,1288286.4888899999,0.43516700000000003,0.3129590000025928,0.00029200012795627117,2.5640409998595715,1.8001670000000001,22.153544,0.198042,2.5383749999999998,0.013416000000000001,27.195585999999999,38.066889999900013,1288259.728471,1288259.7287630001
2010,5994,8193,1,1288273.3929999999,1288286.5781400001,1288311.085434,0.38908300000000001,0.29283399996347725,0.00029200012795627117,0.053957999916747212,1.8278749999999999,22.01296,0.19658400000000001,2.743417,0.01575,24.562709999999999,37.692434000084177,1288286.9118069999,1288286.9120990001
2011,5997,8193,1,1288298.423,1288311.2064759999,1288334.6521030001,0.40454200000000001,0.2753330001141876,0.0002910001203417778,0.055124999955296516,1.8270010000000001,20.957709999999999,0.19745799999999999,2.715125,0.024208,23.534002000000001,36.229103000136092,1288311.5226429999,1288311.522934
2012,6000,8193,1,1288323.3940000001,1288334.742228,1288359.310481,0.41154099999999999,0.32199999992735684,0.00029200012795627117,0.05629199999384582,1.8305,22.038917999999999,0.19220899999999999,2.7384580000000001,0.025083000000000001,24.614919,35.916480999905616,1288335.1071029999,1288335.1073950001
2013,6003,8193,1,1288348.422,1288359.445231,1288383.509483,0.436334,0.30595800001174212,0.0002910001203417778,0.01079199998639524,1.820292,21.631461000000002,0.19833300000000001,2.7305839999999999,0.025083000000000001,24.152044,35.087483000010252,1288359.7937729999,1288359.794064
2014,6006,8193,1,1288373.4140000001,1288383.6010670001,1288408.0882359999,0.36604199999999998,0.27708299993537366,0,0.052499999990686774,1.8182499999999999,22.01296,0.19512499999999999,2.733501,0.024208,24.535294,34.674235999817029,1288383.9189830001,1288383.9189830001
2015,6009,8193,1,1288398.422,1288408.2197769999,1288432.958655,0.43312499999999998,0.30187500012107193,0.0002910001203417778,0.054834000067785382,1.82175,22.236961000000001,0.19454199999999999,2.6734170000000002,0.024792000000000002,24.829294000000001,34.536654999945313,1288408.5624859999,1288408.562777
2016,6012,8193,1,1288423.422,1288433.0467379999,1288457.655241,0.38995800000000003,0.3010000002104789,0.00029199989512562752,0.05629199999384582,1.8051250000000001,22.121168999999998,0.193666,2.6395840000000002,0.024500000000000001,24.653711000000001,34.233240999979898,1288433.3914880001,1288433.3917799999
2017,6015,8193,1,1288448.423,1288457.784157,1288482.436702,0.41533399999999998,0.29079200001433492,0,0.054250000044703484,1.826708,22.200793999999998,0.19454199999999999,2.6987920000000001,0.025375000000000002,24.736545,34.01370200002566,1288458.115491,1288458.115491
2018,6018,8193,1,1288473.3910000001,1288482.5215769999,1288509.2230789999,0.37012499999999998,0.28466600016690791,0.00029199989512562752,2.7183340000919998,1.806875,21.609877000000001,0.199208,2.6932510000000001,0.013417,26.745545,35.832078999839723,1288482.8473680001,1288482.84766
2019,6021,8193,1,1288498.422,1288509.3496630001,1288532.670165,0.40804099999999999,0.28583299997262657,0.00029199989512562752,0.009917000075802207,1.783542,20.923584999999999,0.199208,2.8411249999999999,0.020125000000000001,23.402752,34.248164999997243,1288509.675454,1288509.6757459999
2020,6024,8193,1,1288523.4040000001,1288532.804915,1288557.5335840001,0.35641699999999998,0.27066699997521937,0,0.013125000055879354,1.8328340000000001,22.282751999999999,0.19716700000000001,2.696167,0.024792000000000002,24.774460999999999,34.129583999980241,1288533.115832,1288533.115832
2021,6027,8193,1,1288548.423,1288557.666584,1288582.325837,0.41299999999999998,0.28233300009742379,0.0002910001203417778,0.055124999955296516,1.814751,22.184753000000001,0.19600000000000001,2.71075,0.024208,24.749085999999998,33.902837000088766,1288557.989751,1288557.9900420001
2022,6030,8193,1,1288573.432,1288582.4217950001,1288607.0918389999,0.38412499999999999,0.29516699980013072,0.0002910001203417778,0.012833999935537577,1.8004579999999999,22.234627,0.19716700000000001,2.7973750000000002,0.024791000000000001,24.718751999999999,33.659838999854401,1288582.757212,1288582.7575030001
2023,6033,8193,1,1288598.406,1288607.2175469999,1288631.872425,0.44070799999999999,0.31587500008754432,0,0.055416000075638294,1.8092090000000001,22.145669000000002,0.19658400000000001,2.6410420000000001,0.024208,24.737418999999999,33.466424999991432,1288607.5760059999,1288607.5760059999
2024,6036,8193,1,1288623.4269999999,1288631.961383,1288656.619469,0.420875,0.33308400004170835,0.00058300001546740532,0.055124999955296516,1.8086249999999999,22.129919000000001,0.19745799999999999,2.6022509999999999,0.024792000000000002,24.703876999999999,33.192469000117853,1288632.336467,1288632.33705
2025,6039,8193,1,1288648.436,1288656.750427,1288681.31168,0.44129200000000002,0.31033400003798306,0,0.053374999901279807,1.804834,22.066044000000002,0.19570799999999999,2.595542,0.024792000000000002,24.651378000000001,32.875680000055581,1288657.101886,1288657.101886
2026,6042,8193,1,1288673.423,1288681.4018049999,1288705.9627660001,0.389959,0.30070800008252263,0.00058300001546740532,0.052207999862730503,1.810667,22.113876999999999,0.19045899999999999,2.8058339999999999,0.030624999999999999,24.606460999999999,32.539766000118107,1288681.7459720001,1288681.7465550001
2027,6045,8193,1,1288698.425,1288706.1351409999,1288729.3436429999,0.38266600000000001,0.25491600017994642,0.00029200012795627117,0.01487499987706542,1.8234999999999999,20.836085000000001,0.19629199999999999,2.681,0.024500000000000001,23.294834999999999,30.918642999837175,1288706.431474,1288706.4317660001
2028,6046,8193,1,1288706.757,1288729.3978929999,1288754.1787709999,0.35466700000000001,0.30275000003166497,0.00029199989512562752,0.012541000032797456,1.780626,22.400293999999999,0.19716600000000001,2.657959,0.013417,24.789919999999999,47.421770999906585,1288729.743518,1288729.7438099999
2029,6050,8193,1,1288740.0619999999,1288754.310021,1288778.5854400001,0.48416700000000001,0.34708300000056624,0.00029200012795627117,0.055124999955296516,1.8322499999999999,21.744336000000001,0.20008400000000001,2.6629170000000002,0.030334,24.370211000000001,38.523440000135452,1288754.6996869999,1288754.699979
2030,6053,8193,1,1288765.0900000001,1288778.675856,1288805.5036510001,0.42233300000000001,0.3287090000230819,0.00029199989512562752,2.7311670000199229,1.8249580000000001,21.672294000000001,0.19775000000000001,2.6503760000000001,0.014583,26.879711,40.41365100000985,1288779.0462730001,1288779.046565
2031,6056,8193,1,1288790.075,1288805.6704839999,1288830.2349449999,0.40075,0.27300000004470348,0.00029200012795627117,0.014582999981939793,1.8080419999999999,22.203126999999999,0.19366700000000001,2.7728760000000001,0.015458,24.651085999999999,40.159944999963045,1288805.9846089999,1288805.984901
2032,6059,8193,1,1288815.085,1288830.336445,1288854.7250310001,0.41941600000000001,0.32462499989196658,0.00029200012795627117,0.055124999955296516,1.8200000000000001,21.915251999999999,0.19483300000000001,2.7577090000000002,0.018957999999999999,24.439919,39.640031000133604,1288830.704528,1288830.7048200001
2033,6062,8193,1,1288840.0900000001,1288854.8559890001,1288879.549658,0.46550000000000002,0.33862499985843897,0.00058300001546740532,0.050750000169500709,1.8436250000000001,22.189126999999999,0.19745799999999999,2.7813340000000002,0.016625000000000001,24.779419000000001,39.459657999919727,1288855.2357389999,1288855.2363219999
2034,6065,8193,1,1288865.058,1288879.6424080001,1288904.189952,0.41650100000000001,0.3292920000385493,0,0.054541999939829111,1.8226249999999999,22.074501999999999,0.19220799999999999,2.7008329999999998,0.018082999999999998,24.593336000000001,39.131952000083402,1288880.0134080001,1288880.0134080001
2035,6068,8193,1,1288890.0900000001,1288904.322077,1288928.8179959999,0.44974999999999998,0.32550000003539026,0.00029099988751113415,0.053667000029236078,1.824084,22.023752000000002,0.19716700000000001,2.6766260000000002,0.016333,24.580210000000001,38.727995999855921,1288904.687536,1288904.6878269999
2036,6071,8193,1,1288915.0919999999,1288928.914538,1288955.480707,0.41445799999999999,0.32637499994598329,0.00058300001546740532,2.6999590001069009,1.8147500000000001,21.458794000000001,0.19775000000000001,2.657667,0.013417,26.612836000000001,40.388707000063732,1288929.2820379999,1288929.282621
2037,6074,8193,1,1288940.091,1288955.603499,1288980.4281270001,0.40162500000000001,0.27154200011864305,0.00058300001546740532,0.013125000055879354,1.7788759999999999,22.426544,0.198042,2.6772079999999998,0.024209000000000001,24.913878,40.33712700009346,1288955.9158739999,1288955.916457
2038,6077,8193,1,1288965.0589999999,1288980.5179600001,1289007.152671,0.37945899999999999,0.29137500002980232,0.00029099988751113415,2.7440010001882911,1.801625,21.506043999999999,0.19483400000000001,2.6658339999999998,0.025375000000000002,26.681377999999999,42.093671000096947,1288980.850752,1288980.8510429999
2039,6081,8193,1,1288998.4280000001,1289007.319504,1289031.8711319999,0.44479200000000002,0.28175000008195639,0.00029099988751113415,0.05629199999384582,1.7759590000000001,22.109210000000001,0.19600000000000001,2.876709,0.024209000000000001,24.674710999999999,33.443131999811158,1289007.6412130001,1289007.6415039999
2040,6084,8193,1,1289023.4280000001,1289031.9204229999,1289056.4484260001,0.36312499999999998,0.31120900018140674,0,0.053957999916747212,1.8325419999999999,21.996918999999998,0.19891700000000001,2.7457500000000001,0.025083000000000001,24.536169000000001,33.020426000002772,1289032.275382,1289032.275382
2041,6087,8193,1,1289048.4240000001,1289056.5834679999,1289080.4161370001,0.45033400000000001,0.31820800015702844,0.0002910001203417778,0.055708999978378415,1.8144579999999999,21.314126999999999,0.19716700000000001,2.6821670000000002,0.025375000000000002,23.923378,31.992136999964714,1289056.943093,1289056.9433840001
2042,6088,8193,1,1289056.7609999999,1289080.4639699999,1289105.1036809999,0.371,0.32258300017565489,0,0.054541999939829111,1.792583,22.135169000000001,0.19804099999999999,2.8110840000000001,0.025083999999999999,24.644086000000001,48.342681000009179,1289080.8305949999,1289080.8305949999
2043,6092,8193,1,1289090.091,1289105.2328890001,1289129.599892,0.45529199999999997,0.32870899979025126,0,0.054250000044703484,1.817958,21.843502000000001,0.19716700000000001,2.569,0.023917000000000001,24.452461,39.508891999954358,1289105.602431,1289105.602431
2044,6095,8193,1,1289115.1000000001,1289129.695267,1289156.317728,0.41095799999999999,0.31587500008754432,0,2.5585000000428408,1.8220419999999999,21.591211000000001,0.198042,2.5234999999999999,0.025666999999999999,26.674961,41.217727999901399,1289130.053725,1289130.053725
2045,6099,8193,1,1289148.429,1289156.487186,1289181.020147,0.46550000000000002,0.29808300011791289,0.00029200012795627117,0.055124999955296516,1.8036669999999999,22.046211,0.197459,2.6871260000000001,0.024500000000000001,24.659253,32.591146999970078,1289156.826686,1289156.8269780001
2046,6102,8193,1,1289173.4029999999,1289181.070022,1289205.625149,0.35349999999999998,0.30099999997764826,0,0.054833000060170889,1.825833,22.086169000000002,0.19483300000000001,2.7276669999999998,0.028000000000000001,24.563877000000002,32.222149000037462,1289181.4147719999,1289181.4147719999
2047,6104,8193,1,1289190.094,1289205.7106079999,1289229.940527,0.40920899999999999,0.31966600008308887,0.00058300001546740532,0.013707999838516116,1.800459,21.824252000000001,0.205042,2.6985009999999998,0.0067080000000000004,24.276002999999999,39.84652699995786,1289206.0737330001,1289206.0743160001
2048,6106,8193,1,1289206.7579999999,1289230.0668180001,1289254.580821,0.43254100000000001,0.34270899998955429,0.00029199989512562752,0.050167000154033303,1.833126,21.971252,0.19512499999999999,2.680126,0.014,24.561544000000001,47.822821000125259,1289230.4518180001,1289230.45211
2049,6110,8193,1,1289240.101,1289254.702446,1289279.3847399999,0.42495899999999998,0.29458300000987947,0.0002910001203417778,0.055124999955296516,1.8226249999999999,22.186211,0.19775000000000001,2.6833330000000002,0.024208,24.770961,39.283739999867976,1289255.038738,1289255.0390290001
2050,6113,8193,1,1289265.091,1289279.4809900001,1289306.5065339999,0.387625,0.29312499985098839,0,2.619751000078395,1.8092079999999999,21.975626999999999,0.19570799999999999,2.5853329999999999,0.023625,27.079211000000001,41.415533999912441,1289279.814948,1289279.814948
2051,6117,8193,1,1289298.425,1289306.6748259999,1289330.7688279999,0.467833,0.30595800001174212,0.00029199989512562752,0.055417000083252788,1.806583,21.594418999999998,0.19716700000000001,2.6419169999999998,0.024500000000000001,24.213877,32.343827999895439,1289307.022784,1289307.0230759999
2052,6120,8193,1,1289323.412,1289330.8163699999,1289354.102164,0.373917,0.32754200021736324,0.00029199989512562752,0.051041000057011843,1.8089170000000001,20.768709999999999,0.198625,2.6847919999999998,0.023917000000000001,23.290168999999999,30.690164000028744,1289331.185912,1289331.1862039999
2053,6122,8193,1,1289340.102,1289354.1911220001,1289378.9224169999,0.40920899999999999,0.32258399995043874,0,0.052791999885812402,1.807458,22.219752,0.19658400000000001,2.6961659999999998,0.024792000000000002,24.776795,38.820416999980807,1289354.554831,1289354.554831
2054,6125,8193,1,1289365.0959999999,1289379.0539579999,1289406.1495030001,0.43662499999999999,0.30391700007021427,0.00029199989512562752,2.5841670001391321,1.806,22.106877000000001,0.19716700000000001,2.543625,0.025666999999999999,27.186544999999999,41.053503000177443,1289379.399583,1289379.3998749999
2055,6129,8193,1,1289398.4140000001,1289406.277544,1289429.290338,0.403667,0.2765000001527369,0,0.052791999885812402,1.7762500000000001,20.581461000000001,0.19891700000000001,2.7679170000000002,0.024791000000000001,23.098251999999999,30.876337999943644,1289406.596044,1289406.596044
2056,6130,8193,1,1289406.7590000001,1289429.3477970001,1289454.2117989999,0.35379100000000002,0.30070799984969199,0.00029200012795627117,0.012542000040411949,1.793167,22.421585,0.198042,2.7542080000000002,0.023917000000000001,24.872751999999998,47.452798999845982,1289429.6928379999,1289429.69313
2057,6134,8193,1,1289440.0930000001,1289454.341299,1289479.0615099999,0.43312499999999998,0.30654200003482401,0,0.051916999975219369,1.8194159999999999,22.218876999999999,0.19629199999999999,2.691792,0.025666999999999999,24.806836000000001,38.968509999802336,1289454.6877989999,1289454.6877989999
2058,6137,8193,1,1289465.095,1289479.1589269999,1289503.604388,0.39783299999999999,0.30187500012107193,0.00029199989512562752,0.0096249999478459358,1.8185420000000001,22.018794,0.198625,2.7136670000000001,0.027417,24.500585999999998,38.509388000005856,1289479.5016350001,1289479.501927
2059,6140,8193,1,1289490.0919999999,1289503.7335959999,1289528.037307,0.40658300000000003,0.27912500011734664,0.00029200012795627117,0.055416999850422144,1.777417,21.863043999999999,0.19395799999999999,2.7962090000000002,0.024792000000000002,24.388586,37.945307000074536,1289504.0553039999,1289504.055596
2060,6143,8193,1,1289515.057,1289528.131515,1289551.374142,0.40541700000000003,0.30975000001490116,0.0002910001203417778,0.051333999959751964,1.834001,20.755293999999999,0.19687499999999999,2.7407919999999999,0.032084000000000001,23.295127000000001,36.31714199995622,1289528.484432,1289528.4847230001
2061,6146,8193,1,1289540.102,1289551.4963509999,1289576.1780610001,0.47162500000000002,0.34300000010989606,0.0002910001203417778,0.051042000064626336,1.8334170000000001,22.134585000000001,0.19570799999999999,2.7037499999999999,0.013708,24.765709999999999,36.076061000116169,1289551.8839759999,1289551.884267
2062,6149,8193,1,1289565.094,1289576.258561,1289600.9449390001,0.42233399999999999,0.33308400004170835,0.00029199989512562752,0.054540999932214618,1.824959,22.207794,0.19687499999999999,2.7090000000000001,0.011667,24.732752999999999,35.850939000025392,1289576.6345200001,1289576.634812
2063,6152,8193,1,1289590.0919999999,1289601.082314,1289625.6496910001,0.417958,0.29137500002980232,0.00029200012795627117,0.054541999939829111,1.850333,22.093169,0.19775000000000001,2.767042,0.024500000000000001,24.653127000000001,35.557691000169143,1289601.4145219999,1289601.414814
2064,6155,8193,1,1289615.0919999999,1289625.7450659999,1289649.3829020001,0.36312499999999998,0.27620900003239512,0,0.0096249999478459358,1.8016259999999999,21.229251999999999,0.197459,2.7320419999999999,0.024208,23.683918999999999,34.290902000153437,1289626.062108,1289626.062108
2065,6158,8193,1,1289640.1029999999,1289649.514735,1289674.463613,0.473667,0.33395899995230138,0.00029199989512562752,0.060667000012472272,1.7992919999999999,22.409336,0.19775000000000001,2.706375,0.023625,25.034628000000001,34.360613000113517,1289649.9026520001,1289649.902944
2066,6161,8193,1,1289665.0930000001,1289674.5525710001,1289699.2517820001,0.39870899999999998,0.30887499987147748,0.00029099988751113415,0.053959000157192349,1.8334170000000001,22.174251999999999,0.199792,2.7682090000000001,0.024500000000000001,24.745585999999999,34.158781999954954,1289674.904905,1289674.9051959999
2067,6164,8193,1,1289690.0819999999,1289699.384199,1289724.2814509999,0.44333299999999998,0.31062499992549419,0,0.013416999951004982,1.807167,22.476419,0.19716700000000001,2.6547510000000001,0.034125000000000003,24.987086000000001,34.199450999964029,1289699.737407,1289699.737407
2068,6167,8193,1,1289715.0930000001,1289724.412701,1289748.539079,0.37712499999999999,0.28758400003425777,0.00029200012795627117,0.054833000060170889,1.8340000000000001,21.682210000000001,0.19891700000000001,2.699084,0.013125,24.175086,33.446078999899328,1289724.7411179999,1289724.74141
2069,6170,8193,1,1289740.0819999999,1289748.678204,1289773.2321649999,0.47104099999999999,0.34504100005142391,0.00029200012795627117,0.011375000001862645,1.8141670000000001,22.053794,0.19833300000000001,2.6836250000000001,0.016042000000000001,24.639710999999998,33.150164999999106,1289749.0634949999,1289749.063787
2070,6173,8193,1,1289765.0730000001,1289773.312373,1289797.955292,0.39141700000000001,0.30333300004713237,0,0.051915999967604876,1.7946249999999999,22.164919000000001,0.19745799999999999,2.5456669999999999,0.023917000000000001,24.690169000000001,32.882291999878362,1289773.6565400001,1289773.6565400001
2071,6176,8193,1,1289790.094,1289798.079834,1289822.854295,0.438666,0.31325000012293458,0.00029200012795627117,0.054833000060170889,1.834001,22.244834999999998,0.19425000000000001,2.6422080000000001,0.023917000000000001,24.857294,32.760294999927282,1289798.4353749999,1289798.435667
2072,6179,8193,1,1289815.0930000001,1289822.9482110001,1289847.6832969999,0.41241699999999998,0.31791700003668666,0.00029199989512562752,0.054250000044703484,1.8097920000000001,22.225584999999999,0.19629199999999999,2.6503749999999999,0.023625,24.787586000000001,32.590296999784186,1289823.308128,1289823.3084199999
2073,6182,8193,1,1289840.067,1289847.807547,1289871.180258,0.44216699999999998,0.31674999999813735,0.0002910001203417778,0.054833999834954739,1.827,20.842210000000001,0.19775000000000001,2.6833330000000002,0.024792000000000002,23.455252999999999,31.113257999997586,1289848.1674639999,1289848.1677550001
2074,6183,8193,1,1289848.4280000001,1289871.228966,1289895.726635,0.390542,0.34299999987706542,0.00029099988751113415,0.053375000134110451,1.8045420000000001,21.968627000000001,0.199208,2.7664589999999998,0.025375000000000002,24.502044000000001,47.298634999897331,1289871.6151330001,1289871.615424
2075,6187,8193,1,1289881.77,1289895.862552,1289923.1788880001,0.43166599999999999,0.29750000010244548,0.00029200012795627117,2.6252919998951256,1.817083,22.244835999999999,0.19687499999999999,2.5908760000000002,0.024500000000000001,27.409669000000001,41.408888000063598,1289896.2008849999,1289896.2011770001
2076,6191,8193,1,1289915.0930000001,1289923.3632209999,1289947.637474,0.42787500000000001,0.29750000010244548,0.00029200012795627117,0.055124999955296516,1.79725,21.791294000000001,0.199209,2.6366670000000001,0.024208,24.363503000000001,32.544473999878392,1289923.7021379999,1289923.7024300001
2077,6194,8193,1,1289940.075,1289947.7319740001,1289971.8122680001,0.41649999999999998,0.32491599977947772,0.00029099988751113415,0.055417000083252788,1.8287500000000001,21.539003000000001,0.197459,2.656209,0.024500000000000001,24.129002,31.737268000142649,1289948.099474,1289948.0997649999
2078,6196,8193,1,1289956.7620000001,1289971.9026850001,1289995.9593539999,0.41649999999999998,0.32724999985657632,0,0.051625000080093741,1.8287500000000001,21.524709999999999,0.19775000000000001,2.723875,0.024500000000000001,24.104503000000001,39.19735399982892,1289972.271643,1289972.271643
2079,6199,8193,1,1289981.774,1289996.090604,1290020.955481,0.434583,0.30275000003166497,0.00029199989512562752,0.013999999966472387,1.7955000000000001,22.461252000000002,0.199208,2.6582499999999998,0.034708000000000003,24.954419000000001,39.181481000036001,1289996.4356450001,1289996.435937
2080,6202,8193,1,1290006.7609999999,1290021.0362730001,1290045.2694000001,0.436917,0.3514580000191927,0.0002910001203417778,0.049292000010609627,1.8386670000000001,21.675502000000002,0.19804099999999999,2.7915420000000002,0.013416000000000001,24.277752,38.508400000166148,1290021.428565,1290021.4288560001
2081,6205,8193,1,1290031.77,1290045.3886919999,1290070.3536110001,0.42262499999999997,0.29633300006389618,0.0002910001203417778,0.053958999924361706,1.8278749999999999,22.456586000000001,0.198625,2.7402090000000001,0.024208,25.051252000000002,38.583611000096425,1290045.724984,1290045.7252750001
2082,6208,8193,1,1290056.7609999999,1290070.4489859999,1290094.6191139999,0.394625,0.30275000003166497,0.00029199989512562752,0.054833000060170889,1.8132919999999999,21.667919000000001,0.198625,2.7553749999999999,0.024500000000000001,24.221170000000001,37.85811399994418,1290070.792569,1290070.7928609999
2083,6211,8193,1,1290081.7279999999,1290094.74978,1290119.1768660001,0.458791,0.328125,0.00029199989512562752,0.053375000134110451,1.827291,21.940626999999999,0.19512499999999999,2.6602920000000001,0.024792000000000002,24.514876999999998,37.448866000166163,1290095.12078,1290095.1210719999
2084,6214,8193,1,1290106.764,1290119.2608660001,1290143.984285,0.39987499999999998,0.31266699987463653,0.00029200012795627117,0.013999999966472387,1.8232090000000001,22.248335000000001,0.19366700000000001,2.694709,0.025083000000000001,24.768919,37.220285000046715,1290119.615241,1290119.6155330001
2085,6217,8193,1,1290131.7279999999,1290144.1123269999,1290167.5142039999,0.454708,0.328125,0.00029199989512562752,0.053666000021621585,1.8170839999999999,20.916585000000001,0.19745799999999999,2.6594169999999999,0.032375000000000001,23.486460000000001,35.786204000003636,1290144.482452,1290144.4827439999
2086,6220,8193,1,1290156.7609999999,1290167.646038,1290192.318707,0.38850000000000001,0.29837500001303852,0.00029200012795627117,0.056875000009313226,1.8197080000000001,22.220628000000001,0.198625,2.758292,0.014,24.721668999999999,35.557707000058144,1290167.9858289999,1290167.986121
2087,6223,8193,1,1290181.7609999999,1290192.4543320001,1290219.9372090001,0.46870899999999999,0.33687499980442226,0.00058299978263676167,2.7667500001844019,1.8138749999999999,22.241918999999999,0.19745799999999999,2.6844999999999999,0.014583,27.570961,38.176209000172094,1290192.8349570001,1290192.8355399999
2088,6226,8193,1,1290206.7709999999,1290220.0232510001,1290244.6877540001,0.37829200000000002,0.28670899989083409,0.00029199989512562752,0.054250000044703484,1.8071660000000001,22.186211,0.199209,2.7221250000000001,0.024500000000000001,24.715253000000001,37.916754000121728,1290220.3507930001,1290220.351085
2089,6229,8193,1,1290231.7679999999,1290244.817545,1290269.259506,0.45733299999999999,0.32637499994598329,0.00029099988751113415,0.053959000157192349,1.8325419999999999,21.903586000000001,0.19775000000000001,2.678083,0.023916,24.529751999999998,37.491506000049412,1290245.187379,1290245.1876699999
2090,6232,8193,1,1290256.7250000001,1290269.353714,1290295.0620919999,0.39200000000000002,0.29954200005158782,0.00029199989512562752,2.6845000002067536,1.8138749999999999,20.575043999999998,0.20125000000000001,2.6506669999999999,0.024208,25.759710999999999,38.337091999826953,1290269.694381,1290269.6946729999
2091,6235,8193,1,1290281.7520000001,1290295.195384,1290319.3681359999,0.436917,0.30479099997319281,0.00029199989512562752,0.052792000118643045,1.8089170000000001,21.679002000000001,0.19833300000000001,2.7040419999999998,0.024500000000000001,24.262877,37.616135999793187,1290295.5421750001,1290295.542467
2092,6238,8193,1,1290306.76,1290319.4629279999,1290343.809805,0.41183399999999998,0.31674999999813735,0.0002910001203417778,0.013416999951004982,1.801042,21.927793999999999,0.19570899999999999,2.6212089999999999,0.034416000000000002,24.399668999999999,37.049804999958724,1290319.8219699999,1290319.8222610001
2093,6241,8193,1,1290331.763,1290343.98218,1290367.2017659999,0.42320799999999997,0.2948749999050051,0.00029200012795627117,0.054832999827340245,1.8214589999999999,20.778334999999998,0.19658300000000001,2.6748750000000001,0.014,23.306501999999998,35.438765999861062,1290344.3181799999,1290344.3184720001
2094,6244,8193,1,1290356.7609999999,1290367.3012240001,1290391.5361019999,0.42116700000000001,0.32841699989512563,0.0002910001203417778,0.055124999955296516,1.810959,21.770002000000002,0.19658300000000001,2.777542,0.014,24.285043999999999,34.775101999985054,1290367.671933,1290367.6722240001
2095,6247,8193,1,1290381.7549999999,1290391.70031,1290416.393104,0.45995900000000001,0.32841700012795627,0.00058300001546740532,0.05629199999384582,1.8237920000000001,22.208960000000001,0.19570799999999999,2.7676249999999998,0.01225,24.780294999999999,34.638104000128806,1290392.0724770001,1290392.0730600001
2096,6250,8193,1,1290406.7620000001,1290416.4934380001,1290443.72169,0.43924999999999997,0.34766600001603365,0.00029199989512562752,2.6118750001769513,1.806875,22.141293999999998,0.19629099999999999,2.5284589999999998,0.013709000000000001,27.277836000000001,36.959689999930561,1290416.883104,1290416.8833959999
2097,6253,8193,1,1290431.7239999999,1290443.8377739999,1290468.379776,0.42845800000000001,0.30566600011661649,0.00029200012795627117,0.052207999862730503,1.7803340000000001,22.071002,0.19891700000000001,2.8177919999999999,0.024500000000000001,24.624251999999998,36.65577600011602,1290444.183982,1290444.1842740001
2098,6256,8193,1,1290456.7509999999,1290468.473984,1290492.9092369999,0.40016699999999999,0.30654200003482401,0.00029099988751113415,0.055708999978378415,1.8188329999999999,21.926335999999999,0.19716600000000001,2.6392920000000002,0.024208,24.488336,36.158236999996006,1290468.821068,1290468.8213589999
2099,6259,8193,1,1290481.763,1290493.034945,1290517.1756140001,0.47249999999999998,0.3462090000975877,0.00029200012795627117,0.057166999904438853,1.8211660000000001,21.633210999999999,0.19950000000000001,2.6594169999999999,0.027125,24.222919000000001,35.412614000029862,1290493.4251949999,1290493.425487
